material,temperature_c,dwell_min,length_factor,width_factor,sleeve_factor
PES,138.7,1.48,0.9968,0.9964,1.0016
PES,145.0,17.95,0.9944,0.9981,0.994
PES,67.2,10.6,0.9948,0.9966,1.0011
PES,122.6,5.19,1.0,1.0024,0.9943
PES,167.0,14.26,0.9968,0.9953,1.0032
PES,87.2,2.76,0.9955,1.0031,1.0006
PES,167.2,14.86,0.9987,1.0034,0.9974
PES,123.8,16.76,1.0,1.0027,0.9998
PES,149.8,1.87,0.9962,0.997,0.9949
PES,69.6,2.92,0.9974,1.0011,0.9984
PES,92.9,4.98,0.9971,1.0039,1.001
PES,133.6,4.25,1.0013,0.9958,0.998
PES,198.2,13.16,0.9986,1.0003,1.0017
PES,161.9,5.35,0.994,0.9971,0.9966
PES,65.9,18.92,1.0031,0.9976,1.0009
PES,97.3,18.38,0.9986,0.9969,0.9966
PES,125.4,5.99,0.9999,1.0032,0.9982
PES,67.3,19.95,0.9994,0.9954,0.9948
PES,48.6,12.92,1.0025,0.9989,0.9953
PES,94.9,19.93,0.9993,1.004,1.0028
PES,32.0,14.69,1.0015,1.0002,0.9974
PES,139.0,3.12,0.9983,0.9987,1.0037
PES,178.9,6.0,0.9984,0.9955,1.0028
PES,178.0,6.67,0.9998,0.9998,0.9952
PES,159.6,11.25,1.0013,0.9991,0.9938
PES,85.1,1.37,1.0038,1.0034,1.0029
PES,82.3,2.1,1.0033,1.0041,0.9955
PES,112.6,2.32,1.0019,1.0021,0.9957
PES,110.8,11.45,0.9967,1.003,0.9984
PES,66.0,11.25,1.0018,0.9966,0.9977
PES,199.2,13.35,0.9974,0.9986,0.9945
PES,68.2,7.42,1.0005,0.997,0.9968
PES,42.1,12.99,0.9969,1.0038,1.0033
PES,42.0,5.52,1.0015,0.997,0.9962
PES,189.0,11.85,0.9979,1.0014,1.0015
PES,62.4,2.84,0.999,0.999,0.9994
PES,153.9,13.79,1.0034,0.9948,0.9978
PES,87.7,17.37,0.9967,0.9963,0.9988
PES,101.7,6.29,0.9968,1.0037,0.9988
PES,176.4,11.46,0.9938,1.0037,1.002
PES,194.7,18.6,1.0014,0.995,0.9981
PES,66.3,8.62,0.9951,0.9984,1.0045
PES,75.1,15.9,0.9989,0.9987,1.004
PES,199.2,11.56,1.0002,0.995,0.9963
PES,194.7,12.0,0.9985,1.001,0.994
PES,129.3,10.55,1.0024,0.9957,1.0037
PES,43.6,4.53,1.0008,1.0016,0.9972
PES,50.4,17.92,0.997,1.0006,1.0007
PES,101.3,12.09,0.9994,1.0037,0.9963
PES,151.8,5.54,0.9977,1.0007,0.997
PES,83.8,15.29,0.995,0.999,1.0043
PES,199.3,2.39,0.9954,0.9963,1.0029
PES,179.7,17.71,0.9968,0.9951,1.0017
PES,149.6,12.62,1.0035,1.0004,0.9939
PES,168.9,6.69,1.0002,1.0032,0.9951
PES,49.6,3.03,1.0003,0.9976,1.0009
PES,152.0,4.87,1.0001,0.9967,0.9989
PES,183.9,17.08,0.994,0.9977,0.9961
PES,30.6,15.65,1.0011,0.9974,1.0021
PES,123.8,9.13,0.9941,0.9949,1.003
PES,183.7,11.37,1.0016,0.9994,0.995
PES,51.7,6.86,1.0037,1.0027,1.0034
PES,182.8,4.99,0.9959,0.9948,1.0015
PES,180.3,8.72,0.9996,0.9952,1.0029
PES,177.0,19.55,1.0012,1.0023,0.9936
PES,155.2,7.31,1.003,1.002,1.0025
PES,167.8,6.07,1.0014,0.9949,1.0025
PES,176.0,5.23,1.0017,0.9984,0.9968
PES,165.2,5.32,0.9939,0.9958,0.9971
PES,176.9,19.37,0.9959,0.9999,0.9974
PES,196.8,11.19,1.0025,0.9946,1.0031
PES,60.4,19.29,0.997,0.9956,0.9988
PES,153.9,6.96,0.9998,0.9991,0.9978
PES,128.0,5.84,1.0011,0.9942,1.0034
PES,121.5,14.67,1.0013,1.0008,0.9977
PES,41.9,13.62,0.9979,0.9979,1.0031
PES,152.4,6.71,0.9968,0.9981,0.998
PES,80.3,3.42,0.9988,1.004,1.0014
PES,183.5,12.69,0.9962,0.9991,0.9935
PES,78.8,9.17,1.0002,1.0011,0.9992
PES,105.2,5.06,0.999,1.0034,1.0024
PES,58.8,2.61,0.9999,1.0011,0.9981
PES,169.1,15.27,1.0001,0.9959,0.9956
PES,34.2,5.65,0.9996,1.0034,0.9956
PES,100.5,12.97,0.9961,1.0013,0.9992
PES,71.5,13.47,0.9945,1.002,1.0022
PES,48.1,9.08,0.9965,1.0043,0.9999
PES,38.5,5.73,1.0033,0.9994,1.0029
PES,143.5,19.77,0.9995,1.0033,1.0026
PES,134.2,14.67,0.9988,1.0023,0.9994
PES,182.5,15.13,0.9979,0.9961,0.9959
PES,138.4,15.55,0.9989,1.0002,0.9966
PES,43.2,6.43,0.9975,0.998,1.0002
PES,53.5,5.39,1.0017,1.0018,0.9954
PES,99.3,11.31,0.9984,0.9964,0.9985
PES,183.8,12.1,1.0002,1.0022,1.0012
PES,94.7,1.11,0.998,1.0021,1.0031
PES,192.1,8.96,1.0007,0.999,0.9995
PES,67.5,5.17,0.999,0.995,0.998
PES,145.5,8.68,0.9954,0.9987,0.9952
PES,135.8,1.51,0.998,0.9999,0.9945
PES,139.3,3.58,0.9986,0.9947,0.9979
PES,66.0,7.21,1.0022,0.9985,1.0022
PES,171.4,5.79,0.9944,0.994,0.9992
PES,200.0,7.65,0.9996,1.0013,1.0
PES,158.2,19.04,0.9954,0.9939,0.9951
PES,51.5,13.72,1.0002,0.9968,1.0016
PES,160.4,4.19,0.9998,1.0014,0.9951
PES,169.3,19.33,0.9943,0.9938,0.9966
PES,145.1,19.21,0.9975,1.001,0.9945
PES,147.4,12.92,0.9947,1.0016,1.0024
PES,132.1,3.3,1.0039,1.002,0.9977
PES,102.8,8.04,0.9993,0.9978,1.0028
PES,169.8,3.01,1.0032,1.0002,1.0022
PES,150.2,9.27,1.001,1.0036,0.9966
PES,167.4,11.23,0.9983,0.9981,1.001
PES,75.6,17.18,1.0026,0.9953,1.0032
PES,71.5,9.83,1.0006,0.9984,0.9948
PES,174.7,4.45,0.9957,1.0018,0.9972
PES,179.7,14.32,0.996,0.9937,1.003
PES,44.6,14.68,0.9995,1.0023,1.0015
PES,139.8,10.33,1.0017,0.995,0.9962
PES,147.6,6.82,0.9996,0.9988,0.9993
PES,102.3,15.17,0.9974,1.0013,0.9969
PES,72.7,3.29,0.9965,0.9959,1.0
PES,159.6,4.52,0.9959,0.9988,1.0012
PES,196.0,10.97,0.9959,0.9945,0.9953
PES,68.7,4.41,0.9948,1.0,0.9974
PES,195.6,11.51,1.0,0.9947,1.0021
PES,113.4,17.58,0.9997,0.9988,0.9985
PES,61.3,1.98,1.0042,0.9996,1.003
PES,98.1,2.41,1.0007,0.995,0.996
PES,125.7,6.77,1.004,0.9954,1.0018
PES,133.1,16.02,0.996,0.9992,0.9984
PES,105.3,17.34,1.0039,0.9973,1.0003
PES,133.6,15.06,1.0032,0.9961,0.996
PES,142.3,3.98,0.9957,0.9949,0.9941
PES,106.6,12.28,0.997,0.9966,1.0013
PES,149.5,9.63,1.0006,1.0032,1.0018
PES,136.3,13.56,1.0031,0.9983,0.9994
PES,140.1,18.26,1.0019,0.9946,0.9955
PES,82.3,15.23,1.0,0.9973,0.9956
PES,147.1,14.29,1.003,0.9989,0.9988
PES,43.7,1.76,0.9992,0.9981,0.9974
PES,45.5,19.28,1.0029,1.0004,1.004
PES,199.9,13.77,0.9956,0.9938,1.0008
PES,110.0,13.38,1.0032,0.9961,1.0
PES,137.9,10.34,0.9947,0.9975,0.9973
PES,143.9,17.3,0.9969,1.0008,0.9967
PES,190.7,16.46,0.9985,0.998,0.9965
PES,85.0,19.43,0.9982,0.9995,1.0041
PES,141.8,11.31,0.9979,0.9959,0.9976
PES,158.6,12.88,1.0011,0.9959,0.9992
PES,187.7,9.32,1.0002,0.9948,1.0033
PES,133.5,5.55,0.9956,0.9997,0.9997
PES,45.8,19.85,1.0036,0.9992,0.9957
PES,171.5,10.47,1.0006,0.9988,0.9964
PES,171.9,19.62,0.9956,0.9991,0.9973
PES,186.7,10.66,1.002,1.0022,0.9963
PES,164.3,8.88,1.0029,0.9989,1.002
PES,78.1,6.67,1.0004,1.0046,0.9995
PES,55.3,11.23,0.998,1.0002,1.0001
PES,107.4,7.11,0.9961,1.0013,1.0001
PES,69.7,15.74,0.9948,1.002,1.0015
PES,167.9,8.34,1.0002,1.002,1.0036
PES,114.2,1.7,0.9993,1.0003,1.0031
PES,178.6,9.37,0.9986,0.9983,1.0009
PES,99.7,13.44,0.9957,0.999,1.0039
PES,87.6,14.16,1.0007,1.0029,1.0029
PES,176.1,8.22,0.9966,1.0009,1.0013
PES,178.3,1.68,0.9942,1.0001,1.003
PES,199.6,15.19,0.9973,0.9943,0.9996
PES,178.3,9.43,1.0003,1.0027,0.9941
PES,165.3,6.57,0.9973,0.9953,0.9991
PES,126.2,16.06,0.9955,0.9948,1.0027
PES,135.4,5.58,1.0031,0.9956,0.9987
PES,73.2,5.85,0.9947,1.0027,1.0036
PES,145.2,4.0,0.9983,0.9976,1.0
PES,138.6,9.06,0.9963,1.0025,0.996
PES,95.4,10.18,0.9966,1.0001,1.0001
PES,198.8,6.61,1.0029,1.0001,0.9962
PES,126.2,14.03,1.0013,0.9946,1.0001
PES,114.4,18.18,0.9968,1.0021,1.0001
PES,89.9,13.1,1.0005,1.0012,1.0016
PES,142.1,16.93,0.9999,1.0029,1.0003
PES,82.5,9.38,1.0002,1.0018,0.9954
PES,80.2,15.2,0.9961,0.9958,0.9998
PES,195.2,11.09,1.0022,1.0018,0.996
PES,170.2,10.16,1.0015,1.0012,0.9971
PES,49.6,19.29,0.9959,1.0043,1.0031
PES,153.1,19.62,1.0031,1.0018,0.9973
PES,164.4,1.26,0.9991,0.9985,1.0007
PES,144.3,12.11,1.0019,1.0034,0.995
PES,69.7,1.48,1.0035,1.0003,1.0039
PES,67.6,2.2,1.0029,1.0038,0.9978
PES,99.4,3.66,1.0038,0.9975,0.9994
PES,46.5,17.86,0.9959,0.9992,1.0013
PES,156.3,18.97,0.9976,1.0011,0.9952
PES,100.5,2.88,0.9993,0.9986,1.004
PES,35.6,8.04,0.9992,1.0044,1.0034
PES,46.9,14.03,1.0,1.0045,0.9982
PES,97.7,4.61,0.9956,1.003,0.999
PES,142.7,13.19,0.9997,0.9942,1.0018
PES,71.4,3.39,1.0003,0.9954,1.0023
PES,65.2,5.1,1.0033,0.998,0.9962
PES,183.1,1.05,1.0021,0.9952,0.9951
PES,72.6,4.32,1.0012,0.9949,0.9948
PES,164.3,5.52,0.9969,0.9956,0.9944
PES,156.1,11.0,1.001,0.9986,1.0016
PES,117.3,3.07,0.9992,1.0038,0.9948
PES,163.1,17.47,0.9986,0.9983,1.0032
PES,40.3,10.1,0.9987,1.0017,0.9997
PES,184.6,2.4,0.9943,0.9998,0.9944
PES,76.8,13.03,0.9999,0.9978,1.0044
PES,120.2,9.62,1.0001,0.9952,1.0012
PES,175.0,13.37,1.001,1.0009,0.9957
PES,106.8,5.34,0.9976,0.9989,0.9985
PES,46.2,9.11,1.0014,0.9985,0.9963
PES,186.9,2.28,1.0018,0.9947,0.9947
PES,155.6,16.42,0.999,0.9996,0.9993
PES,86.0,3.32,0.998,1.0012,1.0021
PES,177.6,14.7,1.0029,0.9996,0.997
PES,128.2,5.04,1.0006,0.9965,0.9953
PES,173.7,7.98,1.0011,0.9995,1.0018
PES,173.7,19.52,1.0013,0.9997,0.9998
PES,34.5,18.65,1.0029,0.9974,0.9964
PES,149.5,6.87,0.9972,0.9941,1.0027
PES,126.3,8.61,0.9954,1.0005,0.9944
PES,156.8,5.09,0.9979,0.9974,0.9976
PES,152.7,15.76,0.9992,0.9947,0.9943
PES,56.8,12.74,1.0013,0.9974,1.0012
PES,112.6,9.4,0.9968,1.0018,0.9954
PES,103.1,6.38,1.0011,0.9993,1.0011
PES,37.7,8.51,1.0008,0.9949,0.9978
PES,65.9,3.61,0.9972,0.998,0.9948
PES,157.0,4.34,0.9975,1.001,0.999
PES,171.7,16.32,0.994,1.0022,0.9939
PES,33.2,18.5,1.0032,1.0005,1.0004
PES,150.6,8.94,0.9949,0.9942,0.9972
PES,166.2,12.74,1.0017,1.0029,0.9946
PES,173.6,5.62,0.9994,0.999,0.9977
PES,82.7,7.45,0.9978,0.9962,0.9996
PES,49.4,10.69,1.0037,0.9982,1.002
PES,169.2,16.49,0.9957,0.9951,0.9955
PES,132.4,15.44,1.0003,0.9958,1.0017
PES,114.0,15.33,1.0016,0.9987,1.0033
PES,126.0,13.07,1.0001,1.0028,1.0003
PES,55.7,2.3,0.9992,0.9978,0.9976
PES,39.5,10.64,0.9978,0.9993,0.9953
PES,171.4,2.46,1.0023,1.0024,1.0
PES,116.2,9.79,0.9996,1.0022,1.0032
PES,106.5,16.39,1.0005,0.9974,0.9989
PES,55.6,2.18,0.9958,1.0038,0.9983
PES,151.4,10.59,0.9954,0.9964,0.9982
PES,104.7,10.93,0.9957,0.998,0.9971
PES,99.5,7.43,1.0003,1.0023,1.0009
PES,41.2,2.8,1.0017,0.9977,1.0021
PES,141.6,18.22,1.0023,0.9972,0.9996
PES,54.0,7.65,1.0044,1.0017,0.9986
PES,131.2,18.82,0.9968,0.9977,1.0018
PES,168.2,13.73,1.0017,1.0011,1.0005
PES,119.5,13.27,0.9982,0.9978,0.9977
PES,60.6,5.07,1.0042,0.9996,0.997
PES,53.4,2.47,1.0032,0.9958,1.0025
PES,172.0,17.79,0.9936,0.997,1.0011
PES,52.3,8.16,0.9963,1.0031,1.0024
PES,167.5,4.15,0.998,0.998,1.0006
PES,70.4,9.44,0.9974,1.0021,0.9991
PES,120.8,6.88,1.0022,0.9989,1.0026
PES,92.5,19.0,1.0039,0.9989,0.997
PES,94.9,11.02,1.0039,1.0026,1.0024
PES,53.5,5.75,1.0011,1.0035,1.0003
PES,47.4,17.07,1.003,0.9975,1.0022
PES,76.4,18.2,0.9957,0.9988,1.0038
PES,67.7,9.57,0.998,0.9949,0.9951
PES,115.3,5.48,1.0041,0.9981,0.9946
PES,188.2,16.94,0.9995,1.0014,0.9947
PES,78.8,16.77,1.0012,0.9958,1.0014
PES,106.3,1.1,0.9952,0.997,1.0028
PES,123.3,14.82,0.9992,0.9952,0.9969
PES,81.2,1.91,0.9988,1.0026,0.9992
PES,48.8,18.2,1.0005,0.9948,0.9997
PES,71.1,3.73,0.9989,1.0008,0.9971
PES,100.8,13.62,0.995,1.0041,0.9949
PES,119.4,10.64,1.0039,0.9997,0.9981
PES,109.9,13.08,1.0039,0.9968,0.9943
PES,164.0,7.55,1.0009,1.0001,1.0015
PES,155.0,7.32,0.9941,0.9994,1.002
PES,59.8,15.8,0.9991,1.0015,1.0008
PES,168.0,2.2,1.0014,0.9985,0.9968
PES,37.4,4.79,0.9953,1.0042,1.0
PES,198.2,11.32,0.9956,1.001,0.9953
PES,90.7,15.84,1.0028,0.9977,0.9955
PES,92.6,17.9,1.0016,1.0033,0.9981
PES,195.5,10.43,0.9981,1.0027,0.9986
PES,166.2,14.81,0.9942,0.9997,1.0018
PES,122.7,7.1,0.9949,1.0008,0.9973
PES,132.4,9.1,1.0008,0.9976,0.9945
PES,177.9,7.7,1.0034,0.9965,1.0035
PES,191.1,2.43,0.9998,0.9973,1.0017
PES,145.5,19.1,0.9949,0.9999,1.0015
PES,35.9,2.28,1.0027,0.9986,0.9988
PES,126.4,12.5,1.0007,1.0036,0.9978
PES,159.7,11.9,0.9988,0.9978,1.0003
PES,72.4,3.16,1.002,0.9997,0.9986
PES,125.5,5.97,0.9967,0.9987,1.0042
PES,78.5,18.41,0.9992,0.9956,1.0028
PES,106.8,18.07,0.9984,0.9951,1.0009
PES,173.7,7.07,0.997,0.9944,0.9992
PES,181.5,17.18,1.0002,1.0028,0.9998
PES,164.9,10.67,0.9947,0.9958,0.9951
PES,164.4,1.5,0.9993,0.9977,1.002
PES,123.8,12.63,0.9948,0.9972,1.0041
PES,152.2,10.99,1.0013,1.0021,0.9946
PES,195.3,13.2,0.9975,1.0002,0.9968
PES,179.3,15.82,0.9996,0.9954,1.0031
PES,103.5,18.3,0.9946,0.9955,0.9956
PES,58.0,7.13,1.0018,0.9982,1.0041
PES,182.1,17.07,0.9956,0.9999,0.9989
PES,51.3,6.75,1.0001,0.9998,0.9964
PES,190.1,3.93,0.9999,1.0009,0.9997
PES,173.2,11.71,1.0016,0.994,0.9941
PES,139.0,11.96,1.0003,1.0017,0.9981
PES,138.6,10.46,1.0001,0.9969,1.0036
PES,112.1,16.29,1.0008,0.9971,0.9948
PES,40.2,9.35,0.9996,0.9968,1.0008
PES,83.1,14.65,1.0016,1.003,1.0041
PES,52.2,8.04,1.0003,0.9979,0.9994
PES,75.5,5.71,0.9955,0.9975,0.9984
PES,134.6,5.72,1.0026,0.9958,0.9974
PES,128.2,6.94,1.0016,0.9992,0.9993
PES,114.8,6.86,0.9944,1.0038,0.9993
PES,194.3,5.09,0.9968,0.9941,0.9985
PES,180.0,13.43,0.9979,0.999,1.002
PES,103.3,17.77,1.0013,1.0019,0.9978
PES,98.1,11.84,0.9961,0.9999,0.995
PES,115.7,15.52,0.9967,1.004,1.0009
PES,50.2,19.53,0.9984,1.0025,0.9979
PES,189.6,15.34,0.995,0.9986,0.9984
PES,37.7,3.6,0.9982,0.9997,0.9995
PES,133.1,10.79,0.9971,1.0002,0.9957
PES,198.4,15.05,0.9959,0.9967,1.0015
PES,120.5,14.47,0.9969,1.0023,0.9977
PES,144.5,19.62,0.9994,1.0018,1.001
PES,147.0,1.51,0.9987,1.0038,1.0019
PES,161.9,11.98,1.0007,0.9996,0.9954
PES,136.9,12.77,1.0022,0.9955,1.0008
PES,35.4,19.02,0.9957,0.9949,0.9977
PES,55.7,14.12,0.9986,1.0024,1.0038
PES,178.4,14.98,0.9938,0.995,0.9956
PES,85.3,13.58,0.9995,0.9976,0.9961
PES,185.1,7.5,0.9969,1.0014,1.0008
PES,139.4,14.17,0.9998,0.9959,0.9964
PES,124.9,5.27,1.0038,0.9972,0.9971
PES,65.2,14.39,0.9976,0.9981,1.0038
PES,165.2,6.2,0.9948,1.0006,0.9976
PES,196.6,16.55,1.0025,1.0014,0.9961
PES,78.9,14.57,0.9978,0.9989,0.997
PES,111.4,4.84,0.9996,1.0037,1.0013
PES,53.3,12.7,1.0004,0.9971,1.0013
PES,120.3,13.12,0.9945,0.9983,1.0013
PES,47.1,15.64,0.9946,1.0002,1.0039
PES,99.2,18.77,1.0028,0.999,0.9961
PES,193.9,7.1,0.9997,1.0027,0.9944
PES,127.6,11.17,1.0011,1.0035,1.0032
PES,59.8,17.76,0.9962,1.0037,1.0044
PES,97.5,10.41,1.0036,1.004,1.0036
PES,179.0,1.18,0.9992,0.9949,1.0037
PES,78.4,19.79,0.9996,0.9993,1.0037
PES,174.7,9.89,0.9953,0.9948,0.9953
PES,108.0,5.89,0.9961,1.0017,1.0023
PES,126.5,15.39,0.9956,1.0026,1.003
PES,170.6,10.79,0.9943,1.0004,0.9955
PES,53.9,7.15,0.9972,0.9974,0.9971
PES,158.1,19.13,0.9964,1.0009,0.9937
PES,141.1,14.16,0.9943,0.9951,0.9969
PES,98.9,10.55,1.0032,1.0014,0.9974
PES,50.0,18.41,0.9974,1.0008,0.9967
PES,52.7,3.91,1.0022,1.0009,0.999
PES,123.4,9.95,0.9994,1.0008,0.9963
PES,72.1,15.34,1.0031,0.9953,0.9989
PES,149.6,2.48,0.9995,0.9947,0.9995
PES,115.9,11.88,0.9955,0.9975,0.9994
PES,49.8,4.9,1.0006,0.9957,0.9999
PES,167.5,9.62,0.9986,0.9984,0.9943
PES,108.6,16.33,1.0012,0.9982,1.0023
PES,156.8,11.99,0.994,0.9973,0.9944
PES,199.0,18.76,0.9935,1.0026,0.9935
PES,99.5,15.61,1.0018,1.0041,1.0007
PES,101.5,19.86,0.9978,1.0029,1.0032
PES,93.9,13.97,1.0008,0.9998,1.0008
PES,89.1,4.39,0.9998,0.9998,1.0018
PES,67.9,1.07,0.9949,0.9977,1.0015
PES,122.6,11.11,1.0022,0.9966,0.9976
PES,76.9,18.81,1.0015,0.9955,1.0024
PES,101.3,15.56,1.0029,0.9944,0.9963
PES,47.2,1.64,1.0008,1.0019,0.9954
PES,155.9,8.64,0.996,0.9961,1.0025
PES,39.6,10.57,0.9976,1.003,1.0021
PES,84.2,12.36,1.001,0.9977,0.9974
PES,54.4,13.54,0.9968,0.9977,0.9952
PES,191.2,17.71,1.0021,0.9997,0.9975
PES,114.3,19.47,1.0033,1.0008,1.0019
PES,84.2,8.91,0.9959,0.9983,1.002
PES,110.5,17.14,0.997,1.0012,1.0021
PES,185.5,11.69,1.0029,0.9991,0.9948
PES,71.3,4.86,1.0011,1.0039,1.0031
PES,45.7,14.77,0.9965,0.9974,1.0014
PES,132.5,17.6,0.9956,1.0016,1.0011
PES,125.0,10.11,1.0027,0.9975,1.0037
PES,32.6,18.81,1.0042,0.9959,1.0046
PES,111.4,5.61,1.0003,0.9964,1.0035
PES,123.9,15.73,0.9977,0.9994,0.9976
PES,74.5,10.74,0.9994,0.9955,1.0043
PES,109.8,16.95,1.0031,0.9979,0.9982
PES,125.6,5.2,0.9955,0.9969,1.0036
PES,128.5,8.93,0.9955,0.9975,0.9979
PES,171.7,10.49,1.0,1.0006,0.9962
PES,169.7,19.36,0.9996,0.9985,0.9951
PES,165.1,4.22,1.0009,0.9988,1.0031
PES,122.2,13.19,0.9945,0.9945,1.0025
PES,190.7,13.7,1.0007,0.9976,1.0018
PES,69.3,14.44,0.9945,0.9996,0.9982
PES,135.0,13.67,0.9999,0.9989,0.9988
PES,31.1,11.48,0.9949,1.0001,0.9975
PES,196.2,1.33,1.0015,1.0004,1.0017
PES,184.7,3.03,0.9944,0.9952,0.9956
PES,119.5,16.49,0.9965,0.9981,0.9978
PES,99.0,11.74,1.0041,0.9966,1.0011
PES,174.1,13.42,1.0019,1.0013,0.9945
PES,94.5,11.5,0.9948,0.9945,0.9961
PES,115.0,9.24,1.0019,0.9999,1.0028
PES,46.2,11.04,0.9951,0.9969,1.0034
PES,180.9,10.03,0.9938,0.9944,1.0028
PES,182.9,11.71,0.9936,1.0029,0.9967
PES,193.4,12.15,1.0006,1.0006,0.9974
PES,43.1,4.09,0.9972,1.0032,0.9987
PES,182.4,7.3,1.0009,0.9951,1.0035
PES,153.1,10.52,1.0034,0.9944,0.9982
PES,172.6,7.47,1.0012,1.0033,0.9977
PES,161.5,1.56,0.9965,1.0039,0.9989
PES,90.5,18.88,0.9984,1.0011,1.0008
PES,44.6,12.75,1.0026,1.0019,0.9955
PES,56.2,14.52,1.0009,1.002,0.9977
PES,48.1,1.1,0.9979,0.9985,0.9976
PES,52.5,4.56,0.9992,1.0003,0.9989
PES,34.5,7.72,0.9958,1.0009,0.9981
PES,95.5,6.55,0.9982,0.9953,1.0035
PES,183.9,19.59,0.9987,0.9951,0.9971
PES,53.6,6.72,0.9996,0.9954,0.9991
PES,101.6,10.2,0.995,0.9969,0.9968
PES,136.3,12.28,0.9957,0.9951,0.997
PES,191.3,7.31,0.9994,1.0016,0.9968
PES,86.9,16.49,1.0028,1.0041,0.9957
PES,84.5,19.0,0.9962,0.9975,1.0039
PES,194.7,6.54,1.0002,0.9985,0.9993
PES,71.2,8.15,1.0027,0.9985,0.9957
PES,125.9,12.25,0.9994,1.0009,0.9996
PES,192.0,9.77,1.0003,0.9979,0.9964
PES,147.8,16.56,1.0015,0.9979,0.9988
PES,137.7,5.6,1.0005,1.0013,1.002
PES,42.6,19.82,0.9993,0.9986,0.9996
PES,186.5,14.14,0.9986,1.0014,0.997
PES,182.2,11.2,0.9996,0.9945,1.0012
PES,141.8,7.75,1.0003,0.9945,1.0039
PES,145.2,8.59,1.0013,1.0037,0.9983
PES,31.8,5.92,1.0,1.0001,1.0007
PES,127.8,9.47,0.9979,1.0019,1.0
PES,115.1,7.55,0.9944,0.9953,0.9984
PES,193.5,3.21,1.0027,0.9951,0.9967
PES,107.4,4.93,0.9991,0.9992,0.9988
PES,148.4,7.06,0.9968,1.0021,0.9951
PES,174.4,13.31,1.0001,0.9953,1.0034
PES,71.5,4.31,0.9962,1.0003,1.0042
PES,69.4,8.7,0.9964,1.001,0.9989
PES,35.0,12.67,0.9967,1.0007,0.9986
PES,149.8,4.91,1.0013,1.0021,0.9946
PES,47.3,17.57,0.9964,0.9979,0.9991
PES,74.6,17.39,0.9996,1.0008,1.0003
PES,133.9,12.15,0.9973,1.0025,1.0002
PES,168.3,14.41,0.9963,0.9998,0.9945
PES,52.8,3.24,0.9978,0.9967,1.0017
PES,116.8,8.95,0.9955,0.9981,0.9961
PES,138.0,14.18,1.0002,1.004,0.9995
PES,113.2,3.67,0.9974,0.9989,0.9949
PES,91.0,1.18,0.9959,1.0027,1.0042
PES,115.9,10.4,1.0009,0.9984,1.0026
PES,113.1,2.57,0.9946,1.002,0.9973
PES,76.7,11.21,0.9961,0.9991,1.0019
PES,160.2,11.44,0.9947,0.995,1.0015
PES,170.0,7.97,1.0017,0.9942,1.0009
PES,122.9,19.81,0.9948,1.0023,1.0014
PES,80.6,19.99,0.9987,0.9978,1.0024
PES,104.6,19.89,1.0017,0.9965,1.0022
PES,129.9,7.66,1.0011,1.0005,0.9958
PES,53.7,4.93,0.9968,0.9954,0.9983
PES,77.8,11.24,0.9976,1.0016,0.9974
PES,75.4,17.3,1.0041,1.0012,0.9953
PES,193.7,15.93,1.0022,1.0033,1.002
PES,51.6,17.46,0.997,1.0017,1.0028
PES,159.5,13.85,0.9984,0.9996,0.9964
PES,100.4,9.59,1.0006,1.0032,0.9953
PES,117.7,6.29,1.0035,0.998,1.0038
PES,85.6,1.05,1.0023,1.002,1.0019
PES,107.9,13.62,0.9976,0.9949,0.9995
PES,67.0,9.16,0.9967,0.9973,1.0029
PES,87.4,11.98,1.0,0.9993,0.9978
PES,146.0,1.92,0.9949,1.002,0.9987
PES,51.1,17.3,0.9989,0.9946,1.0041
PES,64.4,14.08,0.9958,1.0011,0.9961
PES,188.6,6.21,0.9999,0.9962,0.9973
PES,183.6,4.14,0.9974,0.9968,1.0007
PES,69.8,13.45,1.0015,0.9946,0.9993
PES,52.6,5.3,1.0015,0.9949,1.0017
PES,168.9,19.77,0.9974,0.9949,0.9942
PES,95.1,14.88,0.9952,0.9975,1.0031
PES,53.3,15.7,1.002,0.996,1.0045
PES,54.3,11.08,0.9947,1.0012,0.999
PES,152.8,12.93,0.9951,0.998,1.0007
PES,176.2,2.65,0.9946,1.0014,0.9997
PES,95.3,19.3,0.9972,0.9957,0.9969
PES,44.3,11.51,1.0007,1.0008,1.0025
PES,147.4,17.11,1.0001,0.9969,0.9989
PES,116.6,15.21,0.9969,0.9947,1.0031
PES,192.3,10.4,0.9943,0.9985,0.9994
PES,119.8,19.58,1.0037,1.0034,0.9953
PES,176.3,11.8,0.997,1.0005,1.0012
PES,192.3,15.64,0.9932,0.9941,0.9959
PES,36.8,2.15,1.0028,1.0,1.0012
PES,115.2,8.89,1.0011,0.9951,0.9996
PES,134.7,6.27,0.997,0.9993,0.9962
PES,167.4,11.19,0.9974,1.0001,1.002
PES,145.8,2.26,1.0009,1.0014,1.0026
PES,39.8,2.64,0.9992,0.9994,1.001
PES,82.6,15.09,1.0017,0.9956,1.0014
PES,149.3,4.11,1.0034,0.9993,1.0019
PES,152.5,4.17,0.9951,1.0018,0.9967
PES,180.7,15.66,0.9935,1.0016,0.9962
PES,40.9,14.53,1.0004,0.9955,0.9992
PES,91.2,10.49,1.0,0.9981,0.9969
PES,47.5,11.9,1.0019,0.997,0.9998
PES,37.5,17.4,0.997,0.9994,0.9984
PES,55.5,18.69,1.003,1.0001,1.0036
PES,155.9,8.97,0.9969,0.9981,1.0011
PES,76.1,2.48,0.9983,0.9997,1.0037
PES,60.5,16.28,1.0043,1.0041,0.9952
PES,109.1,6.36,1.0027,0.9976,0.9999
PES,31.4,4.81,1.0005,0.998,1.0011
PES,108.9,12.24,0.999,1.002,0.9962
PES,183.1,15.45,0.9956,0.9936,0.9975
PES,69.6,7.58,1.0029,1.0034,1.0041
PES,30.2,13.49,1.0032,1.0021,0.9958
PES,120.1,5.53,0.999,0.9949,1.0042
PES,151.0,2.77,1.0031,1.003,0.9993
PES,149.1,8.08,1.0035,0.9948,0.9949
PES,52.7,16.58,0.9952,1.0003,0.9989
PES,193.9,5.5,0.9959,0.9968,1.0016
PES,149.1,14.97,0.9968,0.9966,0.9945
PES,64.5,15.82,1.0003,0.9961,0.9961
PES,109.2,8.72,0.9995,1.004,0.9964
PES,82.4,6.04,0.9957,0.9961,1.0014
PES,170.5,14.24,0.9937,1.002,0.9969
PES,45.5,5.72,0.9983,1.0,1.0016
PES,74.2,19.82,0.9946,0.9985,0.9988
PES,157.2,5.75,0.9983,1.002,0.9953
PES,32.0,16.78,1.0045,0.9961,1.0029
PES,93.3,12.98,1.0007,1.0002,0.9969
PES,168.2,1.41,0.9943,1.003,0.9984
PES,51.9,18.2,1.0028,0.9979,0.9949
PES,108.4,4.19,1.0,1.0026,0.9983
PES,35.0,13.98,0.9964,0.9969,0.9966
PES,77.6,17.79,0.9946,1.0006,0.9968
PES,80.2,8.83,0.9999,0.9952,0.9973
PES,53.3,4.79,1.0036,1.0001,1.0011
PES,166.4,16.1,1.0032,1.0015,0.9972
PES,122.6,10.21,1.0031,0.9992,0.998
PES,60.6,7.06,0.9968,1.0037,1.0025
PES,40.0,19.84,0.9998,1.0023,1.0045
PES,195.6,2.9,0.9999,0.9963,1.0018
PES,185.9,2.06,1.0034,0.996,1.0022
PES,165.6,7.74,1.002,1.0023,0.9956
PES,130.7,16.32,1.0007,1.0032,0.9942
PES,149.1,19.0,0.9991,0.9994,0.9956
PES,198.0,17.75,0.9978,0.9964,0.9981
PES,45.3,5.42,0.997,1.0001,0.9948
PES,186.0,4.83,0.9947,1.0009,1.0029
PES,173.5,7.15,0.9937,0.9996,1.0029
PES,161.6,17.08,1.002,1.0033,0.9973
PES,190.1,8.52,0.9942,0.9966,0.9949
PES,56.8,19.03,1.0023,1.0042,1.0009
PES,59.6,19.41,1.0013,1.0038,1.0023
PES,68.0,12.19,0.9962,0.9976,1.0014
PES,51.6,14.85,1.004,1.0041,0.9985
PES,199.0,19.34,0.9931,0.9993,1.0024
PES,194.5,5.2,0.9989,1.003,0.995
PES,156.7,5.52,1.0035,0.9956,1.0028
PES,45.1,14.47,1.001,1.0036,0.9991
PES,75.1,5.74,0.9952,0.9972,0.9957
PES,30.2,8.33,1.0022,1.0046,1.0037
PES,113.8,8.2,0.9996,0.9953,0.9991
PES,176.9,13.37,1.0001,0.9953,0.9943
PES,173.8,6.6,0.9967,1.0033,0.9945
PES,58.9,8.13,1.0019,1.0002,1.0037
PES,45.8,12.29,1.0008,0.9996,0.995
PES,190.2,4.13,1.0022,0.9952,0.9946
PES,64.9,4.61,1.0016,1.0019,1.002
PES,75.1,6.35,0.9969,0.9951,1.0003
PES,172.8,3.92,0.9972,0.9981,0.9968
PES,142.5,12.4,0.9957,0.9942,0.9956
PES,79.6,2.56,1.003,0.9977,0.9986
PES,113.1,13.56,0.9949,0.9997,0.996
PES,180.5,8.02,0.9978,0.9963,0.9983
PES,68.5,6.1,0.9952,1.0022,1.0013
PES,44.6,7.53,1.0002,1.0045,1.0007
PES,124.1,16.98,1.002,0.9982,0.9993
PES,177.4,10.02,1.0022,0.9985,0.9944
PES,183.5,14.57,0.9982,1.0025,1.0014
PES,145.2,12.79,0.9949,1.0015,0.9956
PES,197.3,19.47,1.0009,0.9946,0.9974
PES,198.0,9.27,1.0031,0.9998,1.0018
PES,73.8,18.31,1.0034,0.9951,0.9982
PES,97.6,7.2,0.9971,0.999,1.0031
PES,163.7,12.84,0.9987,0.998,0.9978
PES,55.2,12.17,1.0022,1.0041,1.0039
PES,125.7,2.92,0.997,0.9996,0.9977
PES,99.9,8.28,0.9991,1.0005,0.9947
PES,76.8,3.73,1.0007,1.0016,0.995
PES,181.2,7.3,0.9958,1.0012,1.0029
PES,182.5,1.38,1.0017,0.9968,0.9966
PES,113.6,14.23,0.995,1.0029,0.9955
PES,195.6,9.42,1.0014,0.9962,0.9976
PES,139.7,4.57,0.996,1.0024,1.0015
PES,159.1,17.48,1.0016,0.9989,0.9952
PES,82.9,10.63,0.9957,1.003,1.0032
PES,34.9,4.66,1.0032,1.0033,0.9974
PES,107.6,18.44,1.001,0.9969,1.0023
PES,115.9,13.07,0.9952,0.9945,0.9979
PES,131.0,4.37,1.0027,1.0001,0.9977
PES,57.8,18.0,1.0019,1.0014,0.9973
PES,95.7,4.1,1.0001,1.0042,1.0031
PES,140.1,13.88,0.9964,0.9981,0.9941
PES,162.7,15.58,0.9935,1.0028,1.0001
PES,132.2,1.16,0.9966,1.0023,0.9973
PES,194.4,13.21,0.9973,0.9972,0.9968
PES,72.8,9.87,1.0012,1.0028,0.9985
PES,47.4,10.72,1.0013,1.0032,0.9984
PES,140.0,12.57,0.9967,0.9951,0.9946
PES,198.0,13.17,1.0016,0.996,1.0004
PES,181.7,6.68,0.9949,1.0014,1.0027
PES,166.9,16.24,0.9993,1.0003,1.0004
PES,152.6,13.45,1.0035,0.9965,0.998
PES,96.0,1.67,1.0015,1.0003,0.9964
PES,153.5,5.22,0.9991,1.0019,1.003
PES,144.2,10.64,1.0022,1.0024,1.0027
PES,60.8,2.85,0.996,0.9974,1.0029
PES,159.7,4.48,1.0005,0.9973,0.9948
PES,90.4,15.14,0.9973,1.0022,0.9976
PES,74.3,6.59,1.003,0.9993,1.0033
PES,129.2,18.94,0.9944,1.0029,0.9989
PES,177.5,8.25,0.9964,0.9943,1.0022
PES,53.4,4.81,0.9988,1.0005,1.0038
PES,107.8,7.01,1.0014,1.0021,0.9992
PES,137.3,4.36,1.0003,0.9942,0.9969
PES,159.4,4.2,1.0014,0.9989,1.0016
PES,45.0,12.68,1.001,0.9988,1.0043
PES,95.2,1.72,0.9964,0.9983,0.9947
PES,84.8,16.83,0.9961,1.0011,1.0006
PES,72.3,14.18,0.9978,0.9958,0.9983
PES,130.1,4.17,1.0023,0.9972,0.9971
PES,153.7,12.33,0.997,1.0028,1.0038
PES,88.3,18.13,0.9977,0.9962,1.0037
PES,186.1,8.66,0.9956,1.0009,0.9949
PES,154.8,12.2,0.9953,0.9975,1.0003
PES,36.4,17.65,0.9972,1.0001,0.9951
PES,199.1,13.58,0.9995,0.9936,1.0002
PES,100.9,8.22,0.9997,0.9991,0.9959
PES,148.2,12.98,0.9966,1.0005,1.0005
PES,75.9,12.51,0.9958,1.0028,0.9955
PES,152.2,3.24,0.995,0.9951,0.996
PES,64.0,6.0,0.9999,0.9967,1.0017
PES,80.2,1.75,0.9995,0.9967,1.004
PES,86.2,1.05,1.0013,1.0037,1.003
PES,143.7,3.83,0.9948,0.9992,1.0013
PES,47.2,5.86,0.9971,1.0047,0.9978
PES,108.9,2.9,0.996,0.9948,0.9973
PES,166.3,6.94,1.001,0.9948,1.0014
PES,37.8,17.19,1.0012,0.9964,0.9982
PES,104.4,12.81,1.0029,0.9952,1.0024
PES,61.1,8.61,1.0042,0.9974,0.9985
PES,174.6,16.2,0.9997,1.0016,0.9946
PES,148.3,2.11,1.0033,0.9957,0.9983
PES,130.4,16.24,1.0005,0.9958,0.9977
PES,91.0,1.55,1.0013,1.003,1.0043
PES,52.2,18.49,0.9956,0.9987,0.995
PES,74.5,6.97,1.0016,1.0014,1.0023
PES,128.0,11.74,1.0037,1.0008,0.9974
PES,118.9,14.31,0.9949,1.0008,0.9966
PES,88.8,13.85,0.9981,1.0028,0.9999
PES,197.9,2.04,0.9997,0.9952,1.0021
PES,174.8,17.52,0.9939,0.9985,0.9959
PES,194.9,1.96,0.9956,1.0001,0.9977
PES,69.9,9.72,1.0025,0.9991,1.0031
PES,106.0,3.26,0.9993,1.001,0.9955
PES,100.1,11.59,0.9942,0.9953,1.0003
PES,135.2,6.79,0.999,0.9962,1.0008
PES,191.6,7.9,0.9938,0.9958,0.9981
PES,125.2,12.78,0.9986,1.0007,1.0012
PES,49.4,15.43,0.9968,0.9981,1.0029
PES,194.0,6.55,0.9985,1.0006,0.994
PES,57.9,3.67,1.0019,1.002,0.9958
PES,133.8,4.56,1.0033,0.9981,0.9987
PES,162.8,14.62,0.9945,0.9979,1.0029
PES,172.4,12.19,1.0011,0.9982,1.0002
PES,192.6,3.56,0.9983,0.999,0.9941
PES,189.0,16.94,0.9978,0.9985,1.0025
PES,60.1,11.99,1.0018,0.9959,0.9985
PES,132.1,17.77,0.9987,0.9978,1.0037
PES,185.7,15.49,0.9958,1.0031,1.0031
PES,107.0,3.53,0.9984,1.0014,1.0019
PES,80.8,14.33,1.0029,1.0016,1.0037
PES,137.5,4.82,1.0002,0.9971,0.9976
PES,144.3,19.65,1.0,1.0034,0.9988
PES,148.0,7.13,0.9949,0.9975,0.9988
PES,127.0,13.68,0.998,1.0016,1.0024
PES,78.6,17.1,1.0023,0.9997,0.9946
PES,54.7,13.73,0.9965,1.0021,0.9962
PES,78.7,5.76,1.0029,1.0015,0.9975
PES,158.1,1.61,1.0019,0.995,1.0027
PES,155.7,17.43,1.0009,0.9994,0.996
PES,163.3,16.18,0.9962,1.0004,1.0029
PES,95.9,19.18,1.0038,0.9974,0.9997
PES,32.2,5.78,1.0011,1.0027,1.0036
PES,171.1,18.32,1.0003,1.0001,1.001
PES,122.9,12.46,1.0017,1.0038,0.997
PES,60.2,13.97,0.9964,0.9963,0.9997
PES,94.1,9.14,0.9999,0.9957,1.0002
PES,73.4,7.28,1.0016,0.9962,0.9961
PES,84.8,1.97,1.0039,1.0008,1.0012
PES,113.4,11.88,0.9976,1.0021,0.9974
PES,67.4,4.49,0.9953,0.9998,0.9988
PES,121.3,2.75,0.9964,0.9965,0.9976
PES,91.3,5.15,1.0019,0.9998,1.0045
PES,170.0,19.64,0.9933,1.0003,0.9979
PES,183.8,12.66,0.9994,1.0032,1.0003
PES,84.6,18.4,1.0036,0.9982,0.9997
PES,78.1,18.32,1.0025,0.9982,1.0023
PES,105.7,1.83,1.0033,0.9964,0.9996
PES,191.2,4.18,1.0029,0.999,0.9937
PES,41.1,13.74,1.0024,1.0034,0.9989
PES,47.7,11.22,1.0017,1.0045,1.0024
PES,139.9,18.86,1.0011,0.9954,0.9984
PES,86.4,2.66,0.9951,1.0025,1.0002
PES,127.7,5.33,0.9966,0.9981,1.0005
PES,103.6,1.32,1.0011,0.9998,1.0009
PES,135.1,15.36,0.9996,1.001,0.9946
PES,187.8,3.02,1.0013,0.9967,0.9946
PES,160.1,9.32,0.9975,1.0005,0.9986
PES,120.7,3.59,0.9981,1.0023,0.9998
PES,193.2,3.74,1.0001,1.0028,1.0016
PES,154.0,8.09,1.0032,0.9995,0.9995
PES,50.9,1.1,1.0008,1.0002,1.0043
PES,81.8,15.22,1.0033,0.9979,0.9985
PES,139.8,10.74,0.9954,0.9962,1.0023
PES,63.0,4.45,1.0027,1.0033,1.0032
PES,188.5,19.89,0.9976,0.9989,0.9962
PES,41.5,2.87,1.0021,0.9998,0.9982
PES,51.8,13.45,0.9956,1.0009,1.0036
PES,84.0,9.56,1.0005,0.9976,1.0003
PES,126.1,7.93,0.9972,0.9985,0.9942
PES,71.8,5.21,1.002,0.999,1.003
PES,52.8,14.93,1.0033,0.9993,0.9982
PES,81.9,11.48,0.9961,1.0006,1.0029
PES,176.0,3.66,0.9989,0.9965,1.0027
PES,43.0,2.43,0.9951,1.0,0.9952
PES,128.9,8.7,0.9999,1.0032,0.9996
PES,122.4,19.98,0.9985,1.0018,0.9976
PES,68.0,15.67,1.0017,0.9974,0.9991
PES,116.8,8.54,0.9991,1.0009,1.0027
PES,167.1,12.67,0.9951,0.9989,0.9981
PES,60.5,19.03,1.001,1.0042,1.0018
PES,112.2,7.82,0.9963,0.9992,0.9949
PES,92.8,1.81,0.9965,1.0036,0.9982
PES,109.8,9.64,0.9946,1.0041,0.9975
PES,149.6,10.91,1.002,1.0023,0.9965
PES,122.5,4.3,1.0007,0.9979,1.0008
PES,172.0,10.82,0.9972,1.0028,0.9988
PES,90.0,17.49,0.999,0.9992,1.0003
PES,115.3,3.64,0.9959,0.9951,1.0008
PES,66.0,4.55,0.9983,1.0019,0.9959
PES,69.2,16.41,1.0016,0.9993,0.9992
PES,65.8,4.06,1.003,0.9949,0.9951
PES,127.5,4.06,1.0004,0.9946,1.0
PES,39.5,5.91,0.9966,1.0044,1.0008
PES,125.8,1.35,1.0014,1.0009,0.9971
PES,44.6,9.53,1.0046,1.0035,0.9964
PES,171.2,12.42,1.0013,1.0019,0.9954
PES,142.1,6.03,1.0011,0.9975,0.9986
PES,130.4,5.37,0.9979,0.9953,0.9962
PES,176.1,10.58,0.9976,0.9952,0.9946
PES,110.9,12.68,0.9944,1.0021,0.9992
PES,50.0,10.16,0.996,1.0008,1.003
PES,182.5,15.72,0.9996,0.9987,0.9971
PES,37.4,11.07,0.997,1.0028,1.0026
PES,94.8,12.19,1.0016,1.002,1.0013
PES,46.6,3.54,0.9996,0.9972,1.0034
PES,78.2,17.66,0.9983,0.9963,1.0014
PES,164.2,11.98,0.9946,0.9939,1.0003
PES,146.9,7.0,0.9974,0.9956,1.0005
PES,73.1,17.24,0.9985,0.9981,0.9971
PES,145.7,15.34,0.9977,1.0017,0.9986
PES,92.9,11.54,0.9968,0.9975,0.9978
PES,149.9,14.98,1.0021,1.0005,1.0013
PES,105.9,14.29,0.9957,0.9964,0.9982
PES,87.5,11.46,1.0013,1.0015,0.996
PES,194.0,1.1,0.9943,0.9952,1.0029
PES,104.0,2.22,0.9966,0.9953,0.9948
PES,95.3,19.7,1.0002,0.9995,1.0013
PES,131.6,18.97,1.0019,1.0004,0.9982
PES,64.3,13.48,1.0025,0.9974,0.9949
PES,131.9,10.8,0.9962,0.9958,0.9944
PES,70.7,1.01,0.9963,1.0047,1.0025
PES,90.0,8.51,1.0002,0.9997,1.0018
PES,41.7,2.71,0.9977,1.0032,1.004
PES,89.2,19.3,0.9969,1.0004,0.9962
PES,188.1,11.92,0.9958,0.9976,0.9945
PES,42.3,6.59,1.0043,1.0029,1.0044
PES,178.9,16.45,0.9989,1.0005,1.0031
PES,125.7,15.63,1.0014,1.0037,0.9986
PES,108.3,12.15,0.9944,0.9954,0.9949
PES,137.7,19.89,1.0004,0.9962,0.9969
PES,192.4,10.81,0.9932,1.0018,0.9959
PES,45.8,13.8,1.0028,0.9955,1.004
PES,111.0,7.72,1.0031,0.997,1.0038
PES,146.1,18.29,0.9985,0.9958,1.0011
PES,178.4,4.93,0.9955,0.9963,0.9999
PES,56.5,3.03,1.004,1.0016,1.0014
PES,134.4,15.52,0.9991,0.9944,0.9987
PES,135.5,10.35,1.0037,1.003,1.0027
PES,113.4,19.7,1.003,0.9969,0.9962
PES,128.0,2.03,1.0021,0.9991,0.9997
PES,115.4,8.48,1.001,0.996,1.004
PES,148.7,9.74,1.0006,0.9941,0.996
PES,128.8,7.18,1.0001,0.9968,0.9996
PES,70.3,9.96,1.0006,0.9983,0.9995
PES,65.8,14.31,0.9982,1.0031,0.9973
PES,60.6,3.49,1.0005,0.9971,0.9958
PES,75.9,5.48,0.9989,0.9984,0.9961
PES,193.1,3.84,1.0014,0.9954,0.9986
PES,199.2,17.14,0.998,1.0005,1.0011
PES,81.0,11.68,1.0,0.9985,1.0013
PES,40.2,16.46,0.9994,1.001,0.9991
PES,86.9,7.86,1.0,1.0038,0.9971
PES,33.4,3.3,1.0036,1.0046,0.9969
PES,127.9,13.33,0.9956,1.0019,0.9976
PES,144.4,10.26,1.0011,1.0029,0.9978
PES,78.7,13.0,0.9958,0.9962,1.0025
PES,87.4,12.99,1.0,1.0029,0.9951
PES,57.5,5.34,0.9979,0.9977,0.9974
PES,139.6,6.15,0.9983,1.0027,0.9977
PES,129.8,19.34,0.9978,0.9958,0.9941
PES,153.7,13.58,1.003,1.0009,0.9946
PES,58.4,2.96,0.9954,1.0036,1.0003
PES,34.5,8.54,1.0025,0.9957,0.9974
PES,56.4,13.44,1.0034,0.9977,0.997
PES,78.3,12.9,0.9957,1.0029,0.9947
PES,142.8,17.35,0.9968,0.9986,1.0035
PES,121.9,6.18,0.9985,1.004,1.0012
PES,60.1,12.35,1.0008,1.001,1.0002
PES,119.0,13.15,0.9971,0.9976,0.9995
PES,166.8,9.4,0.9972,0.9964,0.9968
PES,30.0,16.49,1.0032,0.9982,0.9994
PES,31.4,18.52,1.0041,0.9995,0.9947
PES,103.2,6.57,0.9966,0.9945,0.9981
PES,100.0,11.65,0.9981,0.996,1.0017
PES,96.3,8.19,0.9969,0.9987,0.9968
PES,160.0,18.29,1.0014,1.0006,0.9964
PES,156.3,16.37,0.9976,1.0023,0.9955
PES,79.2,13.1,1.0005,0.9972,1.0006
PES,61.9,1.37,0.9952,1.0001,0.9967
PES,47.4,6.11,1.0019,1.0021,0.9971
PES,55.6,10.38,0.998,0.9978,1.0026
PES,199.7,9.81,1.001,0.9968,1.0018
PES,191.8,2.06,1.0011,0.9944,0.9984
PES,62.7,16.99,1.0026,1.0028,0.9957
PES,160.6,5.73,1.0014,0.9984,1.0013
PES,35.7,9.76,1.0025,1.0,1.0046
PES,110.4,13.95,0.9972,0.9975,1.0004
PES,37.2,18.81,0.9998,0.9972,1.001
PES,63.8,17.86,1.003,0.9967,0.9956
PES,137.6,7.17,0.9956,0.9969,0.9953
PES,164.2,1.17,0.9942,1.0018,0.9987
PES,131.4,8.06,0.9948,0.9957,0.995
PES,135.2,18.69,1.0036,1.0002,0.9944
PES,139.6,14.33,1.0016,0.9952,0.9962
PES,196.9,15.98,1.0005,1.0014,0.9976
PES,62.8,14.1,0.9981,0.9959,1.0035
PES,112.5,9.31,0.9971,1.0013,0.9961
PES,61.7,7.61,1.0019,0.9974,1.003
PES,185.5,11.54,0.9939,0.9951,0.9965
PES,74.8,7.98,0.9945,1.001,0.9984
PES,61.5,1.36,1.0033,1.0026,0.9972
PES,152.6,13.51,0.999,0.9977,0.999
PES,114.6,11.48,1.0002,0.9975,1.0006
PES,48.8,10.94,0.9953,1.0031,0.996
PES,178.5,4.84,0.9983,0.9948,0.9994
PES,172.2,13.5,0.9986,1.0007,0.9961
PES,92.3,12.51,0.9949,1.0037,0.9964
PES,113.5,17.91,0.9947,1.0021,0.9946
PES,124.9,18.83,0.9979,0.9977,1.001
PES,170.0,6.05,0.994,0.9945,0.9968
PES,190.6,19.25,0.9939,1.0006,0.9986
PES,62.2,11.0,0.997,1.0009,0.9964
PES,157.4,8.89,0.9947,1.0003,0.9974
PES,108.0,13.64,1.0029,0.9959,0.996
PES,98.3,7.41,0.9959,1.0044,0.9988
PES,89.9,6.99,1.0043,0.9977,0.9982
PES,159.9,9.18,1.0009,1.0,0.9995
PES,66.4,15.55,1.0037,0.9971,1.0041
PES,106.1,8.54,1.0015,1.0042,1.0003
PES,118.0,19.87,0.9968,0.9971,0.9962
PES,175.5,1.41,1.0018,1.0008,0.9966
PES,124.1,11.57,1.0032,0.9957,0.9945
PES,90.5,3.63,0.9981,1.0004,0.9969
PES,167.9,2.75,0.9977,1.0031,1.0012
PES,153.0,16.07,0.9952,1.0021,1.0006
PES,128.0,18.25,0.9997,0.997,1.0012
PES,128.0,2.49,0.9947,1.002,0.9977
PES,168.9,8.91,1.0022,1.0025,0.996
PES,141.0,12.44,0.9938,1.0018,0.9977
PES,81.8,1.78,1.0,0.9961,0.9997
PES,67.5,1.96,1.002,0.9987,0.9992
PES,131.2,10.59,0.9961,0.997,0.998
PES,52.5,2.57,1.0005,0.9953,0.9988
PES,44.5,10.53,1.0024,0.9961,0.9961
PES,125.1,10.27,1.0005,0.9961,1.0003
PES,155.1,5.68,0.9945,1.0017,0.9972
PES,187.1,2.7,1.0001,0.998,0.9972
PES,84.5,12.28,0.9946,0.9975,1.0043
PES,134.8,19.81,0.998,0.9954,0.9943
PES,169.1,4.79,0.9973,1.0014,1.0024
PES,49.1,2.04,1.0043,1.0041,1.0035
PES,169.4,1.26,1.0006,0.995,0.9984
PES,33.9,4.97,1.0003,0.997,1.0001
PES,74.0,10.18,1.0018,0.996,1.0015
PES,33.1,12.08,1.0014,0.9952,0.9965
PES,78.3,15.99,1.0005,0.995,1.0009
PES,31.4,8.38,0.9975,1.0034,1.0014
PES,176.9,1.36,1.0023,1.0003,0.9962
PES,94.7,19.56,0.9951,0.9974,1.0028
PES,120.4,4.54,0.9991,0.9989,1.0035
PES,33.7,5.7,1.0002,0.9982,0.9988
PES,56.7,7.59,0.9982,1.001,0.9971
PES,196.3,10.52,1.0012,0.9997,1.0022
PES,181.4,16.48,0.9934,0.9991,0.9962
PES,55.8,18.05,1.001,0.9955,0.9983
PES,193.3,12.64,0.9993,0.9958,0.9958
PES,56.0,19.44,1.0035,0.9978,0.9999
PES,65.1,3.63,1.0001,1.0027,1.0033
PES,82.5,14.4,0.9995,0.9958,1.0043
PES,195.9,3.76,1.0026,1.0028,0.9968
PES,124.7,19.02,0.9949,0.9972,1.0027
PES,153.6,15.54,1.0023,0.998,0.9978
PES,105.3,18.74,1.0029,1.0035,0.9968
PES,162.4,3.03,0.9956,1.0016,1.0001
PES,75.4,11.77,0.9967,0.9969,1.0014
PES,91.1,14.07,0.999,0.9994,1.0004
PES,151.0,8.11,1.0022,0.9989,0.9953
PES,62.9,1.61,1.0024,0.9949,0.9975
PES,100.2,15.1,1.004,1.0019,0.9949
PES,187.6,19.73,1.0016,0.9983,0.9965
PES,107.8,5.69,0.9983,0.9948,1.0017
PES,94.7,6.95,1.0005,1.0019,1.0004
PES,119.3,17.64,1.0017,0.9993,0.9985
PES,170.6,1.81,1.0036,0.9991,0.9978
PES,155.0,11.6,0.9988,1.0002,0.9943
PES,79.5,8.56,0.9975,1.0028,0.9991
PES,101.8,12.65,0.9947,0.9995,0.9957
PES,171.1,9.58,1.0007,0.9949,1.0015
PES,189.4,14.23,0.9944,0.9976,0.9979
PES,60.4,12.22,1.0017,0.9967,0.9991
PES,72.5,14.14,1.0035,1.0025,1.0016
PES,51.0,3.17,0.9993,0.9985,1.0001
PES,95.3,16.03,0.9993,1.0038,0.998
PES,94.7,15.6,1.0033,1.0,1.0008
PES,55.5,17.51,0.9962,1.0017,0.9987
PES,82.6,15.6,0.9987,1.0007,0.9955
PES,52.4,4.85,1.001,0.9973,0.9994
PES,175.4,11.33,0.9934,1.0025,0.996
PES,130.1,10.04,0.998,0.9949,1.0001
PES,71.6,11.4,1.0007,1.0001,1.0028
PES,38.3,3.82,1.0014,0.9953,1.0034
PES,143.4,16.92,0.9966,1.0031,0.9943
PES,100.9,4.39,1.0011,1.0006,1.0014
PES,131.1,15.96,0.9955,0.9986,0.9997
PES,188.4,2.77,0.9964,0.9974,0.9975
PES,41.5,9.12,1.0002,0.9977,0.9961
PES,148.1,6.21,0.9991,0.9993,1.001
PES,134.0,3.08,1.0013,1.0005,1.0041
PES,112.2,14.08,1.0033,1.0041,0.997
PES,133.5,7.01,0.9992,1.0041,0.9977
PES,52.1,11.69,0.9998,1.001,0.9996
PES,60.6,12.58,1.0016,1.0044,0.9946
PES,34.1,12.88,0.9959,1.0033,1.0027
PES,199.8,8.87,0.9964,0.9991,0.9998
PES,31.9,4.82,0.9977,1.0028,0.998
PES,116.1,7.15,0.9942,1.0011,0.9977
PES,153.1,12.7,0.9939,0.9956,0.9971
PES,87.4,13.78,1.0034,1.0024,1.0008
PES,111.9,12.92,1.003,0.9996,0.9975
PES,163.3,8.87,1.001,1.0022,0.9968
PES,153.2,6.99,0.9991,0.9961,1.0008
PES,165.9,17.87,0.9968,1.0033,0.9963
PES,35.3,19.69,1.0008,1.0031,1.0003
PES,96.2,12.31,1.0029,1.0019,1.0014
PES,83.5,1.6,0.9987,0.9996,0.997
PES,106.8,19.06,0.9961,0.9972,0.9952
PES,163.4,15.78,1.0025,0.9982,0.9939
PES,112.1,10.5,0.996,1.0035,1.0015
PES,119.0,15.74,0.9953,1.0028,1.0023
PES,189.5,13.86,0.9944,1.0007,0.998
PES,151.3,10.92,0.9937,1.0032,1.0007
PES,131.0,2.65,0.9987,0.9947,0.9994
PES,142.0,6.94,0.9996,0.9972,1.003
PES,84.5,4.66,0.9973,0.9978,0.999
PES,50.0,3.84,0.9975,0.995,1.001
PES,117.4,4.92,0.9977,0.9975,0.9957
PES,149.7,6.38,0.9962,0.9947,1.0001
PES,87.6,9.43,0.9957,0.9992,1.0012
PES,48.0,2.02,0.9991,0.9967,1.0008
PES,130.8,16.89,1.0007,1.0002,0.997
PES,169.0,14.55,1.0001,0.999,1.0033
PES,158.5,9.85,0.9949,1.002,1.003
PES,109.6,9.66,1.001,1.0014,0.9989
PES,69.4,5.25,1.0032,1.0008,1.0038
PES,96.7,14.29,1.0008,1.0022,1.0031
PES,107.1,1.58,0.9991,0.998,0.9991
PES,59.0,15.59,1.0005,0.9959,0.9955
PES,169.0,16.14,0.9966,1.0002,1.0015
PES,120.6,8.62,0.9982,1.0004,0.9997
PES,195.6,8.29,0.9966,1.0017,0.9994
PES,163.3,9.27,1.0014,0.9993,0.9961
PES,142.6,2.48,1.0033,0.9999,0.999
PES,130.7,9.8,0.9995,1.0023,0.9958
PES,192.5,2.32,0.9944,1.0018,1.0014
PES,94.4,10.39,1.0009,0.9953,1.0025
PES,180.8,18.16,0.9995,0.9935,0.9948
PES,55.4,11.09,0.9985,1.0005,0.9966
PES,145.9,7.02,0.9995,1.0032,0.997
PES,190.4,9.26,1.003,0.997,0.9944
PES,31.4,19.74,0.9986,0.996,0.9975
PES,92.8,11.43,0.9948,1.0014,1.0026
PES,91.1,17.36,1.0028,0.9967,1.0013
PES,97.0,7.04,0.9981,0.9983,0.9999
PES,142.6,10.02,0.9957,0.9979,1.0032
PES,172.8,3.93,1.0035,1.0005,0.9952
PES,42.2,1.3,1.0021,0.9998,0.9993
PES,198.3,2.61,0.9997,0.9978,0.9982
PES,164.1,12.48,0.9977,0.9956,0.9988
PES,123.8,9.55,0.9975,0.996,1.0002
PES,128.2,17.09,0.9961,0.999,0.998
PES,122.8,7.97,1.0038,0.9999,1.0012
PES,49.2,10.15,1.0016,0.9962,1.002
PES,197.2,19.69,1.0006,0.9979,0.9939
PES,181.3,2.68,0.9982,1.0012,1.0034
PES,43.3,13.04,1.0026,0.9979,0.9952
PES,88.4,15.79,0.9989,0.9995,0.999
PES,154.7,9.0,1.0033,1.0019,0.9968
PES,36.0,18.53,1.0021,1.002,1.0002
PES,40.4,9.99,0.9964,0.9953,1.0047
PES,167.5,12.86,0.9963,0.9946,0.9987
PES,174.7,6.28,0.9948,0.9966,1.0023
PES,32.4,3.12,0.9967,1.0009,0.9965
PES,105.9,16.35,0.9966,1.0012,0.999
PES,165.9,17.38,0.9967,0.9945,0.995
PES,188.8,3.93,0.9983,1.0036,1.0014
PES,70.5,9.36,1.0009,0.9967,1.0019
PES,88.7,13.2,1.0018,0.9956,0.996
PES,97.8,6.73,1.0018,1.002,0.9997
PES,94.6,14.41,0.9989,0.9958,1.003
PES,32.0,18.62,0.9991,1.0015,1.0042
PES,146.1,1.78,1.0031,1.0005,1.0037
PES,103.4,18.44,1.0026,0.9976,0.9968
PES,46.7,13.43,0.9985,1.0024,1.0021
PES,154.8,12.19,0.9955,0.9972,1.0007
PES,60.6,11.4,1.0013,1.003,0.9947
PES,46.6,2.97,0.9993,0.9971,0.9977
PES,62.8,1.45,0.9957,1.0042,1.0014
PES,172.0,19.06,0.9996,1.0006,0.9946
PES,175.6,3.47,1.0001,1.0028,0.9995
PES,194.4,18.02,0.9999,0.9959,0.9979
PES,189.2,13.14,1.0023,0.9963,0.9977
PES,183.6,15.63,0.9964,0.9951,0.9942
PES,162.1,8.27,0.9969,0.9945,1.0034
PES,75.0,9.37,0.9994,1.0039,1.0006
PES,60.3,10.35,0.996,1.0023,0.9968
PES,139.4,18.34,1.0008,0.9949,0.9945
PES,127.1,5.76,0.9985,1.0032,0.9957
PES,138.9,18.72,1.0003,0.9966,1.0008
PES,183.8,11.92,0.9984,1.003,0.9984
PES,104.1,17.04,1.0018,1.0021,0.9995
PES,30.6,19.13,1.0028,0.9995,1.0003
PES,189.0,7.82,1.0001,0.9976,0.9999
PES,193.0,2.72,0.9987,1.0033,0.9944
PES,108.1,15.56,1.0005,0.996,0.9945
PES,95.3,4.63,1.0013,1.0035,1.0008
PES,91.1,2.61,1.0008,1.0019,0.996
PES,62.8,14.68,1.0004,0.9995,0.9951
PES,121.9,6.85,0.9994,1.0026,0.9987
PES,199.3,1.7,0.9939,1.0015,0.994
PES,50.1,16.33,1.0012,0.9992,1.0013
PES,178.6,3.83,0.9993,1.003,0.9941
PES,54.1,13.42,0.9993,1.0038,0.995
PES,149.2,3.48,0.9956,0.9946,0.9971
PES,164.9,9.67,0.9952,0.9997,1.0019
PES,48.1,10.45,1.0027,0.9969,1.0027
PES,102.5,16.42,1.0039,1.001,0.9974
PES,195.9,11.94,0.9944,1.0018,1.0013
PES,159.9,12.27,0.9969,0.995,0.9952
PES,100.6,14.23,0.9997,0.9987,1.0035
PES,36.9,2.9,1.0034,1.0011,1.0027
PES,32.7,10.25,0.9948,0.9966,0.9957
PES,140.8,17.85,0.9978,1.002,1.0015
PES,147.7,4.92,1.0002,0.9993,0.9982
PES,189.5,12.6,0.9935,0.9953,0.9984
PES,191.6,12.92,1.0009,0.997,0.9934
PES,70.1,3.23,0.9999,0.9957,0.9983
PES,159.4,11.25,0.9957,1.0015,1.0004
PES,77.0,4.68,1.0025,1.0015,1.0043
PES,110.7,4.35,1.0009,0.9948,1.0008
PES,78.5,9.26,0.9978,1.0026,1.0021
PES,37.4,15.07,1.0039,0.9965,1.0025
PES,112.5,3.21,1.0032,1.0016,1.0003
PES,85.4,4.78,1.0012,0.9978,1.0023
PES,85.4,2.86,1.0019,1.0033,0.9984
PES,67.5,9.95,0.9994,1.0035,0.996
PES,187.7,9.64,0.9971,0.995,1.0007
PES,137.4,19.54,0.9956,0.9952,1.0007
PES,40.1,3.59,1.0034,0.9995,0.9966
PES,88.4,17.84,1.0002,1.0022,1.0006
PES,134.0,4.23,1.0037,1.0027,0.995
PES,175.7,10.3,1.0033,0.9996,1.002
PES,77.5,14.87,1.0017,0.9969,0.9977
PES,128.5,17.94,0.9997,0.9955,0.9996
PES,30.9,19.62,0.995,0.9994,1.0023
PES,35.7,11.09,0.9995,1.0028,1.003
PES,106.9,5.57,0.9998,0.9945,1.0017
PES,191.5,3.52,0.9963,1.0002,0.9945
PES,111.6,6.79,1.0012,1.0029,1.0018
PES,34.2,9.64,1.0025,1.0036,0.9988
PES,164.3,8.04,0.9982,1.0002,1.0024
PES,42.0,17.98,0.9979,0.995,0.9988
PES,75.9,18.98,0.9997,1.0024,1.0022
PES,43.8,17.74,1.0019,0.9952,1.004
PES,144.7,17.87,0.9947,0.9975,0.9999
PES,92.1,4.33,1.0,0.9952,1.0016
PES,64.8,19.64,0.9967,0.9956,0.9992
PES,189.7,12.02,1.0027,0.9956,1.0009
PES,68.3,7.7,0.9972,1.0014,0.9974
PES,40.8,7.56,0.9996,1.0001,0.996
PES,150.7,13.89,0.9989,0.9968,1.0
PES,166.0,18.96,1.0014,1.003,0.9942
PES,181.6,9.7,0.9941,1.0026,0.9965
PES,192.6,3.08,0.9961,1.0006,0.9986
PES,178.7,10.89,0.9996,0.9966,1.0033
PES,122.0,3.51,0.9976,0.9987,1.0007
PES,79.6,2.2,1.0033,0.997,1.0041
PES,139.6,8.82,0.9973,1.0005,0.9973
PES,130.9,14.24,1.0022,0.9985,0.997
PES,52.4,16.0,0.9962,0.9972,0.9994
PES,195.0,15.63,0.9934,0.9969,0.9978
PES,58.3,18.56,1.0015,0.9974,1.0042
PES,172.7,14.16,1.0,0.9952,0.9959
PES,37.0,7.02,0.9961,0.9975,0.9967
PES,125.6,1.66,0.9973,0.9977,0.998
PES,121.8,4.09,0.9972,1.0035,0.9983
PES,114.9,3.76,0.9988,0.9976,0.9944
PES,155.5,19.54,0.9967,1.0008,0.9983
PES,79.3,18.94,1.004,1.0001,0.9958
PES,126.1,18.23,0.9982,1.0009,1.0012
PES,183.0,3.65,0.999,0.9968,0.9977
PES,172.9,9.47,0.9943,0.9943,1.0001
PES,129.2,5.22,1.0034,0.997,0.9944
PES,121.5,9.46,1.0007,0.9951,0.9993
PES,63.1,7.04,1.0007,1.0041,1.0037
PES,91.4,3.81,1.003,0.9982,0.9983
PES,78.4,7.68,1.0042,1.0033,0.9954
PES,153.7,9.44,1.0036,1.002,0.9968
PES,167.0,19.44,0.9975,1.0026,0.9949
PES,129.8,2.64,0.9962,0.999,1.0029
PES,197.7,2.26,1.0029,1.0012,0.9945
PES,99.6,18.37,0.9982,0.9998,1.0012
PES,158.4,3.6,0.9956,0.9978,0.9995
PES,37.2,16.7,1.003,0.9978,1.0002
PES,108.8,1.51,0.9943,0.9971,1.004
PES,171.8,9.98,1.0,1.0027,0.9979
PES,113.6,14.07,0.9964,0.9954,0.9969
PES,199.0,2.27,1.0007,0.9994,0.9992
PES,177.6,12.93,0.998,1.0006,0.9947
PES,117.1,11.93,1.0025,0.9958,0.9947
PES,84.3,17.69,0.9956,0.996,0.997
PES,101.3,18.33,0.9976,0.9971,0.9994
PES,189.2,10.76,1.0008,0.9954,0.9944
PES,157.9,11.33,1.0023,1.0021,1.0006
PES,81.2,14.02,1.0012,0.9954,1.0002
PES,170.0,1.25,0.9988,0.9977,0.9988
PES,87.9,18.3,0.9952,0.9959,0.9965
PES,62.0,18.04,1.0005,1.0028,0.9997
PES,120.5,11.47,1.0015,0.9953,0.9987
PES,43.0,16.56,1.0038,0.9995,0.9977
PES,91.6,16.52,1.0031,1.0003,1.0019
PES,88.1,14.49,0.9945,1.0025,0.9965
PES,175.7,3.7,0.9958,0.9951,0.9951
PES,43.4,14.13,1.0025,0.9955,1.0024
PES,158.7,1.81,0.9949,1.0019,0.9991
PES,40.1,3.26,0.9974,0.9956,1.0016
PES,158.3,15.87,1.0026,0.9958,1.0027
PES,61.4,7.68,0.9955,1.0032,1.0041
PES,191.3,7.61,0.9948,0.9986,1.0008
PES,71.1,11.83,0.9954,1.0003,0.9946
PES,66.9,4.64,0.9975,1.0037,1.0001
PES,195.5,2.88,0.9954,0.9987,1.0007
PES,92.3,12.2,0.9986,1.004,0.9962
PES,90.3,8.21,0.9965,0.9968,0.9956
PES,197.4,3.35,0.9944,0.995,1.0012
PES,149.8,11.59,0.9941,0.9972,0.995
PES,78.2,12.41,0.9975,1.0043,0.9989
PES,124.2,6.52,1.0026,0.9961,0.9949
PES,173.0,10.04,1.0002,0.9955,1.0037
PES,113.6,3.0,0.9986,1.001,0.9952
PES,54.4,8.61,1.0006,0.9957,1.0039
PES,196.2,2.23,1.0031,0.997,0.9996
PES,198.4,3.33,1.0016,1.0009,0.9964
PES,151.3,12.06,0.9964,1.0018,1.0003
PES,98.0,10.04,1.0003,0.9984,0.9992
PES,77.4,15.59,0.9954,0.997,0.9994
PES,136.8,3.56,0.995,0.9947,0.9948
PES,145.3,19.47,0.9973,1.0006,0.9952
PES,135.7,2.83,0.9948,1.0017,1.0019
PES,164.8,4.84,1.0003,0.9988,0.9965
PES,88.4,17.33,0.9996,1.0039,0.9946
PES,103.2,18.38,0.9978,0.9974,0.9979
PES,108.1,1.62,0.9999,1.003,0.9975
PES,150.0,10.34,0.995,1.0011,0.9988
PES,48.6,13.83,1.0012,1.0015,1.0003
PES,110.9,17.23,0.999,0.9981,0.999
PES,195.0,12.72,0.9966,1.0032,0.9966
PES,34.8,1.86,1.0033,0.9984,1.0024
PES,34.6,17.94,0.998,0.9957,0.9981
PES,90.8,7.67,1.001,0.997,1.0009
PES,130.7,18.3,0.9944,0.997,0.9973
PES,33.4,7.2,0.9995,1.0035,1.0005
PES,183.2,6.07,1.0003,0.9996,1.0035
PES,94.2,8.42,1.0,1.0025,0.9954
PES,144.8,7.38,0.9988,1.0017,0.9974
PES,134.5,7.9,0.9983,0.9991,1.0026
PES,163.8,16.97,0.9987,0.9966,0.9941
PES,199.4,8.64,0.9954,1.0009,0.9943
PES,173.5,2.8,0.997,0.9945,1.0019
PES,110.8,4.99,1.0022,1.0009,0.9974
PES,166.7,9.23,0.9989,0.9958,0.9978
PES,136.2,9.61,1.0015,0.9959,0.9942
PES,149.6,17.39,0.9993,0.9959,1.0033
PES,156.2,9.88,1.003,0.9992,1.0
PES,160.8,9.24,0.9992,1.0001,0.999
PES,91.9,3.81,0.9959,1.0014,0.9975
PES,104.0,7.05,1.0026,0.995,0.9964
PES,100.1,16.65,1.0005,0.9968,1.0002
PES,99.0,3.16,0.9963,0.9969,1.0028
PES,108.9,11.64,0.9985,1.0007,0.9946
PES,57.1,3.59,0.9973,1.0028,1.0014
PES,59.9,17.2,1.0041,0.9994,0.9947
PES,176.1,2.59,0.9996,1.0025,1.0028
PES,99.2,7.91,1.0009,0.9953,1.0038
PES,153.1,3.67,0.9949,1.0014,1.0033
PES,118.7,16.75,1.0034,1.0034,0.9965
PES,180.4,5.52,0.9947,1.0018,0.997
PES,129.3,8.41,1.0014,0.9965,0.9983
PES,54.5,4.33,1.0044,0.9992,0.9973
PES,130.2,10.32,0.9977,1.0036,0.9972
PES,102.0,13.97,1.0037,1.0031,1.0036
PES,91.7,14.6,1.0024,0.9946,1.004
PES,133.0,16.99,1.0003,1.0034,1.0008
PES,164.1,5.55,0.9992,0.997,1.0034
PES,91.7,16.43,0.9954,1.003,1.0028
PES,96.0,18.29,0.998,1.0041,0.9967
PES,45.3,16.63,0.9969,0.9968,1.0035
PES,185.7,13.0,1.002,1.0012,0.9975
PES,35.8,17.46,1.0028,1.0041,0.9993
PES,100.2,16.98,1.0012,1.003,1.0024
PES,170.1,14.27,0.9984,0.9972,0.9996
PES,168.3,15.02,0.9979,0.994,0.9941
PES,139.1,12.97,1.0017,0.9954,0.9979
PES,136.8,6.96,0.9947,0.9957,0.9993
PES,194.8,16.78,1.0006,1.0018,1.0001
PES,164.7,7.07,0.9984,1.0012,0.9964
PES,146.9,16.71,1.0016,0.9958,0.9979
PES,60.9,17.65,1.0039,1.0034,0.9967
PES,191.2,18.54,0.9994,0.9996,1.0023
PES,195.6,4.77,1.0003,0.9953,0.9976
PES,102.9,5.94,0.9952,0.9981,1.0039
PES,49.9,14.65,0.9989,1.0039,0.9991
PES,144.5,3.25,1.001,0.996,1.0027
PES,163.0,6.47,0.9986,0.9952,1.0024
PES,132.0,19.91,0.9965,1.0007,0.998
PES,99.4,3.77,0.9973,0.9971,1.0006
PES,184.2,8.02,1.0002,0.9982,0.9937
PES,52.6,7.14,1.0016,1.0016,1.0019
PES,150.4,14.99,0.9961,0.9948,0.9944
PES,86.6,5.46,1.0035,1.0045,1.0039
PES,194.4,12.37,1.0005,0.9939,0.9959
PES,135.3,6.75,0.9979,0.9978,1.0038
PES,125.1,12.03,0.9965,0.9992,1.0034
PES,179.2,3.51,0.9967,0.9991,0.9952
PES,49.9,1.84,0.9961,1.0036,1.0032
PES,157.1,18.6,0.9962,1.0025,0.9997
PES,159.5,6.01,0.9968,1.0029,0.9971
PES,199.1,15.51,0.9944,1.0019,0.9998
PES,165.7,2.01,0.9952,0.9962,0.9943
PES,74.2,14.41,0.9987,1.0045,1.0037
PES,36.9,7.77,1.0019,0.9997,0.9997
PES,173.8,17.47,0.9944,0.9945,1.0022
PES,60.7,4.2,0.9998,0.9975,1.0037
PES,129.6,12.09,1.0036,0.9994,0.9997
PES,100.8,2.46,1.0021,1.0013,1.0034
PES,34.4,13.94,1.0015,0.9987,1.0006
PES,191.7,16.9,0.9945,0.9942,1.0016
PES,142.1,9.63,1.0033,1.0,0.994
PES,194.9,13.47,1.0025,0.9967,1.0007
PES,154.8,19.19,0.9991,0.9959,0.9941
PES,139.4,7.14,0.9944,0.9948,1.0036
PES,94.8,8.58,0.9961,1.0041,1.0031
PES,45.2,17.19,0.9962,1.0025,0.9974
PES,157.9,13.43,0.9947,0.9987,0.9981
PES,167.1,6.89,1.0004,0.9952,1.0005
PES,171.4,10.74,0.9983,1.0026,0.9984
PES,125.7,9.04,1.0015,1.0023,1.0003
PES,103.8,9.09,0.9946,0.9978,0.999
PES,68.1,14.04,0.996,0.9995,1.0008
PES,119.2,6.52,0.9985,1.0033,0.999
PES,55.3,3.43,1.0038,1.0032,1.0
PES,80.2,1.91,0.9953,0.9951,0.9957
PES,102.2,2.8,1.001,1.0002,0.997
PES,73.3,2.55,0.9997,0.9958,1.0013
PES,60.5,4.46,0.9986,0.9956,1.0035
PES,80.6,12.16,0.9989,1.0012,1.0007
PES,75.1,19.37,1.003,0.9963,0.9962
PES,157.0,12.48,1.0023,0.9949,0.9991
PES,31.0,3.22,0.9967,0.9997,1.0019
PES,177.7,19.35,0.9991,0.9984,0.9996
PES,195.6,7.85,0.9999,1.0005,0.9974
PES,81.5,3.38,0.9947,0.9957,0.9948
PES,195.0,17.32,0.995,0.9999,0.9997
PES,104.1,12.9,1.002,0.9962,0.9972
PES,108.8,10.01,0.9944,0.996,0.9958
PES,149.4,19.31,0.9982,1.0024,0.9995
PES,64.2,11.82,1.0028,0.9951,0.9946
PES,137.2,14.55,1.0035,1.0025,1.0013
PES,131.3,11.53,0.9968,0.999,0.9989
PES,130.5,12.62,1.0006,1.0022,0.9989
PES,151.4,11.04,0.9979,0.9971,0.9945
PES,181.8,8.93,0.9981,0.9986,1.003
PES,88.9,14.25,0.9944,0.9973,0.9962
PES,88.5,5.41,0.9966,1.0036,0.9979
PES,132.4,17.01,1.0003,0.9953,0.9968
PES,150.9,19.24,1.0018,1.0005,1.001
PES,165.3,16.2,1.0018,0.9999,0.9964
PES,157.4,13.67,0.9948,0.9958,0.9998
PES,47.2,8.9,1.0046,0.9978,0.9968
PES,38.0,1.34,1.0037,0.9985,0.9965
PES,170.8,17.99,0.9936,0.9942,0.9978
PES,135.0,3.29,0.9963,0.9968,0.9976
PES,90.4,1.89,1.0033,0.9973,0.9961
PES,147.3,10.79,1.0004,1.001,1.0032
PES,104.4,9.69,1.0026,0.9955,0.9954
PES,133.8,15.86,1.0032,1.0022,0.9943
PES,47.9,12.97,1.0033,1.0038,0.9962
PES,79.7,9.39,0.9995,1.0019,0.9955
PES,140.0,7.36,0.9952,1.0026,0.9984
PES,100.7,15.61,0.9965,1.0024,0.9976
PES,115.9,2.62,0.998,1.0019,0.998
PES,143.0,3.88,1.0014,0.9983,0.9964
PES,166.3,8.85,0.9976,0.9984,1.0023
PES,165.1,7.87,0.9939,0.9953,0.9939
PES,167.1,18.93,0.9941,0.9968,1.0033
PES,57.9,2.17,1.0024,1.0014,1.0012
PES,183.4,2.1,0.9998,1.0009,1.0004
PES,118.4,6.62,0.9981,1.0011,0.9998
PES,81.7,15.11,1.0034,0.9945,0.9972
PES,119.7,18.49,1.0008,0.9985,0.996
PES,122.6,15.98,1.0004,1.0011,1.0029
PES,162.9,8.69,0.9955,0.9969,0.9942
PES,86.9,14.78,1.0016,0.9957,1.0042
PES,78.3,2.76,1.0001,0.9999,1.0022
PES,57.2,1.53,1.0027,1.0007,0.9972
PES,161.6,14.8,1.0033,0.9949,0.9943
PES,93.4,12.91,0.9978,0.9949,1.0008
PES,51.2,6.66,1.0021,0.9993,1.0046
PES,166.9,19.79,0.9989,1.0025,0.9998
PES,120.7,12.32,0.9975,0.997,1.002
PES,151.5,13.78,1.0007,0.9991,0.9963
PES,85.7,12.07,1.0025,0.9981,0.9954
PES,151.0,16.74,0.9943,0.9944,1.0026
PES,111.0,9.48,0.9978,0.9996,1.0001
PES,118.2,8.5,0.9967,0.9992,0.9984
PES,104.8,18.69,0.9989,1.0039,1.0023
PES,54.5,3.42,1.0019,0.9961,1.0018
PES,176.8,3.24,0.9957,0.9986,1.0013
PES,190.5,8.02,1.0028,0.9996,0.9976
PES,50.5,11.86,0.995,0.9962,0.9984
PES,198.5,6.76,0.998,1.0015,0.9949
PES,130.2,1.92,1.003,1.0032,0.9964
PES,169.3,10.29,0.9947,0.9973,1.0024
PES,101.0,11.89,0.9998,1.0033,1.0021
PES,110.8,14.68,1.0001,1.0018,0.9992
PES,108.4,9.55,0.9986,1.003,0.9975
PES,166.0,13.63,0.9975,0.9961,0.9976
PES,122.0,19.2,1.0027,1.0014,1.0004
PES,177.2,14.44,0.999,1.0016,1.0006
PES,125.4,3.35,0.9997,0.9962,1.0005
PES,128.1,2.0,0.9998,0.9962,0.999
PES,182.5,3.29,1.0028,0.9956,0.9939
PES,163.7,5.66,1.0007,1.0028,0.9983
PES,167.2,12.53,0.9974,0.9942,1.0023
PES,34.0,9.3,0.9989,1.0034,0.998
PES,73.7,3.18,0.9956,0.9964,0.9961
PES,73.4,2.7,0.9977,0.9988,0.9964
PES,134.5,7.18,0.9942,0.9947,0.998
PES,84.4,8.84,0.9976,0.9983,1.0028
PES,50.6,4.85,1.0023,1.0007,0.9997
PES,157.9,8.32,0.9948,0.9945,0.9985
PES,99.2,10.2,0.9983,0.9967,1.0032
PES,75.8,19.31,1.001,0.9969,0.9999
PES,163.5,6.79,0.9977,0.9947,1.0002
PES,64.6,19.39,0.9981,1.0043,1.0022
PES,121.4,9.05,1.0031,0.9987,0.9942
PES,109.0,16.76,0.9969,1.0039,0.9941
PES,188.7,10.16,0.9992,1.002,0.9973
PES,89.7,13.01,1.0001,0.9995,0.9948
PES,155.7,11.7,0.9966,0.9978,0.995
PES,53.7,11.57,0.9974,0.999,1.0007
PES,192.8,7.05,1.0001,0.997,0.9962
PES,158.0,9.6,0.9961,1.0037,0.9972
PES,108.2,12.39,0.9942,1.0012,1.0007
PES,30.3,10.05,1.0038,1.0016,0.9989
PES,182.2,14.36,1.0008,0.9989,1.0013
PES,140.3,2.47,0.9943,1.0025,1.0009
PES,144.3,7.71,1.0019,1.0023,0.9976
PES,60.1,15.59,1.0014,0.9947,0.9991
PES,189.2,9.45,0.9954,0.9938,0.9963
PES,186.6,7.8,0.9942,0.9998,0.9966
PES,152.0,5.45,0.9987,0.9976,0.9968
PES,183.8,14.43,0.9952,0.9955,1.0017
PES,97.3,17.53,0.9998,0.9992,0.9997
PES,142.2,11.75,1.0006,0.9996,0.9946
PES,51.8,2.24,0.9974,1.0005,0.9971
PES,118.9,15.86,0.9958,1.0009,1.004
PES,147.8,11.13,0.9962,0.9996,0.9984
PES,189.4,13.18,1.0025,0.994,1.0028
PES,103.5,19.91,0.9967,1.001,0.9987
PES,91.5,15.42,1.003,0.9966,0.9971
PES,101.4,9.53,0.9943,0.9963,0.9951
PES,127.2,1.48,1.0015,1.0041,0.9985
PES,42.7,5.75,0.9965,0.998,1.0011
PES,46.4,10.12,1.0028,1.0007,1.001
PES,86.8,5.76,0.9955,0.9969,0.9979
PES,39.3,7.34,1.0027,1.0043,1.0026
PES,135.3,15.52,1.0,0.9998,0.9948
PES,40.3,1.63,0.998,1.0034,0.9956
PES,51.7,18.46,0.9989,0.9976,1.0008
PES,41.2,13.87,1.0002,0.9977,0.9985
PES,46.3,15.29,0.9969,1.0007,1.0012
PES,31.8,8.29,1.0028,1.0037,1.001
PES,87.7,18.81,1.002,0.9989,0.9975
PES,62.7,2.95,1.0007,0.9954,1.0026
PES,62.9,11.89,1.0009,0.9972,0.9988
PES,153.2,9.45,0.9961,1.0019,0.9945
PES,83.0,9.28,1.004,1.0021,0.9976
PES,180.5,15.73,0.9946,0.9966,0.9969
PES,92.7,1.15,1.0004,1.0014,0.9952
PES,116.2,16.87,1.0025,0.9983,0.996
PES,64.1,18.26,1.0022,0.9979,1.0011
PES,148.1,19.66,0.9995,0.9971,0.9995
PES,193.7,12.71,0.9973,0.9951,0.9979
PES,164.2,1.8,0.9959,0.994,0.9962
PES,69.1,12.85,0.9968,1.0019,1.004
PES,86.4,15.06,0.9963,0.9962,1.0042
PES,91.7,2.4,0.9948,0.9957,0.9975
PES,63.0,12.13,1.0022,0.9951,0.9949
PES,63.6,4.31,1.0035,1.0019,0.9981
PES,124.3,4.39,0.9943,1.0027,1.0034
PES,33.6,13.87,0.9985,1.0027,0.9958
PES,189.1,6.8,0.9957,1.0017,1.0002
PES,190.0,19.56,1.0029,1.0022,1.002
PES,41.1,3.74,1.0041,1.0028,0.9968
PES,94.3,8.11,1.0003,1.0042,0.9969
PES,37.9,12.7,0.9966,1.0001,1.0026
PES,85.7,2.01,1.0025,1.0033,1.0031
PES,194.6,17.83,0.995,0.9942,0.9979
PES,142.8,2.23,0.999,1.0017,1.0006
PES,116.6,10.47,0.9987,0.9975,0.9979
PES,148.1,14.6,0.9985,0.9966,0.9978
PES,186.6,12.1,0.9935,0.9958,0.9955
PES,176.7,8.52,0.9965,1.0026,0.9994
PES,189.0,8.11,0.9988,0.995,0.9944
PES,105.6,7.68,1.0001,0.999,1.0005
PES,102.4,9.88,0.9983,1.0024,0.9975
PES,95.0,4.41,0.9967,1.001,0.9981
PES,44.0,17.01,0.9997,1.0011,1.0024
PES,187.5,2.87,0.9941,0.9941,0.9957
PES,63.4,7.26,0.9976,1.0028,1.0015
PES,76.7,14.41,1.0043,1.0045,1.0019
PES,155.8,18.34,0.9935,0.9967,1.0019
PES,163.1,8.67,0.9976,0.9997,1.0004
PES,110.2,10.74,1.0017,0.9958,0.9982
PES,68.6,15.23,0.9991,0.9997,1.0023
PES,158.8,14.73,0.9981,1.0017,0.9968
PES,61.9,15.63,1.0014,0.9967,0.999
PES,124.9,8.12,0.9998,0.9955,1.0036
PES,31.6,16.4,1.003,0.9982,0.9989
PES,146.6,8.66,1.0015,0.9994,0.9972
PES,34.0,15.92,1.0039,0.9963,1.0042
PES,86.1,12.97,1.0003,1.0005,1.003
PES,196.6,4.88,0.9971,0.9989,0.9954
PES,48.5,11.82,0.9991,1.0037,0.9956
PES,47.7,11.51,0.995,1.0016,0.9996
PES,61.7,2.32,1.0044,0.9976,0.9971
PES,142.1,2.33,0.9945,0.9993,0.9959
PES,176.2,8.81,0.995,0.9948,0.999
PES,111.3,2.31,1.0038,1.0031,0.9957
PES,65.0,9.21,1.0017,0.9994,1.0006
PES,189.7,12.16,0.9982,1.0004,0.9962
PES,31.3,3.71,0.9956,0.9989,1.003
PES,119.4,18.3,1.0026,0.9987,0.9997
PES,155.3,6.47,1.0025,0.9985,1.0009
PES,151.0,6.65,0.9999,1.0021,0.9957
PES,72.4,18.1,1.0016,0.999,1.0035
PES,61.2,11.8,0.9985,1.0041,0.997
PES,178.0,6.2,0.9997,0.9967,1.0029
PES,148.7,14.73,0.9958,0.9988,1.0037
PES,124.0,19.91,0.9945,0.9951,1.0016
PES,85.4,9.57,0.9969,0.9996,0.9991
PES,42.4,14.2,1.0021,0.9985,1.0021
PES,175.5,8.54,0.9935,0.9949,1.0029
PES,85.6,15.22,0.9991,0.9951,0.9998
PES,71.2,19.05,0.9957,1.0027,1.0028
PES,59.0,1.34,0.9958,0.9977,1.0002
PES,96.4,2.47,1.0021,1.0013,0.9961
PES,90.9,5.12,0.9948,1.0013,0.9967
PES,148.4,16.89,1.0017,1.0003,1.0009
PES,182.5,8.42,0.9964,0.9942,0.9937
PES,161.3,15.58,1.0027,0.9975,0.996
PES,45.5,9.01,1.0046,0.9982,0.9967
PES,143.7,5.19,1.0027,1.0021,1.0024
PES,58.5,4.17,0.9989,0.9958,0.998
PES,125.5,4.6,0.9962,0.9997,1.0036
PES,50.5,5.06,0.9983,0.9965,0.9988
PES,83.8,8.39,0.999,0.9952,1.0026
PES,140.5,8.01,0.9945,0.9963,0.997
PES,131.8,19.68,0.9947,0.9993,1.0037
PES,174.6,4.26,1.0031,0.9998,1.0036
PES,148.4,13.88,1.0033,1.0008,0.9971
PES,138.0,17.8,0.9968,1.0024,0.9986
PES,87.0,12.56,1.0001,0.9983,1.0008
PES,69.5,12.16,1.0043,0.9969,1.0007
PES,182.5,6.87,1.0008,1.0013,0.9998
PES,40.2,8.12,0.9977,0.9963,0.9968
PES,36.4,18.54,1.0006,1.0042,1.002
PES,85.9,6.28,1.0009,1.0021,0.9997
PES,196.2,13.31,0.9959,0.9937,1.0018
PES,86.3,5.6,0.9998,1.0036,1.0012
PES,72.2,14.06,1.0016,1.0006,0.9983
PES,84.7,9.4,0.9944,1.0032,0.9952
PES,62.7,13.05,0.9959,0.9966,0.9955
PES,130.7,16.79,1.0031,0.9964,0.9947
PES,153.2,6.92,1.0009,0.9964,0.9957
PES,72.3,6.42,0.999,1.001,0.9973
PES,162.8,2.52,1.0034,0.9979,0.9956
PES,105.0,10.6,1.0015,1.0019,1.0025
PES,164.9,1.38,0.9975,1.0025,1.0015
PES,186.7,12.31,0.9947,1.0008,0.996
PES,108.8,9.62,0.9979,1.0004,0.995
PES,53.2,9.92,0.9962,0.9966,0.9948
PES,115.1,14.78,0.9989,1.0034,1.0035
PES,195.0,8.09,0.9981,1.0,0.9994
PES,99.5,1.74,1.0036,0.9984,1.0002
PES,63.0,9.29,0.9971,1.0038,1.0018
PES,116.6,10.28,1.0009,1.0012,1.0007
PES,187.5,14.98,0.9955,0.9938,1.0015
PES,137.3,13.85,1.0007,1.0004,0.9965
PES,107.4,13.94,0.9966,1.0003,1.0037
PES,173.1,1.23,1.0013,1.0003,1.003
PES,97.6,12.14,1.0032,0.9995,0.9962
PES,101.9,16.77,0.9966,0.9973,1.0038
PES,141.9,8.27,0.9969,0.9982,1.0028
PES,153.7,2.69,1.0002,1.0018,0.9975
PES,54.3,15.23,1.0038,0.9986,0.9976
PES,197.8,16.51,0.9929,0.994,1.0002
PES,119.2,13.44,1.0013,0.9959,0.9978
PES,149.7,4.76,0.9956,1.0035,0.9985
PES,168.4,4.53,0.9942,0.9957,1.0014
PES,74.1,18.14,0.9984,1.0007,1.0006
PES,177.6,4.16,0.9964,0.9976,0.9965
PES,88.2,12.13,0.9991,1.0012,0.9954
PES,40.4,15.28,0.9947,1.0005,1.0045
PES,46.5,10.92,0.9947,1.0008,1.0046
PES,159.4,18.71,0.9981,0.9971,0.9979
PES,93.0,17.91,1.0041,1.0025,1.0036
PES,143.1,8.19,0.9944,0.9976,0.9973
PES,47.0,9.68,1.0017,1.002,1.0036
PES,53.6,12.44,1.0033,0.9975,1.0016
PES,168.6,8.0,0.9997,1.0004,0.9985
PES,100.2,4.57,1.0042,1.004,1.0026
PES,32.8,7.84,0.9953,1.003,0.9981
PES,105.5,12.53,0.9981,1.0004,0.995
PES,102.7,18.7,1.0033,1.0041,1.0027
PES,183.9,14.95,0.9961,0.9955,0.9949
PES,118.4,11.87,1.0026,0.9992,0.9954
PES,165.5,6.73,1.0003,0.9994,1.0026
PES,58.6,9.48,0.9958,1.0013,0.9971
PES,66.0,15.31,1.001,0.9954,0.9988
PES,151.7,4.04,1.0031,1.0031,1.0017
PES,67.5,5.89,0.9994,1.0037,0.9959
PES,53.1,11.16,1.0019,0.9956,1.0016
PES,178.2,18.7,1.0008,0.9995,0.9998
PES,94.1,14.63,1.0015,0.9982,1.0007
PES,125.5,17.27,1.0019,0.9963,0.9951
PES,44.9,2.69,1.0023,1.0043,1.0023
PES,49.7,7.99,1.0032,1.0043,1.0005
PES,30.3,2.18,1.0003,1.0035,1.0048
PES,84.3,7.94,1.0012,1.0025,0.9997
PES,132.3,5.22,0.998,0.9996,0.9988
PES,54.6,18.91,1.0028,0.9996,0.999
PES,132.2,3.77,1.0007,1.0022,1.0012
PES,131.8,6.87,1.0039,0.9954,1.0041
PES,150.1,10.09,1.002,0.9989,1.0009
PES,94.0,19.64,0.9974,1.0025,0.9963
PES,154.6,16.4,1.0005,0.9943,1.0024
PES,60.4,10.26,0.9985,1.0045,1.0012
PES,174.2,19.83,0.9986,0.9969,1.0002
PES,198.4,15.4,0.9968,0.9986,0.9961
PES,148.4,4.71,1.0024,0.998,0.9953
PES,157.9,12.03,1.0016,1.0023,1.0009
PES,107.8,4.11,0.9957,1.0014,0.9973
PES,54.6,5.14,1.0022,1.0021,0.9949
PES,153.4,11.94,1.0004,1.0038,0.9953
PES,191.6,9.12,1.0016,1.0028,0.9945
PES,195.6,4.41,0.9938,1.0034,1.0001
PES,130.9,19.42,0.9999,0.998,0.9942
PES,70.9,10.28,1.0014,1.0041,1.0011
PES,93.8,14.14,1.0021,1.0009,1.0021
PES,177.0,13.36,0.996,1.0002,0.9972
PES,50.4,2.57,0.9997,1.0015,0.9999
PES,33.9,11.89,1.0005,0.9975,1.0022
PES,165.0,4.44,0.9985,1.0004,0.9982
PES,127.1,2.89,0.9947,1.0034,1.0022
PES,61.4,16.44,0.9946,1.0001,0.9998
PES,168.1,10.28,0.9987,0.9996,1.0008
PES,164.3,3.36,1.0012,1.0036,1.0029
PES,60.7,12.38,0.9963,1.0002,1.0026
PES,50.9,3.45,0.9969,0.9964,1.0004
PES,174.7,1.67,1.0034,0.9989,0.9975
PES,122.6,9.04,1.0035,0.9942,0.9972
PES,190.9,10.87,1.001,1.0001,0.9979
PES,128.1,14.21,0.9991,1.0039,0.9975
PES,121.5,4.99,0.9951,1.0025,0.9966
PES,62.0,6.69,1.003,1.0043,1.0007
PES,66.7,7.82,0.9959,1.0009,0.9954
PES,73.3,8.25,1.0035,0.9986,0.9954
PES,73.2,9.08,1.0014,0.9999,0.9953
PES,154.6,19.91,1.0004,0.9957,0.9973
PES,141.7,16.59,0.9997,0.9981,0.9954
PES,198.7,9.24,0.9934,0.9995,0.9942
PES,51.2,3.09,1.0003,0.9955,1.0012
PES,91.7,7.34,0.9971,1.0032,0.9967
PES,31.7,8.17,1.0045,0.9987,0.9959
PES,187.4,4.34,1.0007,0.9968,1.0019
PES,113.2,11.05,1.0011,1.0029,0.9997
PES,133.3,18.03,0.9954,1.0034,0.9978
PES,88.7,15.08,1.0039,0.9997,1.0003
PES,174.4,10.06,0.9947,0.9938,0.9988
PES,56.4,3.4,0.9985,1.0021,0.9953
PES,153.3,19.52,1.0005,0.9962,0.9997
PES,150.2,4.48,1.0037,1.002,0.999
PES,76.9,9.13,1.0039,1.0034,1.0027
PES,81.9,17.3,1.0037,0.9985,0.9974
PES,45.3,2.51,1.0022,1.0043,0.9965
PES,39.8,15.12,1.0002,0.9997,1.0034
PES,193.6,9.06,0.9983,1.0009,0.9983
PES,117.6,19.96,1.0027,1.001,0.998
PES,134.8,18.31,1.0011,1.0011,1.0009
PES,157.4,5.64,1.0011,1.0035,1.0022
PES,179.7,11.03,0.9994,0.9997,1.0032
PES,144.7,17.76,0.9988,0.9961,0.9945
PES,172.7,10.76,1.0029,0.9979,0.9974
PES,93.5,3.15,1.0036,0.997,0.9999
PES,160.3,3.24,0.9967,0.9969,0.9961
PES,155.5,11.81,0.9958,0.9969,1.0031
PES,139.3,16.69,0.994,0.9986,1.0
PES,113.0,7.76,1.0003,0.9976,0.9978
PES,30.9,17.91,0.9965,0.9983,0.9957
PES,113.6,2.61,0.9994,0.9959,0.9956
PES,112.9,3.96,1.0008,0.9966,0.9983
PES,80.9,9.14,0.9962,1.0026,0.9956
PES,104.6,16.95,0.9956,0.9978,0.9985
PES,91.1,17.54,0.9961,0.9962,0.9946
PES,97.1,15.13,1.0031,0.9959,0.9962
PES,111.5,13.64,0.9967,0.9984,0.9997
PES,166.0,14.57,0.9966,1.0014,1.0024
PES,115.3,18.55,1.0023,0.998,0.9951
PES,48.3,1.4,0.9964,0.9999,1.0026
PES,70.2,13.89,0.9978,1.0043,1.0018
PES,103.8,6.5,0.9991,1.002,0.9969
PES,55.9,10.71,0.9971,1.0024,1.0033
PES,199.0,5.7,1.0014,0.9955,1.0006
PES,167.7,14.32,0.9984,0.9955,1.0035
PES,130.5,13.06,0.9961,0.9954,0.9944
PES,198.4,18.65,0.9971,0.9995,0.9941
PES,38.7,8.74,0.9978,1.0012,0.9971
PES,87.2,10.1,0.9994,1.0009,0.9975
PES,75.8,6.33,0.998,0.9988,0.9978
PES,38.1,1.78,0.9954,1.0024,0.9971
PES,110.2,18.26,0.9949,0.996,1.0035
PES,91.8,6.78,0.9953,0.9946,1.0
PES,176.5,7.29,1.0008,0.9974,1.0015
PES,119.9,8.06,1.0006,0.9963,0.998
PES,180.8,3.48,1.0009,0.995,0.9996
PES,185.1,13.43,0.9951,1.0006,1.0027
PES,42.7,11.39,0.9981,1.002,1.0046
PES,64.3,14.69,0.9949,0.9965,1.0
PES,72.9,17.66,1.0028,1.0035,1.0041
PES,182.1,9.52,1.0005,1.0028,0.9943
PES,101.2,18.7,0.9991,0.9944,1.0001
PES,148.4,3.45,0.9943,0.9997,1.002
PES,147.9,15.07,0.9976,1.0007,1.0025
PES,195.2,4.14,1.0008,0.9975,1.0014
PES,98.1,6.16,0.9962,0.996,0.9966
PES,148.4,17.7,1.0014,0.9984,1.0008
PES,119.3,6.76,0.9963,1.0014,0.9998
PES,59.1,1.87,0.9971,0.9952,0.9963
PES,180.2,18.62,0.9958,1.0014,0.9998
PES,72.3,16.64,0.9997,0.9945,0.9979
PES,132.9,8.01,0.9948,1.0012,0.9996
PES,152.8,8.76,0.9998,0.9972,0.9945
PES,168.7,16.65,0.9955,1.0033,0.9953
PES,195.2,11.21,1.0029,1.0013,1.0012
PES,48.1,15.17,0.9984,1.0012,1.0033
PES,137.8,11.47,1.002,0.9962,0.9967
PES,128.9,16.35,1.0013,0.9956,0.9963
PES,153.5,8.0,1.0027,0.9949,0.9957
PES,61.5,17.38,0.9963,0.9994,1.0018
PES,140.1,1.4,0.9956,0.996,0.9981
PES,133.3,2.32,0.9948,0.9967,1.0033
PES,195.0,2.9,0.9986,1.0009,1.0017
PES,132.6,8.18,0.9941,1.0024,1.0017
PES,139.6,1.83,0.9965,0.995,0.9956
PES,136.7,1.26,1.0037,1.0038,0.9953
PES,155.1,7.43,1.0008,0.996,0.9987
PES,125.7,9.44,0.9956,0.9975,0.9957
PES,39.5,14.15,1.0009,0.996,1.0029
PES,47.5,6.64,0.9999,1.0032,0.9962
PES,185.1,1.46,0.9977,0.9953,1.0003
PES,68.4,17.7,0.9982,1.0033,1.0026
PES,49.1,4.22,0.9959,0.9958,1.0044
PES,90.7,12.7,0.9954,1.0036,1.0035
PES,182.2,12.49,0.995,0.9989,0.9995
PES,145.5,3.85,1.0006,0.9971,1.0023
PES,89.2,2.97,1.0036,1.0012,1.0039
PES,167.8,14.51,0.9941,0.9937,1.0029
PES,55.3,13.46,0.9977,0.9986,1.0018
PES,163.5,10.09,0.9942,0.9996,1.0034
PES,77.3,2.72,1.0045,0.9965,0.9985
PES,84.3,9.05,1.0013,0.9986,1.0024
PES,86.7,16.24,1.0008,0.9968,0.9985
PES,114.5,11.14,0.9994,1.0025,0.998
PES,128.8,9.01,0.9997,1.0011,1.0016
PES,149.5,5.47,0.9938,1.004,0.9942
PES,124.9,19.19,1.003,0.9946,0.9974
PES,174.3,17.47,1.0014,0.9965,0.9949
PES,175.1,19.46,1.0023,0.996,1.0017
PES,39.5,3.62,1.0045,1.0019,0.9987
PES,34.5,19.33,0.9983,1.0017,1.0012
PES,42.5,16.91,1.0033,0.995,0.9982
PES,43.4,2.46,1.0006,1.003,0.9964
PES,61.0,15.13,1.0019,1.0016,0.9975
PES,100.0,7.41,1.0021,1.0014,0.9973
PES,56.5,17.74,0.9948,1.0021,0.9995
PES,31.8,16.82,1.0015,1.0035,1.0002
PES,171.0,18.46,0.9982,1.0007,0.9977
PES,56.7,19.49,0.9996,1.0043,0.9957
PES,66.0,12.76,0.9967,0.9964,1.002
PES,125.1,16.99,1.002,0.9987,0.9971
PES,139.1,16.72,0.9953,1.002,1.0003
PES,63.1,3.06,0.9955,1.0008,1.0032
PES,34.8,6.36,1.0003,0.9955,1.0008
PES,158.6,6.87,0.9992,1.0003,0.9942
PES,75.8,19.56,0.9999,1.0,1.0022
PES,37.8,6.98,1.0043,0.9949,0.9984
PES,78.0,8.56,0.9964,1.0021,1.0018
PES,195.6,14.35,0.994,0.9975,1.0007
PES,47.2,16.34,0.9961,1.0005,0.9984
PES,129.7,17.19,0.9966,0.9955,0.9985
PES,180.5,2.77,1.0007,1.0026,1.0018
PES,141.2,15.61,0.9953,1.0036,0.999
PES,153.9,13.38,1.0029,0.9973,1.0016
PES,87.6,7.85,1.0029,0.9988,1.0034
PES,161.6,8.37,0.9957,1.0,0.9946
PES,55.9,12.93,0.9995,1.0027,0.996
PES,178.0,11.4,1.003,1.0015,0.9945
PES,46.0,6.96,1.0041,0.9964,0.9976
PES,91.8,2.7,0.9963,1.0023,0.9971
PES,110.5,5.86,1.003,1.0009,0.9957
PES,51.1,11.81,0.995,1.0033,0.9987
PES,175.7,18.43,0.9944,0.9972,1.0019
PES,191.8,8.1,1.0,0.9986,0.9961
PES,178.8,13.97,0.9994,1.0,1.0009
PES,71.6,16.6,0.9944,1.003,0.9973
PES,56.9,8.59,0.9954,0.9986,0.9993
PES,45.9,9.85,1.0011,1.0038,0.9994
PES,44.6,14.9,1.0038,1.0039,1.0023
PES,63.9,7.25,0.9978,1.0046,0.9995
PES,149.4,10.05,0.9965,0.9943,0.9955
PES,109.9,13.16,0.9973,0.9946,1.0002
PES,94.6,18.79,0.9977,0.9986,0.9989
PES,39.2,17.49,1.0041,1.0015,0.9973
PES,138.1,2.59,0.9947,0.9982,0.9972
PES,151.1,17.55,0.9987,1.0005,0.9963
PES,171.2,2.76,1.0026,0.9973,1.0014
PES,58.0,7.64,0.9988,0.9995,1.0016
PES,57.3,14.24,0.9981,1.0016,0.9984
PES,31.7,15.88,1.0006,0.9955,1.0014
PES,134.8,7.15,1.0038,1.0035,1.0015
PES,155.2,7.01,0.9952,0.9985,0.9954
PES,176.9,3.16,1.0032,0.9979,0.999
PES,30.6,9.56,1.0031,0.9961,0.9993
PES,194.8,2.85,0.9955,1.0034,0.9978
PES,122.8,4.16,0.9979,0.9978,1.0038
PES,195.2,11.96,0.9932,1.0016,0.9935
PES,182.4,10.54,1.002,1.0006,1.0
PES,107.5,8.8,0.9977,0.9998,0.9995
PES,160.1,3.15,0.9955,0.9983,0.9957
PES,131.1,11.31,0.9977,1.0025,1.0009
PES,104.4,6.38,1.0005,1.0036,1.0029
PES,199.2,16.31,0.9939,0.9998,0.9994
PES,99.9,10.43,1.0017,1.0036,0.9953
PES,105.5,12.04,0.9944,0.9972,0.9984
PES,67.9,9.64,0.9983,0.9966,0.9993
PES,51.2,19.38,1.0036,0.9987,1.0027
PES,149.7,15.08,0.9936,0.9976,0.996
PES,78.2,17.71,0.9969,1.0028,1.0023
PES,100.5,5.59,1.0033,0.9986,0.9946
PES,56.1,8.11,1.0028,1.0029,1.0007
PES,87.0,19.22,1.0041,0.9967,1.004
PES,62.8,13.24,1.0028,1.0026,1.0003
PES,51.9,13.09,1.0044,0.9964,1.0037
PES,117.9,9.31,0.9951,1.0023,0.9992
PES,137.3,15.9,1.0021,1.0002,0.9965
PES,124.0,19.03,0.9958,0.995,0.9983
PES,136.9,12.27,0.9941,1.0011,1.0032
PES,43.4,8.27,1.0022,0.9961,0.9993
PES,137.4,7.8,0.9963,1.0031,0.997
PES,121.0,5.66,1.0019,1.0021,1.002
PES,142.1,6.22,1.0032,1.0004,1.0004
PES,128.5,2.96,0.9987,1.0002,0.9953
PES,78.0,18.0,0.9952,0.9994,0.9979
PES,172.5,8.43,0.9984,0.994,0.9944
PES,193.1,2.45,1.0002,0.9974,0.9968
PES,184.4,16.36,0.9949,0.9936,0.9952
PES,126.4,12.53,0.9942,1.0039,1.004
PES,112.3,12.67,0.9995,0.9958,1.0016
PES,187.5,4.66,0.9937,0.9939,0.9988
PES,55.9,17.47,0.9956,0.9968,0.9978
PES,67.4,14.83,1.0038,0.9972,0.9993
PES,192.0,7.62,0.9987,0.9965,1.001
PES,114.3,10.74,0.9981,0.9962,0.9959
PES,146.8,17.86,0.9963,0.9978,0.9996
PES,160.3,6.92,1.0016,1.0034,0.9987
PES,180.1,9.05,1.0008,1.0018,0.9998
PES,133.2,9.16,0.9996,0.9979,1.0004
PES,40.9,4.18,0.9952,1.0,1.0007
PES,79.9,16.71,1.0007,1.0041,0.9979
PES,35.1,4.42,0.9981,1.0028,0.9985
PES,42.3,13.48,0.9984,1.0025,0.9959
PES,84.2,1.21,0.9979,0.9993,1.0026
PES,182.8,11.67,0.9971,0.9996,0.9988
PES,47.5,6.28,1.0008,1.0036,1.0034
PES,42.7,17.96,0.9988,1.0022,0.9977
PES,84.4,4.75,1.0025,0.9996,1.0045
PES,101.6,3.36,0.9961,0.9977,0.9983
PES,128.0,6.42,1.0005,1.0028,1.0041
PES,185.0,6.4,1.0018,0.9977,1.0026
PES,186.1,1.74,0.9999,0.9945,0.9947
PES,166.4,14.74,0.9961,1.0012,0.9976
PES,124.6,6.95,1.0002,0.9982,1.0012
PES,107.3,17.12,1.0037,0.9954,0.9979
PES,135.1,1.56,0.9945,0.9943,0.9953
PES,84.9,14.06,0.9986,0.9961,0.9963
PES,183.4,8.01,1.0024,1.0036,1.003
PES,177.6,5.93,1.0013,0.9949,1.0032
PES,42.8,7.26,1.0009,1.0029,0.9975
PES,59.0,3.62,0.9993,0.996,1.0034
PES,158.0,17.87,1.0031,0.9979,0.9981
PES,50.8,11.02,1.0004,1.0013,1.0044
PES,84.7,14.89,0.9965,0.9971,0.9973
PES,44.1,11.61,1.0034,1.0013,1.002
PES,65.0,2.48,1.0044,0.9954,0.9949
PES,66.7,16.55,0.9963,0.9956,0.9965
PES,130.4,11.03,1.0025,1.0017,0.9972
PES,107.2,3.93,0.9993,1.0036,0.9966
PES,91.8,19.53,1.0028,0.9994,1.002
PES,62.0,6.28,0.9963,0.9978,1.0034
PES,140.2,3.8,1.0027,1.0016,0.9965
PES,182.0,4.55,0.9937,1.0004,0.9982
PES,75.1,18.61,0.9951,0.9987,0.9958
PES,115.4,10.65,0.9946,0.997,0.9952
PES,140.3,14.91,0.9979,0.9969,0.9979
PES,131.0,11.06,0.9988,0.9984,1.0009
PES,139.9,19.22,0.9958,0.9944,0.9941
PES,75.3,2.25,0.9956,0.9969,1.0009
PES,151.7,8.45,0.9947,1.0013,1.0027
PES,75.6,4.91,1.0024,0.9981,0.9975
PES,131.4,14.94,0.9947,0.9991,1.001
PES,111.0,6.8,1.0033,0.9967,0.9975
PES,41.8,4.56,1.0038,0.9963,0.995
PES,110.7,7.35,0.996,0.997,0.9951
PES,145.5,17.21,0.9995,1.0036,0.9996
PES,113.0,5.7,0.9953,1.0025,1.0
PES,198.4,16.87,0.9981,0.995,0.9947
PES,46.0,6.79,1.0021,0.9993,1.0021
PES,198.3,5.89,0.9981,0.9972,0.9936
PES,89.9,14.49,1.0031,1.0021,1.0029
PES,183.4,12.32,0.9943,1.0004,1.0008
PES,33.5,19.59,1.0031,1.0013,0.996
PES,114.6,5.64,1.0016,1.0041,0.9979
PES,156.5,4.68,1.0033,1.0004,1.0036
PES,179.1,13.9,1.0022,0.9981,1.0031
PES,119.6,6.04,1.0009,1.0032,0.9982
PES,100.9,19.88,0.9971,0.9946,0.9993
PES,88.4,12.63,0.9986,0.999,1.004
PES,164.7,6.48,1.0033,0.9989,1.0007
PES,109.3,3.85,1.0039,1.0006,1.001
PES,81.6,6.48,1.0025,0.9947,0.995
PES,78.1,12.27,0.9949,0.9976,0.9988
PES,142.2,1.01,0.9965,0.9977,0.997
PES,176.0,13.64,1.001,0.9952,0.9944
PES,76.0,19.92,0.9962,1.0003,0.9951
PES,67.2,9.99,0.9981,1.0027,1.0009
PES,101.8,19.37,0.995,0.9968,0.9971
PES,82.8,11.71,1.0011,0.9977,1.0002
PES,146.2,4.79,0.9952,0.9996,0.9971
PES,44.6,11.77,1.0009,1.0002,0.9984
PES,178.9,9.3,0.9947,0.9981,0.9968
PES,188.9,14.54,0.9978,0.9978,0.9976
PES,99.7,1.53,1.0,1.0041,0.9987
PES,158.5,12.69,0.9965,0.9962,0.9989
PES,51.6,11.32,1.0003,0.9976,1.0022
PES,96.8,8.66,0.9943,1.0025,1.0031
PES,108.2,2.03,0.9949,1.0027,1.0009
PES,86.7,2.85,0.9974,0.9994,0.9979
PES,40.3,15.07,1.0014,1.0021,0.9952
PES,64.9,3.74,1.0021,0.9997,0.997
PES,144.9,17.19,0.9966,0.997,1.0037
PES,31.1,10.21,1.0017,0.996,0.9948
PES,132.6,3.3,0.995,0.9963,0.9989
PES,171.6,9.43,0.994,0.995,0.9977
PES,197.1,16.59,1.0013,0.9988,1.0015
PES,145.8,17.33,0.9997,0.9982,1.0001
PES,61.4,16.55,1.001,0.9963,1.0019
PES,122.9,10.05,0.9969,1.0009,1.0037
PES,113.8,13.69,0.9979,1.0012,0.9952
PES,100.9,9.07,0.9945,0.999,1.0
PES,31.9,6.75,1.0013,1.0038,1.0011
PES,37.2,18.23,1.0042,0.9994,1.0018
PES,77.1,19.65,0.9978,1.003,0.9993
PES,89.3,14.42,0.9981,0.995,1.0009
PES,89.8,14.66,0.9976,1.0015,1.0022
PES,77.3,15.49,0.9973,0.9984,1.0035
PES,139.7,8.15,0.9986,1.0007,0.9998
PES,187.7,15.73,0.9983,0.9948,0.9966
PES,192.4,7.61,0.9994,0.9976,0.994
PES,174.8,4.02,0.9945,0.9949,1.0031
PES,111.0,15.44,1.0038,1.0023,1.0014
PES,70.2,18.1,0.9961,1.0034,1.0019
PES,101.4,2.22,1.0005,0.9956,1.003
PES,42.4,15.5,1.0007,1.0031,1.0039
PES,84.6,14.28,0.9981,1.0043,1.0001
PES,64.0,5.8,0.999,0.9976,0.9967
PES,57.6,16.46,1.0025,0.9965,1.0003
PES,136.9,13.7,0.9958,1.0021,1.0029
PES,91.1,8.75,0.9998,0.9952,0.9963
PES,154.1,18.31,0.9999,0.9987,1.002
PES,127.0,10.0,0.9975,1.0003,0.9997
PES,53.4,2.28,0.9991,0.9986,0.9955
PES,43.3,15.87,0.9976,0.9959,0.9969
PES,132.3,7.29,0.9962,1.0036,1.0033
PES,72.7,14.36,0.9951,1.0032,1.0041
PES,42.7,11.93,1.0032,1.0041,0.9997
PES,97.9,2.08,1.0014,0.9956,0.9992
PES,186.0,6.0,0.9936,0.9971,0.9962
PES,86.9,15.53,0.9956,0.9999,1.0016
PES,187.1,13.6,1.0019,0.9959,0.9942
PES,191.2,18.18,1.0,1.001,0.9936
PES,196.8,19.05,0.9988,0.9994,0.994
PES,123.7,18.99,0.9965,0.9944,0.9943
PES,116.3,13.36,0.9983,0.9972,1.0026
PES,195.1,1.41,0.9939,1.0014,1.0018
PES,120.8,17.35,1.0007,1.0015,0.9995
PES,38.9,15.55,1.0016,0.999,0.9989
PES,53.4,9.32,1.0036,1.0045,0.9984
PES,62.9,9.29,0.9952,0.997,1.0005
PES,68.6,15.2,1.0033,1.0025,1.0001
PES,198.5,1.28,1.0005,1.0018,0.9944
PES,51.5,4.43,0.9952,0.9983,1.0013
PES,71.5,6.56,1.0006,0.9994,0.9958
PES,43.1,5.75,1.0002,0.9998,1.0022
PES,90.7,18.39,0.9963,1.0014,1.0036
PES,162.6,6.56,1.0002,0.9992,0.9965
PES,148.6,10.57,0.9942,1.003,1.0009
PES,135.7,6.32,0.996,0.9955,1.0039
PES,69.2,15.1,0.9965,0.9982,1.0026
PES,54.1,19.58,1.0014,1.0011,0.999
PES,49.4,10.48,0.995,0.9975,0.9985
PES,170.6,2.61,0.9964,1.0,0.9988
PES,176.7,8.31,0.9939,0.9958,0.9955
PES,103.3,1.99,0.9974,0.9999,0.998
PES,34.4,12.57,1.0037,1.004,1.0038
PES,167.7,12.23,1.001,0.9972,1.002
PES,103.8,9.12,1.0015,1.0017,0.9949
PES,48.6,8.37,1.0019,1.0015,1.0033
PES,189.5,9.81,0.9989,0.9993,0.9987
PES,57.6,8.24,1.0021,1.004,0.996
PES,32.6,16.19,1.0042,0.9956,0.9972
PES,122.3,7.41,0.998,1.0004,0.9978
PES,142.1,15.87,1.0017,1.0,0.9951
PES,126.6,7.1,0.9967,0.996,0.9988
PES,104.8,9.86,1.0038,0.9991,1.0027
PES,67.0,2.11,1.0041,0.9975,1.0008
PES,83.4,2.22,0.9963,1.0023,0.9974
PES,177.7,3.42,0.9998,0.9953,1.0
PES,38.4,3.17,0.9953,1.0018,1.0035
PES,128.6,1.8,1.0013,0.9949,1.0014
PES,74.0,5.89,1.0013,1.0032,0.9981
PES,152.1,12.41,0.9971,0.9947,0.9983
PES,116.9,5.5,0.9974,0.998,1.0025
PES,100.7,13.2,1.0029,0.9957,0.9975
PES,164.0,7.36,0.9977,1.0004,0.9985
PES,195.5,12.82,0.9946,0.9939,1.0027
PES,185.0,1.49,0.9996,1.0019,0.9989
PES,162.7,10.66,0.9993,0.9973,0.9959
PES,171.2,1.62,1.0009,0.9977,1.0039
PES,43.3,2.47,1.0042,0.9971,0.9999
PES,127.7,11.42,0.9981,1.0015,1.0025
PES,119.7,1.98,0.9989,0.9996,0.9988
PES,75.8,16.88,0.9972,0.9969,0.9968
PES,160.5,7.88,0.9982,1.0014,0.995
PES,71.0,14.92,1.0032,0.9981,0.998
PES,116.0,18.38,1.0004,1.0002,0.9985
PES,101.2,11.82,1.0024,0.9956,0.9997
PES,162.0,8.74,0.9994,0.9952,0.9964
PES,78.8,6.96,0.9953,0.9988,1.0044
PES,127.9,13.02,1.0016,1.0031,1.0028
PES,32.6,3.29,0.9976,1.0005,1.0042
PES,156.3,3.4,0.9941,0.9983,1.0009
PES,198.3,3.52,1.0019,1.0028,1.0026
PES,90.2,8.64,0.9999,1.0016,0.9956
PES,182.6,18.07,0.999,0.9996,1.0033
PES,37.7,15.04,0.9982,0.9992,0.9987
PES,106.5,16.86,0.9969,0.999,0.9955
PES,61.2,15.55,1.0036,1.0039,0.9953
PES,182.3,12.28,0.9969,1.0001,0.9973
PES,104.6,10.66,1.0,1.0038,0.9952
PES,80.5,7.48,1.0001,1.0035,1.0003
PES,173.5,9.11,0.9967,0.9969,0.9955
PES,54.3,16.47,1.0018,1.0045,0.9966
PES,118.3,11.93,1.0001,0.9952,0.997
PES,50.2,6.2,0.9991,1.0036,0.9977
PES,186.0,19.79,1.0005,1.0027,0.9999
PES,54.0,4.93,1.0031,1.0023,0.995
PES,183.4,19.24,0.9984,1.0014,0.9934
PES,171.5,1.49,0.9957,1.0033,0.9996
PES,154.5,10.9,1.0019,0.9968,0.9949
PES,150.1,17.05,0.998,0.9981,0.9964
PES,177.0,19.87,1.0004,0.9947,0.9969
PES,43.4,16.07,1.0019,0.998,0.9997
PES,76.9,12.98,0.9995,1.0023,1.0015
PES,83.5,18.57,0.9985,1.0037,1.0022
PES,84.0,16.99,1.0008,1.0032,0.9947
PES,137.9,1.15,0.9954,0.998,1.0036
PES,144.5,6.04,0.9954,1.0022,1.0014
PES,78.0,4.77,1.0033,1.0041,1.0032
PES,157.4,1.06,0.9945,0.9996,0.9961
PES,60.3,8.95,0.9972,0.9985,1.0005
PES,138.4,10.2,1.0004,0.9959,0.997
PES,69.4,6.55,0.9994,1.0026,0.9986
PES,90.7,10.14,0.9953,0.9956,1.0032
PES,158.3,6.46,1.0034,0.9972,1.0005
PES,49.7,9.83,0.9979,0.9959,1.0017
PES,149.8,15.7,0.9984,1.0019,0.9987
PES,100.0,5.46,0.9972,0.9995,1.0033
PES,163.1,2.16,1.0014,0.9966,0.9971
PES,96.5,9.4,0.9983,1.0035,0.9971
PES,153.8,7.46,1.0019,0.997,0.998
PES,127.3,4.16,0.9961,1.0005,1.0037
PES,134.3,7.26,1.0,0.9943,1.0013
PES,166.4,2.71,1.0007,1.0031,1.0016
PES,124.0,13.44,0.9991,0.9977,0.996
PES,56.7,11.18,1.0032,0.997,1.0026
PES,184.8,7.3,0.9955,1.001,1.003
PES,36.1,1.38,1.0044,0.996,0.9989
PES,112.4,3.98,0.9972,0.9967,1.0021
PES,72.0,6.18,0.9958,1.0025,1.0012
PES,52.3,15.07,0.9972,0.9955,0.9953
PES,152.8,15.49,0.9977,0.994,1.002
PES,132.8,3.89,1.0014,1.0021,0.9961
PES,133.0,6.93,0.9972,0.9993,0.9944
PES,76.6,4.85,0.9972,1.0012,0.9993
PES,79.5,2.77,1.0042,1.0003,0.9995
PES,184.3,11.13,0.9957,0.9938,0.9985
PES,96.9,8.08,0.9998,0.9955,0.9966
PES,195.8,8.55,0.9955,0.9972,0.9991
PES,139.3,7.32,1.002,1.0039,0.995
PES,58.8,17.43,0.9993,0.9971,0.9959
PES,134.8,10.0,1.0011,0.9998,0.9964
PES,160.5,5.79,0.9968,0.9973,0.9954
PES,84.6,11.74,0.9984,0.9945,1.0013
PES,158.4,16.1,0.9989,0.9969,1.0002
PES,84.7,14.47,0.9994,1.003,1.0043
PES,43.8,3.0,1.0018,0.9986,1.0024
PES,57.6,15.21,0.9962,0.999,1.0042
PES,36.6,9.06,0.9965,1.0029,0.9997
PES,157.3,11.39,0.9976,0.9968,0.9981
PES,80.0,18.52,1.001,0.9996,1.0004
PES,93.2,13.35,0.9956,0.9996,0.9964
PES,134.4,14.58,0.999,0.9965,0.9986
PES,189.2,18.61,1.0002,1.0019,0.9946
PES,119.1,16.76,0.994,0.9983,0.9955
PES,41.4,19.56,0.9976,0.9965,1.0015
PES,121.4,7.29,0.9947,0.9989,0.9958
PES,89.6,11.62,0.9965,1.0007,1.0037
PES,76.7,16.59,1.003,1.0003,0.9974
PES,136.2,8.66,0.9964,0.9995,1.0006
PES,43.2,3.9,1.0021,0.9977,0.9975
PES,47.4,16.14,1.0004,1.0023,0.9979
PES,161.2,12.25,0.9963,1.0019,1.0024
PES,143.6,9.99,0.9954,1.0018,1.0038
PES,45.5,16.26,0.996,0.9963,1.0033
PES,85.0,18.02,0.9947,0.9995,0.9987
PES,143.0,7.21,0.9988,0.9952,0.9996
PES,94.1,8.33,0.9991,0.9976,0.9996
PES,120.2,17.78,1.0023,1.0036,1.0034
PES,171.7,14.52,1.0017,0.9993,0.9985
PES,164.1,14.02,0.999,0.9981,0.9971
PES,34.3,7.95,0.9995,1.0016,1.0021
PES,66.3,11.64,1.0045,1.004,0.9984
PES,60.4,15.2,0.9946,0.999,0.9998
PES,31.0,6.9,0.9958,0.9986,0.9974
PES,186.7,12.53,0.9935,0.9963,0.9982
PES,37.5,14.21,0.9972,1.001,1.0044
PES,170.0,17.4,1.0025,1.0036,0.9998
PES,113.4,10.0,1.0028,1.0018,1.0023
PES,36.5,1.55,1.0039,0.9965,1.0023
PES,178.1,3.5,0.9977,1.0023,0.9943
PES,138.4,2.18,0.995,0.9996,1.004
PES,63.0,12.67,0.9947,1.003,1.003
PES,83.8,14.48,1.0033,1.0003,1.0038
PES,117.8,18.87,0.9979,1.0025,1.0007
PES,41.0,16.68,0.9996,1.002,0.9954
PES,105.4,6.23,0.9962,0.9994,0.9961
PES,157.0,16.92,0.9935,0.9965,0.9972
PES,88.0,11.8,1.0013,1.0001,0.999
PES,49.8,2.72,1.0021,0.9967,1.0008
PES,194.2,15.57,1.0009,0.9956,0.997
PES,43.8,14.76,0.9971,1.0031,1.0011
PES,183.3,4.63,1.001,0.9951,0.9942
PES,150.0,4.38,0.9952,0.9972,0.9963
PES,62.0,17.79,0.9962,0.9975,1.0014
PES,75.0,10.31,1.0002,0.998,1.0009
PES,106.4,12.99,1.0024,0.9946,1.0026
PES,95.6,11.22,0.9963,1.0014,0.9978
PES,167.9,16.13,0.9954,1.0007,0.9986
PES,171.1,16.09,0.9942,1.0014,0.9961
PES,109.5,1.6,0.9955,1.001,0.9963
PES,53.8,12.15,0.9983,0.9985,1.0005
PES,35.8,14.32,1.001,1.0035,0.9948
PES,101.6,7.36,1.0007,0.9954,1.0035
PES,82.1,9.87,0.9963,0.9947,1.0026
PES,107.6,11.94,0.9985,0.9983,1.0026
PES,72.9,8.09,0.9979,1.0014,0.9976
PES,195.0,17.67,1.0005,1.0024,0.9983
PES,101.6,15.71,1.0036,0.9983,0.9945
PES,117.1,18.52,1.0027,1.0037,1.0034
PES,63.7,19.48,1.0019,0.9958,0.9977
PES,193.2,19.44,0.996,1.001,1.0012
PES,108.0,4.14,0.9943,0.9959,1.0032
PES,81.2,2.53,0.9969,0.9967,0.9955
PES,71.6,14.01,1.0029,0.9983,0.9992
PES,88.6,9.95,1.0012,1.0015,1.0035
PES,143.6,16.8,1.0007,1.0015,0.9948
PES,51.8,15.5,0.9959,1.0024,1.0035
PES,169.4,14.88,0.9976,0.9976,0.9943
PES,113.0,15.07,0.9998,0.9964,1.0002
PES,160.5,8.01,0.997,1.0021,0.9999
PES,157.8,18.38,0.9998,0.9951,0.9955
PES,65.9,9.27,0.9979,1.0012,0.9989
PES,78.4,8.35,1.0027,0.9949,1.0041
PES,101.7,4.11,1.0012,1.0028,0.9991
PES,44.0,14.04,0.9956,1.0033,1.0027
PES,32.1,7.06,1.0006,0.9987,0.9994
PES,112.6,19.24,0.9979,1.0018,0.997
PES,74.0,13.05,1.0004,1.0025,0.999
PES,93.4,10.0,0.9976,0.9998,0.998
PES,163.5,19.63,0.9986,0.9975,1.0003
PES,55.6,7.41,1.004,1.0006,0.9967
PES,168.2,14.82,0.9979,0.9942,0.9964
PES,50.7,10.3,0.9983,1.0036,1.0015
PES,72.9,7.41,0.9975,1.0028,1.0
PES,60.4,7.78,0.9948,0.9979,1.001
PES,131.3,7.79,0.9943,1.0015,0.9966
PES,44.3,2.8,1.0021,1.0012,0.9992
PES,76.7,19.47,1.0011,0.9968,1.0026
PES,171.9,14.92,0.9985,0.9982,0.9943
PES,93.4,3.79,1.0042,1.0009,1.0033
PES,94.9,19.63,0.9948,1.0035,1.0017
PES,101.8,1.43,1.0039,0.9971,1.001
PES,180.1,16.9,0.9975,0.9947,0.9953
PES,74.4,6.76,0.9997,1.0032,0.997
PES,165.8,8.11,0.9983,1.0014,0.9982
PES,157.0,15.79,0.9962,1.0005,0.9997
PES,184.7,13.89,0.9959,0.9976,0.9936
PES,100.4,3.47,0.997,1.0005,1.0042
PES,84.1,5.21,0.9947,0.9978,0.9952
PES,78.9,14.53,1.0026,1.0003,1.0007
PES,85.9,8.39,1.0037,0.9946,0.9979
PES,88.9,9.44,0.999,1.0019,0.9965
PES,148.6,13.79,0.9962,0.9942,1.0023
PES,194.5,13.0,0.9987,0.9969,0.9954
PES,197.4,8.01,0.9961,0.9967,1.0002
PES,35.0,12.87,0.9964,0.9983,0.999
PES,199.3,1.44,1.003,0.9992,0.9985
PES,69.9,18.5,0.9956,1.0005,1.0029
PES,46.5,5.15,1.0047,1.0005,0.9966
PES,57.0,15.77,1.0018,0.9986,0.9986
PES,157.7,8.95,0.9996,0.9971,0.9975
PES,48.0,17.81,1.0041,1.0022,0.9977
PES,121.1,8.45,1.0026,0.9992,0.9988
PES,170.4,9.54,1.0027,0.9955,0.9966
PES,120.6,7.35,0.9987,0.996,1.0033
PES,95.2,13.41,1.0039,0.9985,1.0007
PES,135.2,3.63,1.0002,1.0042,1.0002
PES,154.5,18.96,0.9967,0.9962,0.9993
PES,110.2,2.73,0.998,1.0018,1.0032
PES,141.2,11.49,1.0024,1.0025,0.9956
PES,92.7,17.62,0.9959,1.0037,1.0034
PES,84.9,6.57,1.0034,0.9966,0.9991
PES,71.7,12.46,1.0043,1.0025,1.0042
PES,115.0,3.11,1.0003,0.9977,1.0036
PES,57.1,9.78,1.0042,0.9948,0.995
PES,145.1,17.47,1.0035,1.0025,0.9945
PES,100.9,5.94,1.0015,0.9956,1.0022
PES,140.0,11.15,0.994,0.9988,1.0012
PES,79.8,8.57,1.0027,1.0022,0.9981
PES,151.8,10.72,1.0001,0.9982,0.9951
PES,54.8,5.99,1.003,1.0023,0.9959
PES,58.7,8.84,0.998,1.0038,1.0026
PES,65.7,2.85,1.0011,0.9955,1.0037
PES,113.6,5.65,0.9968,0.9973,0.9988
PES,163.9,14.29,0.9991,0.9997,1.0013
PES,55.2,6.48,0.9969,0.9985,0.9984
PES,79.5,18.95,0.9958,1.0007,0.999
PES,104.8,6.6,1.0017,1.0013,0.9958
PES,79.7,8.3,1.0008,0.9948,0.9966
PES,81.5,12.1,0.9969,1.0017,1.0019
PES,199.3,8.71,0.9993,0.9952,0.9969
PES,56.5,17.2,0.9976,0.9983,1.0031
PES,112.5,4.21,0.9995,0.9961,1.0033
PES,32.4,18.99,0.998,0.9978,0.9969
PES,77.3,15.78,1.0022,1.001,0.9979
PES,108.1,18.34,1.003,1.0026,1.0025
PES,163.1,10.96,0.9958,0.9958,1.0004
PES,97.7,2.88,0.9977,0.9952,1.0
PES,120.9,15.08,1.0026,1.0038,0.9946
PES,126.3,5.71,0.9966,1.0016,1.0011
PES,140.6,5.66,1.0008,0.9987,0.9945
PES,133.6,11.49,0.9948,0.996,1.0023
PES,40.8,18.16,0.9998,0.9953,0.9969
PES,129.6,12.04,0.9985,0.9995,1.0018
PES,84.2,13.04,0.9963,0.9956,0.9952
PES,63.6,11.31,0.9967,0.9995,1.0003
PES,128.9,17.36,0.9949,1.0029,1.0017
PES,63.1,16.31,1.0006,0.9991,0.9945
PES,158.3,12.43,0.9985,0.9956,0.9988
PES,117.4,19.08,0.9968,1.0028,0.9965
PES,76.8,11.66,0.9975,0.9989,1.0042
PES,190.8,10.26,0.9964,1.0033,0.9982
PES,57.7,2.25,0.9991,0.9978,1.0041
PES,105.3,13.12,0.9995,0.9961,1.002
PES,159.7,5.05,0.9987,0.9971,0.9992
PES,47.5,6.7,1.0008,1.0005,0.9963
PES,56.6,15.56,1.0023,1.0031,1.0006
PES,56.7,19.18,1.0042,1.0011,1.0023
PES,162.6,6.12,1.003,0.9986,1.0024
PES,81.6,3.75,0.9979,0.9982,1.0021
PES,106.5,9.08,0.9981,0.9985,1.0019
PES,98.7,19.4,0.9976,1.0023,1.0039
PES,160.4,1.37,1.0008,0.9961,1.0012
PES,80.1,8.1,0.9977,1.0025,0.9978
PES,125.2,4.79,0.9962,0.9993,1.0028
PES,48.2,5.62,0.998,0.9996,1.002
PES,109.9,19.45,0.9944,1.0007,1.0009
PES,184.5,10.25,0.9961,0.9997,0.9973
PES,47.2,13.15,0.9974,0.9984,1.0039
PES,48.9,3.55,1.0023,0.9981,1.0026
PES,100.3,3.88,0.9959,0.9975,0.9965
PES,45.0,5.66,1.0005,1.0025,0.9974
PES,120.3,6.54,0.9943,1.002,0.9949
PES,163.6,14.52,0.9966,1.0023,1.0027
PES,105.8,17.81,0.9958,0.9989,0.9987
PES,86.6,13.88,1.0013,0.997,1.0018
PES,33.9,3.26,0.999,0.9989,0.9998
PES,38.2,11.04,1.0039,0.9999,0.9949
PES,104.3,1.61,0.9994,1.0025,1.0024
PES,113.6,11.92,1.0004,1.0016,0.9998
PES,195.6,15.83,0.9983,1.0014,1.0017
PES,44.9,18.53,1.0006,1.0046,1.0021
PES,160.4,9.19,0.9964,0.9984,1.0026
PES,155.6,13.36,0.9943,1.0003,0.9972
PES,119.7,14.16,1.0021,0.9985,0.9943
PES,127.7,1.12,1.0024,0.9945,0.9965
PES,102.6,5.92,0.9965,1.0012,0.9977
PES,107.8,13.64,1.0018,1.0,0.9977
PES,179.7,17.48,0.9947,1.0013,0.9955
PES,60.9,1.5,1.0008,1.0032,1.0026
PES,121.8,19.14,0.9971,0.9972,0.9962
PES,65.5,6.76,0.9988,0.9974,1.004
PES,66.9,7.75,0.9959,1.0036,0.999
PES,171.8,8.13,0.9979,1.0012,1.0011
PES,94.7,9.49,0.9983,0.9965,0.9982
PES,168.5,2.76,0.9954,1.003,1.0011
PES,50.7,15.38,0.9957,0.9995,1.0006
PES,157.4,7.02,0.9956,1.0038,1.0019
PES,91.2,5.85,0.9955,0.9991,0.9946
PES,166.6,8.61,1.0021,0.9974,1.0032
PES,172.2,9.25,1.0019,0.9968,1.0037
PES,44.4,13.23,0.9985,0.9994,1.0042
PES,76.7,13.3,0.9976,0.9959,0.9969
PES,126.0,3.43,0.9957,1.0012,1.0019
PES,40.4,16.25,1.0033,1.0013,0.9983
PES,100.5,3.99,0.9961,1.0038,1.0041
PES,156.1,16.4,0.9953,1.0026,0.9948
PES,57.6,10.45,0.9977,1.0009,1.0037
PES,75.1,7.1,1.0023,0.9979,1.0035
PES,35.8,17.57,1.0037,0.9952,0.9984
PES,131.7,10.98,0.9955,0.9942,1.003
PES,45.7,19.78,0.9956,0.9994,1.0043
PES,175.5,11.2,0.9947,0.9997,1.0
PES,82.9,9.92,1.0034,0.9958,1.001
PES,92.1,12.66,1.0014,0.9992,1.0018
PES,174.8,4.73,0.9957,0.9951,1.0032
PES,68.3,2.56,0.9956,0.9988,1.0036
PES,47.9,5.3,0.9966,1.0014,0.9981
PES,195.6,13.7,0.9982,0.9992,1.0022
PES,159.2,3.5,0.998,1.0006,0.9998
PES,188.9,1.65,1.0025,0.9976,0.9942
PES,63.6,4.46,0.9961,0.9951,1.0027
PES,57.5,7.13,1.0004,0.9996,0.9981
PES,136.9,16.52,0.9995,0.9985,0.996
PES,135.6,11.37,0.995,0.9968,1.0017
PES,187.1,7.41,1.0022,0.9962,1.0017
PES,112.9,11.43,1.0007,1.0009,0.9976
PES,118.2,2.2,0.9979,1.0008,1.004
PES,51.5,5.32,0.9993,0.9959,1.0003
PES,80.3,17.59,0.9973,0.9988,1.0042
PES,44.1,17.47,0.9996,0.9986,1.004
PES,199.8,4.7,1.0016,0.9958,0.9937
PES,154.7,7.72,0.9997,0.9955,1.0025
PES,119.3,16.2,0.9975,0.9964,1.0035
PES,120.2,8.11,0.9951,0.9959,1.0005
PES,135.1,17.02,1.0012,0.9955,1.0033
PES,133.6,17.31,0.9965,1.0036,1.0034
PES,80.4,18.12,1.0039,1.0033,0.999
PES,53.1,18.82,0.9945,0.9971,1.0
PES,83.0,18.54,1.0003,1.004,0.9949
PES,99.8,3.73,1.0026,1.0021,1.0025
PES,191.7,5.61,1.0011,1.0001,0.9975
PES,62.9,16.85,0.9951,1.0042,0.9972
PES,181.7,3.35,1.0009,1.0032,0.9953
PES,105.4,13.77,1.0017,0.9944,0.9954
PES,82.9,2.95,1.0008,0.9993,1.0012
PES,80.8,3.37,1.002,0.9992,0.9953
PES,196.4,18.3,0.9963,0.996,1.0031
PES,94.9,17.93,0.9952,0.999,1.0
PES,179.0,14.14,1.0012,1.0012,0.9957
PES,47.5,19.95,1.0005,1.0006,0.9981
PES,177.8,13.63,1.0016,1.0032,0.9977
PES,138.5,17.44,0.9964,1.0012,0.9966
PES,72.8,10.65,0.9987,1.0029,1.0044
PES,44.1,2.92,1.0029,0.9973,0.9998
PES,130.5,13.65,0.9949,1.0019,1.0011
PES,125.3,16.91,0.9976,0.9992,1.0032
PES,95.0,12.43,1.0001,1.0023,1.0039
PES,127.9,3.23,1.0017,0.9979,1.001
PES,183.6,9.01,0.9972,1.0011,0.9971
PES,164.0,17.19,0.9991,0.9989,1.003
PES,168.2,12.93,1.0012,1.0004,0.9939
PES,126.4,1.46,1.0036,0.9953,1.0035
PES,166.3,14.85,1.0019,0.9962,1.0018
PES,88.5,19.5,0.9966,0.9988,0.9947
PES,107.9,19.83,0.9966,1.0021,0.9961
PES,161.0,11.4,0.9967,0.9978,0.9972
PES,168.6,17.05,1.0018,0.997,0.9997
PES,155.8,16.89,0.9957,1.0021,0.9947
PES,152.7,13.15,0.9967,0.9988,0.9957
PES,95.1,6.03,1.0014,0.998,1.0025
PES,182.3,15.34,1.0027,0.9968,0.9946
PES,128.9,18.27,1.0007,0.9996,1.0015
PES,121.5,8.56,1.001,0.9962,0.9951
PES,131.7,17.66,0.9978,0.9966,1.001
PES,120.6,8.54,1.0033,0.9953,1.0038
PES,168.5,17.86,0.9962,0.9993,0.9943
PES,199.9,9.41,0.9935,0.999,1.0001
PES,76.5,10.4,1.0028,1.0044,0.997
PES,68.4,13.31,0.9966,0.9947,0.9969
PES,33.5,12.63,1.0031,0.9989,1.0002
PES,126.6,8.83,1.0025,1.0,1.0004
PES,181.1,19.6,1.0005,1.0005,1.0032
PES,166.6,6.01,0.9973,1.0029,1.0032
PES,84.4,7.78,1.004,0.9959,1.0031
PES,197.7,5.69,0.9986,0.9949,1.0033
PES,163.3,10.64,0.9983,0.9969,1.0018
PES,132.7,14.68,1.0009,1.0005,0.9995
PES,197.5,9.84,0.9988,0.994,0.9996
PES,114.5,9.29,1.0036,0.996,0.9998
PES,125.0,2.09,0.9976,1.003,0.9958
PES,145.9,2.24,1.0011,0.9998,1.0036
PES,153.7,14.56,0.9984,1.0009,1.0032
PES,197.7,5.09,0.9977,0.999,1.0003
PES,86.2,11.83,1.0031,1.0039,0.9958
PES,121.7,13.95,0.9971,0.9942,1.0002
PES,151.1,7.81,0.9949,1.0038,1.0001
PES,120.1,14.88,1.0012,0.9966,1.0001
PES,159.0,4.41,0.9955,1.0005,0.9989
PES,50.3,2.69,1.0043,1.0006,1.0043
PES,95.9,8.74,1.0013,0.9958,0.9978
PES,46.3,7.75,1.0018,1.0036,0.9998
PES,61.4,8.63,0.9969,1.0045,1.001
PES,87.8,15.28,0.9995,0.9946,1.0004
PES,196.9,2.12,0.997,0.9953,1.0033
PES,120.0,1.09,0.9981,0.9946,1.0034
PES,125.8,17.33,1.0033,0.9959,1.0002
PES,60.9,5.15,0.9981,1.0035,1.0038
PES,132.0,11.91,1.0028,1.0011,1.0028
PES,60.2,3.83,1.0029,0.9951,0.9951
PES,121.4,19.2,1.0032,1.0021,0.9971
PES,79.5,7.63,0.9963,0.9998,1.0035
PES,114.6,12.47,1.004,1.0034,1.0035
PES,187.9,11.41,0.9971,0.998,0.9946
PES,124.3,7.43,0.9977,0.9966,1.0024
PES,62.0,8.68,0.9982,1.0038,1.0038
PES,167.9,18.28,1.0003,1.002,0.9945
PES,118.4,13.61,0.9972,0.9994,0.9998
PES,120.4,8.49,0.9995,0.9962,0.9974
PES,106.1,4.76,1.0037,0.9987,0.9987
PES,44.0,1.45,0.9959,1.0005,1.001
PES,82.0,19.85,1.0019,1.0021,1.0012
PES,119.7,1.79,1.0037,0.9974,1.0002
PES,183.0,11.31,0.9997,1.001,0.9989
PES,38.0,6.76,0.9967,1.0045,0.9954
PES,170.3,17.6,1.0006,0.9989,0.9953
PES,93.0,14.28,1.0033,0.9953,1.0038
PES,181.7,14.54,0.9939,0.9956,0.9955
PES,138.9,1.3,1.0032,0.9963,1.0011
PES,187.1,1.09,0.9959,1.0019,1.0021
PES,197.3,19.75,1.0011,0.997,1.0015
PES,37.6,3.69,0.9974,1.0016,1.0037
PES,101.9,11.84,1.0028,1.0006,0.9963
PES,179.4,15.0,0.9959,1.0005,0.9976
PES,100.3,6.28,1.0033,1.0026,0.9993
PES,132.0,12.9,0.9978,1.001,0.9985
PES,142.7,5.24,1.0003,0.9953,1.0031
PES,113.1,4.48,0.9975,1.0038,0.9969
PES,145.8,18.68,0.9975,0.9992,0.9966
PES,126.9,3.06,0.9953,1.0025,1.0031
PES,191.5,11.54,0.9981,0.9948,1.0034
PES,109.7,3.08,0.9966,1.0027,0.9962
PES,159.6,16.32,0.9958,0.9999,0.998
PES,54.3,12.34,0.995,1.004,1.0023
PES,62.1,5.0,0.9978,1.0004,1.0042
PES,88.0,19.06,1.0034,0.9978,0.9962
PES,139.5,8.43,0.9954,0.997,0.9947
PES,61.3,4.69,1.0013,0.9991,1.0034
PES,41.8,5.67,1.0001,1.0004,0.9963
PES,193.9,2.08,1.0002,0.9978,0.999
PES,135.2,4.23,1.0033,0.9979,0.9956
PES,47.6,5.44,0.9986,1.0004,1.0029
PES,160.7,3.27,0.996,1.0003,0.9996
PES,42.6,13.33,1.0038,1.0041,1.0011
PES,78.0,12.7,0.9989,1.002,1.0013
PES,134.1,7.56,1.0038,0.9987,1.0033
PES,56.0,11.19,0.9982,0.9961,1.001
PES,59.6,19.38,1.0044,1.0033,0.9981
PES,33.6,16.3,0.9961,0.9993,1.0018
PES,122.1,5.31,0.9981,1.0027,0.9978
PES,190.1,9.0,0.9974,1.0009,0.998
PES,96.0,7.91,0.9976,0.9984,1.0016
PES,65.0,5.12,0.9966,0.9967,1.0034
PES,142.1,12.76,1.0027,0.9995,1.0015
PES,99.4,13.24,0.9963,0.9957,0.9953
PES,140.9,6.71,1.0022,1.0018,1.0003
PES,38.7,5.13,1.0004,0.9965,0.9987
PES,118.0,4.43,0.9986,1.0013,0.9982
PES,143.4,6.19,1.0013,0.9997,0.9956
PES,98.3,15.86,0.9961,0.9984,0.9989
PES,177.6,3.48,1.0028,0.997,1.0031
PES,134.1,14.97,1.0025,1.0008,1.0018
PES,44.6,1.16,1.0035,0.9954,1.0034
PES,83.3,18.13,0.9962,0.9959,0.9964
PES,172.9,7.9,1.0026,0.9996,1.002
PES,110.8,14.37,0.9969,0.9952,0.9998
PES,183.1,3.89,0.9976,0.9991,0.9999
PES,56.9,11.49,0.9993,1.0045,1.0015
PES,183.6,19.55,0.9997,0.9949,0.9978
PES,158.5,3.58,0.9976,0.9978,0.9957
PES,33.4,14.07,1.0029,1.0041,1.0006
PES,60.9,17.99,1.0041,1.004,1.0001
PES,180.6,19.77,1.0019,0.9942,0.9947
PES,81.0,8.48,0.9959,1.0045,1.0024
PES,143.7,19.27,0.9967,1.001,1.0032
PES,44.1,12.45,1.0026,0.9949,1.0036
PES,101.0,4.21,1.0029,0.9964,0.9973
PES,118.5,18.4,0.9987,1.0031,0.9945
PES,70.6,6.83,0.999,0.999,0.995
PES,157.5,15.44,0.998,0.9946,0.9992
PES,52.2,19.59,1.0007,1.0019,0.9947
PES,94.7,18.19,0.9979,0.9946,1.0009
PES,148.5,7.38,1.0018,1.0025,1.0018
PES,99.2,7.5,1.0037,1.0016,0.9999
PES,113.1,6.07,1.0033,1.0035,0.9952
PES,143.3,7.05,0.9989,0.9952,1.0021
PES,167.1,3.03,0.9944,0.9977,0.9954
PES,166.2,15.8,1.002,0.9938,0.9937
PES,167.2,17.53,0.9995,0.9952,0.9998
PES,178.1,9.75,1.0021,1.0015,0.9947
PES,50.7,14.38,0.9966,1.0021,0.9954
PES,45.6,19.08,0.9945,1.0025,0.9969
PES,38.5,2.51,0.9981,1.0002,0.9997
PES,63.5,19.77,1.0004,0.9964,0.9973
PES,144.9,17.44,0.9942,0.9957,0.9938
PES,59.9,4.76,0.9961,1.0002,1.0045
PES,149.0,14.35,0.9944,0.9958,0.997
PES,198.6,4.09,0.9996,0.9995,0.9996
PES,116.1,6.42,0.9984,1.0025,1.0016
PES,120.2,13.44,1.0036,0.9967,1.0016
PES,41.0,2.19,0.9983,1.0022,1.0011
PES,169.0,2.52,1.0013,1.0011,0.994
PES,156.5,2.68,0.9997,1.0032,0.9976
PES,145.8,13.89,0.9943,0.9965,1.0022
PES,106.6,15.1,0.9988,0.9992,1.0018
PES,83.3,19.98,0.9961,1.0002,0.9947
PES,90.0,9.83,0.9989,1.0037,1.0029
PES,195.3,9.81,1.0021,0.998,0.9949
PES,157.6,8.97,0.9939,0.9953,0.997
PES,198.3,13.01,0.997,0.9936,1.0012
PES,142.5,4.28,0.9998,0.996,0.995
PES,96.5,3.85,0.9978,0.9947,0.9984
PES,81.6,19.15,0.9997,0.9966,0.9991
PES,153.0,9.22,1.0031,0.9955,1.0036
PES,40.2,19.27,0.9952,0.9979,0.9993
PES,79.2,5.47,1.0039,1.0026,0.9987
PES,32.2,6.85,0.9964,1.0012,1.0017
PES,102.9,3.32,0.9956,0.9973,1.0017
PES,167.2,17.42,0.997,1.0034,0.9942
PES,106.0,8.92,0.9963,0.9976,0.9966
PES,178.2,6.94,1.0026,1.0035,1.0016
PES,124.3,11.97,0.9972,0.9961,0.9954
PES,84.7,13.02,1.004,0.9967,1.0003
PES,70.3,16.57,0.9992,0.9992,0.9946
PES,116.9,2.82,1.0017,1.0006,0.9952
PES,113.5,12.45,1.0029,1.0038,0.9968
PES,106.4,15.77,1.0019,0.997,0.9956
PES,174.1,2.12,0.9961,1.0002,0.9971
PES,170.2,10.17,0.9949,0.9965,0.9969
PES,197.5,12.49,0.9984,1.0017,0.9998
PES,192.8,12.35,0.9943,1.0008,1.0008
PES,63.1,16.18,0.9972,1.0025,0.9987
PES,169.2,1.21,0.9963,0.9954,0.9942
PES,140.8,15.49,0.9944,0.9986,1.0029
PES,55.1,12.89,1.0001,1.0006,1.0022
PES,48.3,6.2,0.9975,1.0019,0.9993
PES,57.7,3.44,1.0043,0.996,1.0035
PES,123.9,8.01,0.9972,1.0014,0.9997
PES,136.9,13.28,0.9977,0.9973,1.0023
PES,35.9,6.38,1.0005,1.0006,1.0037
PES,39.5,14.63,0.996,0.9954,0.9953
PES,55.8,10.93,1.004,0.997,1.0022
PES,195.3,7.43,0.9973,1.0011,0.9984
PES,122.7,10.97,1.0004,0.9981,0.9957
PES,169.9,16.47,0.9978,0.9948,1.0027
PES,74.3,5.55,1.001,1.0002,0.9951
PES,173.3,5.28,0.994,0.996,0.9961
PES,55.9,17.54,0.9995,0.9978,1.0021
PES,143.9,1.37,1.0016,0.9991,1.0008
PES,148.5,11.45,0.9941,0.9998,0.996
PES,129.1,1.14,1.0011,1.0001,0.998
PES,182.8,4.12,0.9956,0.9991,1.0029
PES,156.5,6.35,0.9993,0.9991,0.9955
PES,64.3,12.54,0.9978,0.9979,0.9971
PES,50.3,6.42,0.995,1.0008,1.0013
PES,117.0,8.71,0.9959,0.9947,1.0023
PES,156.3,17.61,0.9954,0.9995,1.0011
PES,171.6,13.81,1.0022,1.0019,0.9972
PES,39.2,12.9,1.0004,1.0036,0.9972
PES,116.9,6.89,0.9963,0.9961,0.9976
PES,114.9,14.68,1.0012,0.9988,0.998
PES,158.2,18.5,0.9982,0.9997,1.0016
PES,143.4,18.82,0.9943,0.9949,0.9937
PES,35.3,1.95,0.9951,0.9977,0.9949
PES,105.7,14.85,1.0037,0.9952,0.9979
PES,139.8,19.45,1.001,0.9976,0.9966
PES,141.1,6.65,0.9942,0.9953,0.9955
PES,107.7,18.71,1.0038,1.0033,0.9953
PES,138.2,19.1,1.0015,1.0027,1.0031
PES,59.7,3.14,1.002,0.9993,1.0036
PES,148.1,6.19,0.994,0.9997,0.9946
PES,147.6,5.09,0.9978,0.9978,0.9944
PES,103.5,9.85,0.9959,0.9945,1.0033
PES,141.6,19.23,1.0023,1.001,1.0009
PES,64.5,6.08,1.0013,1.0043,0.9966
PES,147.2,16.4,1.0035,0.9943,0.9994
PES,175.7,11.62,1.0004,1.0016,1.0008
PES,156.2,6.44,0.9946,0.9976,1.0021
PES,122.6,8.09,1.0031,1.0015,0.9996
PES,84.5,13.15,0.9984,1.0002,0.9981
PES,197.2,15.58,0.9944,1.0001,1.0022
PES,144.9,8.75,1.0034,0.9949,0.9965
PES,53.4,18.57,1.0009,0.9991,0.9999
PES,145.7,17.91,0.997,1.003,1.0036
PES,54.7,7.49,1.001,1.0022,1.0032
PES,127.5,19.57,1.0016,1.0022,0.9978
PES,170.0,17.73,1.0032,0.9991,0.9987
PES,127.8,5.84,0.9995,1.0036,1.0016
PES,146.3,15.97,0.9985,0.9971,1.0022
PES,93.5,18.8,0.9993,1.0025,0.9964
PES,89.7,8.75,1.0019,0.9955,1.0008
PES,107.1,16.85,1.0029,0.9961,0.9941
PES,164.9,10.59,0.9946,0.9952,0.9945
PES,191.5,5.59,0.9973,1.0019,0.999
PES,46.4,16.48,0.9948,0.995,0.9958
PES,61.6,15.75,0.9952,0.9971,1.004
PES,101.7,7.79,0.9983,1.0014,0.9974
PES,95.9,4.96,0.9987,1.0004,0.9993
PES,134.5,1.8,0.999,0.9945,0.9974
PES,35.3,14.31,1.0033,0.9986,1.0001
PES,46.7,14.08,1.0008,0.9982,1.0043
PES,113.4,1.52,0.9947,0.9993,1.0035
PES,110.7,11.33,0.9949,1.0015,1.0014
PES,186.8,9.64,1.0007,0.996,1.0034
PES,35.8,6.89,1.0026,1.0034,0.997
PES,99.8,1.2,0.9957,1.0031,1.0023
PES,189.0,9.44,0.9982,0.9982,1.0005
PES,96.0,18.57,1.0006,0.9948,1.0
PES,148.7,10.33,1.0027,0.9969,0.9955
PES,79.3,7.3,0.9956,0.9961,1.0029
PES,63.9,10.24,0.9946,1.0024,1.0027
PES,183.9,15.68,0.9936,0.9953,0.9968
PES,146.1,17.07,0.9958,0.9983,1.0008
PES,185.0,2.93,0.9948,1.0012,1.0032
PES,125.7,9.32,0.9976,1.0012,0.9943
PES,119.3,14.18,1.0003,0.9952,0.9988
PES,77.4,11.59,0.9986,0.9952,0.9971
PES,191.3,7.8,0.9972,1.0028,1.0026
PES,178.8,3.3,0.9951,0.9995,1.0004
PES,105.8,19.93,0.9977,0.9968,0.9947
PES,164.3,4.52,0.9978,0.9995,0.9962
PES,55.1,3.53,1.0018,0.9949,0.9954
PES,164.0,3.14,1.0004,0.9998,0.994
PES,179.7,3.6,1.0027,1.0024,1.0018
PES,62.1,10.02,0.9994,0.9956,0.9985
PES,137.7,11.29,1.0018,0.9955,0.9952
PES,116.7,17.36,0.9946,0.9992,1.0039
PES,126.2,5.69,1.0016,1.0026,0.9978
PES,68.3,5.99,0.9952,0.999,1.0034
PES,162.7,1.53,1.0005,1.0033,0.9979
PES,133.1,17.47,1.0012,0.9952,1.0
PES,164.4,17.89,0.9998,1.0012,0.9951
PES,131.8,6.46,1.0017,0.9985,0.9945
PES,41.3,2.61,1.0038,0.9964,1.0013
PES,92.8,8.47,0.999,1.0025,1.0036
PES,81.6,11.17,0.9976,0.9976,1.0039
PES,116.9,8.34,1.0028,1.0011,1.0012
PES,187.0,12.5,0.9998,0.9993,0.9982
PES,45.5,10.3,0.9981,0.9999,1.001
PES,72.8,6.1,0.9973,0.9975,0.9998
PES,83.2,18.21,1.0033,1.0,0.9978
PES,82.1,16.69,0.9994,0.9985,0.997
PES,102.1,13.52,1.0018,1.0032,0.9956
PES,160.9,6.61,1.0005,0.9975,0.9993
PES,84.6,16.16,1.0,0.9961,1.0016
PES,178.9,13.13,0.9953,1.0015,1.0018
PES,61.1,13.3,0.9995,0.9971,0.9994
PES,76.0,11.8,0.9998,0.996,1.0005
PES,72.9,19.36,1.0024,1.0043,0.9944
PES,62.1,18.75,1.0037,0.9991,1.0043
PES,129.2,6.26,0.9997,0.9962,0.9947
PES,102.7,19.65,0.9999,0.999,0.998
PES,50.3,4.44,0.9984,1.0028,0.9953
PES,174.0,6.27,0.999,0.9965,1.0016
PES,187.4,14.05,0.9952,1.0024,0.9991
PES,31.7,7.41,1.0011,0.9977,0.9992
PES,69.2,12.75,1.0002,0.9972,1.0
PES,172.9,3.88,0.9991,0.997,0.996
PES,167.0,16.68,0.9953,0.9998,1.0031
PES,45.5,15.07,1.0044,0.9974,0.9995
PES,46.3,17.06,0.9967,0.9992,0.9962
PES,59.5,5.19,0.9958,0.9971,0.9978
PES,128.5,12.39,0.9977,0.9962,0.995
PES,43.9,14.54,0.999,1.0021,0.9985
PES,134.6,8.22,0.9993,0.9968,1.0029
PES,113.6,16.0,0.9992,0.9974,0.9991
PES,134.7,16.93,0.9998,0.9977,1.0009
PES,132.2,14.28,0.9976,1.0019,0.996
PES,83.4,8.7,0.9969,0.9974,0.9968
PES,132.1,9.92,0.9941,1.0035,0.9965
PES,148.6,9.59,1.0017,0.9979,0.9974
PES,94.8,10.33,1.0015,1.0035,0.9953
PES,73.3,5.34,0.9982,1.0046,0.9994
PES,58.7,17.22,1.0009,1.0006,1.0026
PES,173.8,19.6,0.9968,1.0011,0.9943
PES,185.7,2.76,1.0004,0.9942,0.9945
PES,188.4,9.61,0.9962,1.0022,0.9963
PES,185.7,5.35,0.9965,0.9989,0.996
PES,45.7,1.99,1.0014,1.0027,1.0044
PES,190.1,4.34,0.9988,1.0031,1.0026
PES,70.2,16.35,0.9963,1.0016,0.9951
PES,47.3,16.53,0.9963,0.9959,0.9992
PES,159.3,14.74,0.995,1.0031,0.9961
PES,31.5,17.25,1.0023,0.9999,0.9949
PES,115.8,2.08,0.9956,0.9949,0.9959
PES,52.5,17.37,1.0028,1.0003,0.9973
PES,71.8,4.33,0.9957,0.9972,1.0011
PES,158.3,2.27,0.9976,0.994,0.9986
PES,165.8,13.87,0.9974,0.9991,0.9977
PES,119.3,19.28,1.0032,0.9976,1.0
PES,152.1,15.24,1.0011,0.9991,0.9978
PES,115.5,10.49,1.0021,0.9963,1.0002
PES,92.5,6.67,1.0004,0.9986,0.9982
PES,93.5,6.98,0.9963,0.9946,0.9988
PES,138.5,3.8,1.0026,1.0021,1.0016
PES,140.3,6.74,0.9963,0.9943,0.9963
PES,104.6,10.25,0.9988,0.999,1.0031
PES,108.8,8.9,0.9947,1.0038,1.0033
PES,186.9,6.61,0.9939,0.9983,0.9975
PES,141.1,9.23,0.9998,0.9976,0.9991
PES,111.1,18.75,1.0026,0.9989,0.9976
PES,62.9,18.52,0.996,1.0044,0.9959
PES,150.9,6.12,0.994,0.9962,0.9992
PES,34.1,8.66,1.0028,0.9995,1.001
PES,78.4,1.97,0.9998,0.9959,0.999
PES,112.9,15.51,0.9943,1.002,1.0014
PES,126.3,2.28,1.0038,1.0036,0.9981
PES,142.3,9.36,1.001,0.9967,0.9954
PES,185.5,2.77,0.9973,0.9977,0.9941
PES,81.5,19.12,0.9961,1.0001,0.9984
PES,170.4,3.88,0.9991,0.9964,1.003
PES,30.1,2.26,1.0036,0.9976,0.9998
PES,41.2,9.9,1.0045,1.004,0.9997
PES,43.6,9.73,1.0037,1.0009,1.0045
PES,174.6,19.16,0.9957,0.9991,1.0023
PES,168.4,7.28,1.0002,0.9991,1.0005
PES,172.0,12.21,1.0002,1.0018,1.0014
PES,71.7,16.48,0.9987,0.9972,1.0038
PES,81.1,19.48,1.0041,0.9949,1.0002
PES,166.3,5.9,1.0018,0.9994,1.0023
PES,67.2,19.17,0.999,0.996,0.9954
PES,122.2,7.9,1.0015,0.9984,0.9975
PES,43.8,4.09,0.9996,1.0042,0.9955
PES,83.4,17.9,0.9986,1.0025,0.9958
PES,110.4,1.58,1.0037,0.9956,0.9968
PES,179.4,10.35,1.0029,0.9995,0.9976
PES,174.4,6.44,0.9996,0.9954,0.9953
PES,85.6,8.16,0.9952,0.9953,1.0024
PES,31.4,11.27,0.9997,0.9958,1.0045
PES,167.4,13.31,1.0033,0.9937,0.9954
PES,52.7,19.69,0.9981,1.0014,1.0027
PES,90.7,11.87,0.9947,1.0033,0.9977
PES,36.6,12.07,1.0046,1.0009,1.0029
PES,62.7,4.23,0.9986,1.0047,0.9958
PES,130.9,12.69,0.9991,1.0024,0.9969
PES,41.0,12.52,0.9973,1.0012,1.0017
PES,46.3,12.52,1.0015,0.995,1.0032
PES,143.1,14.2,1.0018,0.9975,0.9989
PES,79.9,14.41,0.9983,1.0025,0.9967
PES,197.4,6.88,0.9964,0.996,0.995
PES,56.4,2.51,1.0006,0.996,0.9959
PES,106.3,3.84,0.995,1.0021,1.0013
PES,128.5,14.65,0.9982,0.9953,1.0004
PES,190.2,11.49,0.999,1.0029,0.9955
PES,110.4,1.64,0.9959,0.9963,0.9951
PES,35.3,17.21,0.9971,0.9966,0.9996
PES,141.9,8.55,1.0009,0.9973,0.9953
PES,85.6,19.37,0.9984,0.9975,1.0034
PES,126.3,14.3,0.9939,1.0019,1.0036
PES,100.7,10.25,1.0041,0.9958,1.0032
PES,70.8,12.47,1.004,1.0036,1.0017
PES,101.0,15.65,1.0004,1.0014,1.0022
PES,93.4,1.05,0.9993,1.0028,0.9996
PES,65.9,7.32,1.0012,1.002,0.9997
PES,120.2,17.9,1.0038,1.0002,1.0001
PES,103.9,19.05,1.002,0.9987,1.0013
PES,123.0,11.24,1.0015,0.9946,0.9974
PES,99.2,12.91,1.0021,0.9991,1.0031
PES,187.9,18.37,0.9991,0.9957,0.9964
PES,130.5,9.54,0.9969,1.0007,0.9945
PES,69.0,18.18,0.9969,0.9971,0.9997
PES,36.9,19.09,0.9991,0.9987,0.9989
PES,193.0,16.25,0.9957,1.0016,0.9988
PES,100.8,10.53,1.0037,1.0023,1.0007
PES,82.1,12.4,0.9949,1.0044,0.9965
PES,142.4,6.46,0.995,0.9964,1.0039
PES,125.3,7.24,0.9995,0.9962,1.001
PES,43.5,13.29,1.0041,0.9949,0.996
PES,157.4,5.91,1.0003,1.0007,0.9981
PES,184.0,4.88,0.995,0.9947,1.003
PES,82.6,11.3,0.9998,0.9952,1.0043
PES,178.4,17.21,0.9932,0.9959,1.0012
PES,165.1,18.94,1.0029,0.9948,0.998
PES,50.6,15.55,1.0023,0.9993,0.9958
PES,143.6,6.29,0.9947,1.002,0.9976
PES,95.9,4.6,1.0038,1.0017,1.0036
PES,135.5,19.42,1.0013,1.0038,0.9954
PES,88.2,10.92,1.0012,0.9964,1.0043
PES,158.7,7.68,0.997,0.9978,1.0014
PES,47.6,10.74,1.0028,0.9969,0.9966
PES,138.4,15.7,1.0012,0.9946,1.0038
PES,68.5,13.48,1.0036,0.9995,1.0022
PES,95.8,13.21,0.9962,0.9948,0.9988
PES,30.6,7.75,1.0047,1.0042,1.0013
PES,100.6,16.91,1.0038,1.0029,0.995
PES,173.3,12.3,0.999,0.9949,0.995
PES,114.0,19.93,1.0011,0.9975,1.0002
PES,35.5,16.87,0.9978,0.9978,1.0029
PES,79.9,17.31,0.9948,0.9974,1.004
PES,53.3,5.91,0.9985,0.9963,0.9982
PES,100.0,2.41,0.9997,0.9952,0.9976
PES,81.0,1.43,1.0044,0.9979,1.0018
PES,177.8,18.7,0.9991,1.002,0.997
PES,46.2,6.02,0.9981,1.0037,0.9966
PES,66.1,16.21,0.9967,0.9973,1.0029
PES,123.5,11.28,1.0025,1.0023,0.9996
PES,128.2,14.12,0.9968,0.9996,0.997
PES,182.2,15.29,0.9936,1.0027,0.9976
PES,141.8,6.11,0.9944,0.9948,1.0036
PES,130.0,3.03,0.9988,0.9989,0.9978
PES,122.1,6.02,1.0,0.9999,1.0022
PES,43.9,4.2,1.0013,1.0006,1.0035
PES,137.2,1.32,0.9962,1.0013,0.9959
PES,192.7,17.41,0.998,1.0033,0.9933
PES,118.9,6.19,1.0021,1.002,0.9961
PES,123.1,2.13,0.9963,1.001,0.9962
PES,119.7,7.54,0.9981,1.0002,1.0033
PES,78.9,5.73,1.0031,0.9958,0.9988
PES,140.2,10.46,1.0036,0.9981,0.9959
PES,73.0,3.44,0.9965,1.0011,0.9959
PES,144.1,3.52,0.9943,1.0041,1.0015
PES,154.3,14.0,0.9949,0.996,1.0034
PES,127.7,13.39,1.001,1.0024,0.9942
PES,48.2,4.92,0.9962,1.0021,1.0027
PES,177.7,7.18,0.9975,1.0003,1.0005
PES,105.4,4.83,1.0006,0.9965,0.9979
PES,177.9,17.3,0.9998,0.9984,1.0029
PES,104.4,5.79,0.9986,0.996,1.0022
PES,171.7,15.22,0.9985,0.9957,0.9947
PES,78.8,6.39,0.9963,1.0023,0.9993
PES,159.6,2.24,0.9983,0.997,0.9962
PES,64.2,17.41,1.0028,1.0042,0.9971
PES,111.7,9.32,0.9955,1.0021,1.0007
PES,95.4,19.74,0.9996,1.0007,0.9956
PES,75.5,8.05,0.997,0.9956,1.0032
PES,117.8,6.89,0.9982,0.9949,1.0038
PES,48.2,18.08,0.997,0.9971,1.0041
PES,188.3,17.26,0.9988,1.0027,1.0025
PES,136.7,19.57,0.9936,1.0035,0.9971
PES,147.2,11.52,0.9994,0.994,0.9958
PES,48.4,6.82,1.0024,0.9973,1.0028
PES,129.7,12.95,1.0005,1.0037,0.9997
PES,90.7,8.22,1.0006,1.0034,0.9977
PES,175.8,7.78,1.001,0.9991,0.9986
PES,103.2,11.69,1.0011,0.9954,1.0032
PES,69.3,17.46,0.9964,0.9986,1.0044
PES,42.3,13.94,1.0044,0.9991,0.996
PES,155.5,5.15,0.9947,0.9966,1.0031
PES,99.6,19.83,1.0004,1.0031,1.003
PES,45.9,18.55,1.0006,0.9956,0.997
PES,131.7,15.18,1.0032,0.9964,0.9987
PES,77.1,4.17,1.0021,1.0019,1.0039
PES,113.2,19.85,1.0018,1.003,0.995
PES,115.6,5.36,0.9999,0.9943,1.0013
PES,188.9,15.31,0.9986,0.9951,1.0008
PES,196.7,11.86,0.9997,0.9954,1.0016
PES,69.8,1.86,0.9965,1.003,0.9967
PES,80.1,2.16,0.9991,1.0008,0.995
PES,153.4,14.76,0.9972,1.0014,1.0014
PES,171.9,9.2,1.0003,1.0021,0.9953
PES,94.3,4.26,0.9948,0.9963,1.0029
PES,101.5,2.61,0.9959,0.9952,0.9986
PES,103.9,14.29,0.9957,1.0014,1.0013
PES,180.3,11.09,1.0023,0.9996,1.0032
PES,129.6,7.27,0.9985,1.0025,1.0001
PES,142.3,5.1,0.9984,0.9958,1.0024
PES,105.7,7.0,1.0003,1.0036,1.0023
PES,172.1,4.73,0.9965,1.0016,0.9985
PES,45.5,12.05,1.0026,0.996,0.9952
PES,155.3,11.14,1.0022,0.9995,0.9978
PES,140.4,14.54,1.0019,0.9945,0.9957
PES,178.9,16.18,0.9956,0.9941,1.002
PES,122.4,2.41,0.9996,0.9952,0.9996
PES,45.9,5.96,1.0003,1.0031,0.9952
PES,113.4,16.92,0.9953,1.0021,1.0011
PES,45.2,3.81,0.9993,0.9991,1.0012
PES,43.6,15.44,0.9992,1.0015,1.0045
PES,87.4,1.63,0.9946,0.9949,1.0013
PES,34.1,16.38,0.9949,0.998,1.0022
PES,167.4,12.13,0.9943,0.9957,1.0032
PES,46.7,15.89,1.0,0.9984,1.0025
PES,157.2,12.49,1.0007,1.0037,0.9969
PES,144.3,16.1,0.9986,0.9968,0.9967
PES,57.1,11.37,0.9961,1.0013,1.0
PES,78.8,10.92,1.0021,0.996,1.0027
PES,79.1,12.81,0.9948,0.9983,0.9948
PES,103.9,1.5,1.0004,0.9945,0.9971
PES,71.8,7.56,0.9979,0.9982,0.9998
PES,120.1,8.7,0.9997,0.9966,0.9957
PES,75.8,5.33,0.9978,1.0012,0.9983
PES,169.7,15.92,0.9971,0.9941,1.0007
PES,136.3,2.01,0.9961,0.9983,1.0028
PES,124.9,12.74,1.0018,0.9943,1.0003
PES,138.2,18.83,1.0029,0.9957,0.9944
PES,75.5,1.89,0.9958,0.9986,1.003
PES,51.1,11.56,0.9999,0.9948,1.0009
PES,74.0,17.28,0.9961,1.0039,0.9994
PES,188.3,10.8,0.997,1.0012,0.9988
PES,40.9,6.09,0.9964,0.9955,1.0018
PES,135.2,6.61,0.9956,0.9999,1.0008
PES,154.2,8.75,0.9953,0.9964,0.9981
PES,151.9,8.0,1.001,0.9993,0.9961
PES,82.6,15.79,0.9951,1.0031,1.0026
PES,79.6,19.66,0.9981,0.9979,1.0018
PES,158.8,17.46,0.9938,0.9978,0.9959
PES,144.9,7.46,1.0006,0.997,1.0036
PES,184.9,1.44,0.9943,0.9976,0.9979
PES,77.6,6.52,1.0003,1.0027,0.9996
PES,186.1,15.67,1.0004,0.9972,0.9989
PES,115.2,4.39,1.004,0.9977,1.0041
PES,109.2,16.8,0.9946,1.0011,0.9945
PES,146.8,2.09,1.0024,0.9965,1.0033
PES,65.5,15.54,0.998,1.0028,0.997
PES,83.6,14.47,0.9982,0.9966,0.9958
PES,47.4,2.8,1.0008,1.0001,1.0021
PES,163.9,11.34,0.9996,0.9958,0.9997
PES,137.2,4.76,0.9961,0.9982,0.9974
PES,68.4,17.77,1.0029,1.0017,1.004
PES,186.1,12.63,0.9982,1.0011,0.9967
PES,96.2,9.77,0.9993,0.9985,0.9999
PES,176.9,17.94,0.9933,0.9954,1.0016
PES,199.5,1.56,0.9944,1.0014,0.9947
PES,51.7,12.35,1.0038,0.9971,0.9984
PES,110.3,14.35,0.9967,0.9971,1.0039
PES,50.3,14.77,0.9987,0.9947,1.0008
PES,66.3,7.99,1.0025,0.996,0.9952
PES,82.9,2.35,0.9958,0.9999,1.0023
PES,78.8,11.25,0.9967,0.9985,0.9992
PES,172.5,12.14,1.0009,0.9978,0.9953
PES,152.9,18.89,0.9995,0.9988,0.9944
PES,106.7,7.37,0.9984,0.9953,1.0037
PES,148.2,17.29,0.9965,0.999,0.9978
PES,157.0,16.76,0.9997,1.0015,0.997
PES,113.7,8.51,0.9985,1.0022,0.9947
PES,147.9,3.21,0.9952,1.0019,0.9943
PES,37.2,4.67,1.0048,1.0001,0.9969
PES,96.4,17.81,0.995,1.003,0.9945
PES,56.2,9.66,0.9978,1.0022,0.9957
PES,59.8,5.15,1.0037,0.9983,1.0029
PES,116.5,4.48,0.9999,0.9992,1.0028
PES,102.2,11.67,1.0032,1.0005,1.0041
PES,171.3,6.52,1.0032,0.995,0.9968
PES,124.3,16.08,1.0037,1.0019,0.9974
PES,70.4,17.39,1.0035,1.0018,0.9997
PES,99.3,5.03,1.0008,1.0006,0.9957
PES,47.4,8.04,1.0016,0.995,1.003
PES,116.3,19.87,0.9996,0.9947,0.9969
PES,127.6,18.76,1.0009,0.9985,0.9964
PES,167.2,8.65,0.9995,0.9995,1.0032
PES,101.5,12.87,1.0022,1.003,1.0008
PES,171.1,13.19,1.0009,1.0012,1.0004
PES,159.4,17.23,0.9943,0.999,0.9951
PES,163.2,12.01,0.9998,0.9995,0.9952
PES,126.1,6.59,1.0018,1.0031,0.9999
PES,164.7,17.28,1.0029,1.0026,0.9947
PES,172.7,16.33,0.9955,1.0014,1.0013
PES,103.1,11.71,1.0038,0.9949,1.0005
PES,33.9,11.6,0.9963,1.0012,0.9993
PES,101.0,17.94,1.0005,0.996,0.9963
Wool,125.5,19.9,0.9955,0.9997,0.9968
Wool,142.6,18.25,0.9995,1.0025,0.9986
Wool,141.7,11.66,0.9934,1.0019,0.9964
Wool,30.5,7.55,0.9989,1.0015,1.0046
Wool,183.4,11.76,0.9969,0.9935,1.0011
Wool,163.3,8.72,1.0006,0.9989,0.9949
Wool,142.4,2.78,0.999,0.9996,0.9973
Wool,137.2,18.55,0.9952,0.9992,1.0015
Wool,46.7,16.78,1.0032,1.0022,1.0025
Wool,83.3,7.4,1.0034,0.9956,1.0028
Wool,162.1,8.57,0.9945,0.9994,1.0011
Wool,174.5,6.17,1.0019,1.002,1.0017
Wool,57.9,15.29,0.9943,1.0012,0.9995
Wool,132.1,18.24,0.9971,1.0036,0.9947
Wool,196.5,8.36,0.9944,0.9939,0.9949
Wool,134.0,16.65,1.0014,0.9939,1.003
Wool,93.8,2.06,1.0007,0.9952,1.0007
Wool,42.4,15.02,0.995,0.9987,0.9963
Wool,137.0,4.72,0.9994,0.9983,0.998
Wool,54.4,14.87,0.9965,0.9973,0.9946
Wool,114.2,9.41,0.9965,0.9957,1.0011
Wool,106.3,3.65,0.9981,1.0029,1.0009
Wool,131.4,7.55,0.9991,0.9948,1.0026
Wool,153.2,16.69,1.0021,1.0027,1.0031
Wool,126.1,18.72,0.9939,1.0015,0.9938
Wool,189.2,13.82,0.995,1.0027,0.9949
Wool,107.2,2.69,0.9954,1.0036,0.9978
Wool,188.2,4.85,1.0018,0.9973,0.9979
Wool,187.6,9.82,0.9946,1.0031,1.0021
Wool,145.3,2.49,0.9951,0.9976,0.996
Wool,101.7,16.68,1.0035,0.9972,0.9986
Wool,122.8,19.55,0.997,0.9956,0.998
Wool,181.5,11.36,0.9956,0.9991,1.0003
Wool,58.7,12.0,0.9948,1.0032,0.9974
Wool,37.3,16.53,0.9988,0.9975,0.995
Wool,106.8,13.96,1.002,0.998,0.9993
Wool,187.7,18.2,0.9996,0.9979,0.9979
Wool,185.6,2.43,1.0012,0.9998,1.0021
Wool,182.0,12.19,1.0008,0.9942,0.995
Wool,118.3,19.5,0.9951,0.9992,1.001
Wool,113.5,14.89,0.9996,0.9963,0.9981
Wool,170.5,17.62,0.9979,1.0019,1.0015
Wool,60.1,13.95,0.9975,0.9948,0.9967
Wool,157.5,19.24,0.9929,1.0012,0.999
Wool,152.3,9.15,1.0,1.0036,0.9981
Wool,149.0,8.65,1.0026,0.996,0.9976
Wool,162.6,3.78,1.0011,0.9973,0.9936
Wool,121.9,2.6,1.0022,0.9959,1.0004
Wool,85.7,4.03,1.0042,1.0012,1.001
Wool,32.5,7.37,1.0047,1.0042,1.0017
Wool,98.8,3.86,0.9948,1.0008,1.0037
Wool,42.4,11.84,0.9978,0.9987,0.9992
Wool,131.0,1.75,0.9996,1.0018,0.9967
Wool,103.1,12.57,0.9967,0.9996,0.9942
Wool,56.9,17.95,0.9946,0.9977,0.9946
Wool,132.9,14.86,0.9999,0.9991,1.0033
Wool,131.7,14.14,0.9984,0.9967,0.9949
Wool,180.0,7.42,1.0001,0.9984,0.9995
Wool,140.0,6.39,0.998,0.9993,0.9983
Wool,167.7,18.35,0.9995,0.9976,0.9966
Wool,60.4,18.01,0.9982,0.9983,0.9962
Wool,160.7,13.48,0.9931,0.9996,0.996
Wool,162.6,19.31,0.9933,0.9995,1.0028
Wool,114.1,11.11,0.9975,0.9955,1.0002
Wool,185.6,10.61,0.9997,0.9947,1.0014
Wool,84.4,11.96,0.999,1.0018,1.0021
Wool,120.5,13.95,0.9935,1.0003,1.0006
Wool,164.7,8.0,0.9999,1.0023,1.0
Wool,177.5,15.36,0.9964,1.0004,0.9963
Wool,107.6,1.73,1.0008,0.996,1.0033
Wool,59.9,15.18,1.0028,0.9971,0.9962
Wool,119.0,9.75,0.9976,0.9954,1.0022
Wool,133.9,4.53,0.9961,1.0034,1.0007
Wool,155.7,17.09,1.0007,1.0017,0.9954
Wool,189.9,11.38,1.0014,0.9988,0.994
Wool,98.8,5.95,1.0009,1.0034,0.9961
Wool,159.5,14.73,1.0022,0.9952,1.0027
Wool,96.1,19.4,0.9954,1.0035,0.9961
Wool,148.1,7.52,0.9994,1.0006,0.9946
Wool,176.3,18.85,0.9935,1.0002,0.9966
Wool,34.4,13.27,0.9998,1.0043,1.0041
Wool,125.0,1.3,0.997,0.999,1.0009
Wool,170.2,5.26,0.9949,0.9998,0.9946
Wool,144.8,10.73,0.999,1.0029,0.9947
Wool,111.8,10.2,0.9942,0.9993,1.001
Wool,128.9,6.11,0.994,1.0023,0.996
Wool,82.3,7.18,0.9988,0.9977,0.9976
Wool,48.2,14.85,0.9981,1.0034,1.0026
Wool,110.9,17.07,0.9988,0.9963,0.998
Wool,174.8,1.87,1.0026,0.9962,1.0019
Wool,148.5,13.22,0.9942,1.0031,1.0014
Wool,36.0,7.72,0.9993,1.001,1.0042
Wool,50.7,12.24,0.9992,0.9952,1.0018
Wool,52.4,10.08,0.9972,0.9959,1.003
Wool,119.6,17.27,0.9969,0.9954,0.995
Wool,86.3,16.37,1.002,0.9985,0.9946
Wool,85.2,15.69,0.999,1.0021,0.9986
Wool,105.2,6.67,0.9956,0.9991,0.9975
Wool,87.3,15.08,1.0006,0.9996,0.9975
Wool,130.0,19.33,1.0011,0.9968,1.0006
Wool,134.3,4.38,0.9949,1.0035,1.003
Wool,194.5,16.44,0.9964,0.9962,0.9941
Wool,174.7,17.77,0.9929,1.0011,0.9967
Wool,69.0,13.3,0.9965,1.004,0.9956
Wool,179.2,17.78,1.0006,1.0011,1.0016
Wool,41.8,1.11,0.9983,0.9952,0.9969
Wool,137.6,11.56,0.9951,0.9947,0.9967
Wool,174.7,10.97,0.9965,0.9992,1.0031
Wool,113.4,10.49,1.0022,1.0039,0.9962
Wool,106.3,13.11,0.9981,1.0035,1.0004
Wool,55.4,1.12,0.9984,0.9999,1.0022
Wool,58.5,8.01,0.9966,1.0042,0.9998
Wool,166.9,4.28,0.9985,1.0017,1.0009
Wool,62.4,2.2,0.9966,0.9961,1.0031
Wool,31.2,6.79,0.9957,0.9986,0.9949
Wool,45.3,5.65,0.9973,0.9964,1.0019
Wool,108.7,1.46,0.9957,0.999,0.9994
Wool,44.8,9.66,1.0025,1.0037,0.9994
Wool,84.5,15.19,0.9976,1.0005,0.999
Wool,94.4,17.39,1.0032,0.9973,1.0001
Wool,116.9,15.73,1.0002,0.9984,1.0027
Wool,124.1,14.86,0.9973,0.9993,0.9955
Wool,104.7,3.3,0.9987,0.9949,1.0011
Wool,63.7,15.96,1.0015,1.0037,1.0008
Wool,194.3,19.18,1.0013,0.9961,0.9943
Wool,128.0,11.77,0.9996,1.0012,1.0026
Wool,192.4,14.92,1.0002,0.9995,0.9986
Wool,138.9,5.49,0.999,0.9962,0.9955
Wool,141.1,14.35,0.9956,0.9994,1.0024
Wool,64.5,11.56,0.9974,0.9987,0.9993
Wool,139.6,15.01,1.002,0.9958,1.0016
Wool,79.3,18.9,0.9996,0.9968,0.9966
Wool,167.8,15.72,0.9988,1.0005,0.9949
Wool,106.0,16.67,1.0022,0.9984,0.9957
Wool,59.6,2.33,0.9952,0.9972,1.0037
Wool,109.6,11.01,0.9987,0.9952,0.9989
Wool,182.2,7.21,0.9985,0.9989,1.0023
Wool,71.3,3.84,1.0026,1.0021,0.9956
Wool,164.8,8.55,1.0009,1.0021,0.9989
Wool,59.5,17.78,0.9968,1.0,1.0003
Wool,189.8,17.81,0.9974,0.998,0.9984
Wool,89.4,5.0,1.0016,1.0014,0.9981
Wool,117.4,4.51,1.0002,0.9981,0.9947
Wool,172.4,15.26,1.0026,1.0009,0.9951
Wool,77.3,6.74,1.0035,1.0009,1.0026
Wool,175.4,11.9,0.9938,0.9939,1.0015
Wool,57.7,4.99,1.0019,1.0037,1.0033
Wool,33.9,3.84,1.0006,1.0027,1.0022
Wool,129.8,7.62,0.9938,0.9969,0.9986
Wool,141.1,14.96,0.9951,0.9997,0.9954
Wool,30.8,8.9,0.9995,0.9969,1.0007
Wool,45.8,19.38,0.9957,0.995,0.9959
Wool,55.8,4.94,0.9958,1.0016,1.0017
Wool,108.3,9.86,1.0004,0.9946,1.0001
Wool,156.8,2.7,0.9944,0.9977,0.995
Wool,60.7,3.3,1.0018,0.9992,1.0019
Wool,142.5,18.59,1.0006,1.0028,0.9953
Wool,135.9,14.86,0.9936,0.9994,0.9979
Wool,87.3,11.19,1.0006,0.9988,1.003
Wool,167.9,15.76,0.9937,1.0009,0.9959
Wool,47.1,6.4,1.0026,1.0016,1.001
Wool,53.9,7.41,0.9946,1.0013,1.0044
Wool,55.5,6.45,0.9959,1.0031,1.0006
Wool,149.1,7.97,1.0029,1.0009,1.002
Wool,41.2,15.1,1.001,1.0027,0.9967
Wool,143.4,12.33,0.9945,1.0006,0.9985
Wool,32.9,2.85,1.0046,0.9961,0.9977
Wool,102.1,7.82,0.9972,0.9979,0.9972
Wool,187.1,5.03,0.993,1.0027,1.0021
Wool,162.3,1.49,1.0032,1.003,0.9979
Wool,91.5,4.08,0.9965,0.9993,0.995
Wool,131.8,2.17,1.0009,1.0036,0.9983
Wool,176.5,1.43,0.9953,0.9948,0.9963
Wool,140.5,18.12,0.9965,0.9962,1.002
Wool,170.7,14.0,0.9991,0.9955,1.0002
Wool,78.5,5.74,0.9956,1.0006,1.0035
Wool,98.9,10.43,1.0031,1.0006,0.9978
Wool,181.8,6.86,0.9934,0.9977,1.0
Wool,199.7,8.07,0.9966,0.9948,0.9954
Wool,111.5,3.02,1.0023,0.9967,0.9985
Wool,48.8,11.54,1.0022,1.0026,0.9997
Wool,36.6,1.51,1.004,1.0029,1.0005
Wool,47.1,8.57,1.0022,0.9956,0.9963
Wool,117.8,11.34,0.9988,1.0021,1.0006
Wool,106.1,3.81,0.9943,1.0014,1.004
Wool,149.7,9.81,0.9951,0.9941,0.9981
Wool,71.9,9.78,0.9966,0.9953,0.9949
Wool,177.9,7.86,0.9981,0.9961,0.9962
Wool,166.2,4.32,1.0001,0.9938,0.9992
Wool,60.9,11.1,0.9997,0.9981,0.9987
Wool,103.0,5.82,0.9943,0.9954,0.9943
Wool,63.8,13.75,1.003,0.9965,0.9984
Wool,169.8,18.47,0.9969,0.9957,0.9974
Wool,96.9,16.64,0.9945,0.9999,0.9992
Wool,171.2,14.29,0.9974,0.9936,1.0029
Wool,98.5,9.09,0.9971,0.9975,1.0
Wool,158.4,16.11,0.9933,0.9993,0.9999
Wool,51.1,5.79,0.9948,1.0013,1.0005
Wool,122.5,18.89,0.994,1.0009,1.0012
Wool,175.8,12.99,0.9953,0.9933,0.9956
Wool,199.6,2.25,1.0004,0.9936,0.9992
Wool,115.3,16.35,0.9965,1.0022,1.002
Wool,188.0,8.51,0.9986,1.0031,0.9995
Wool,140.2,4.77,0.9994,1.0007,1.0019
Wool,95.0,11.57,0.9969,0.9983,0.9979
Wool,46.9,5.11,0.9976,0.9953,0.9995
Wool,75.2,5.43,0.9961,0.9977,0.9963
Wool,155.3,19.37,0.9994,0.9993,0.999
Wool,185.0,19.92,0.9966,0.9931,0.9998
Wool,184.9,4.14,0.9971,1.0032,0.9999
Wool,34.5,9.88,0.9998,1.003,1.0001
Wool,59.2,2.69,0.9952,0.9963,1.0014
Wool,34.7,16.26,1.0008,0.9956,1.0038
Wool,189.2,18.93,1.0001,0.9952,0.9995
Wool,157.7,11.86,0.9989,1.0023,1.0012
Wool,106.3,3.79,0.9951,1.004,1.0038
Wool,154.3,11.21,0.9993,1.0032,1.0027
Wool,116.4,16.49,1.002,1.0036,1.003
Wool,182.0,6.78,0.9941,1.0009,0.9977
Wool,179.6,7.76,0.9979,1.0026,0.9989
Wool,104.9,10.63,0.9982,0.9942,0.9958
Wool,168.0,5.93,0.9935,0.9982,0.9982
Wool,45.9,17.01,1.0028,0.9984,0.9953
Wool,131.3,2.74,1.0002,0.9948,0.9956
Wool,181.5,13.81,0.9984,1.001,0.999
Wool,102.0,18.17,0.9951,1.0012,0.9978
Wool,190.4,13.74,1.0008,0.9997,0.9934
Wool,37.3,7.74,1.0019,0.9974,1.0027
Wool,164.3,9.05,0.9965,0.9939,1.0024
Wool,139.2,4.36,0.9964,1.0028,1.0007
Wool,124.9,7.33,0.9974,0.995,1.0032
Wool,128.8,17.32,0.9998,1.0001,0.9954
Wool,138.8,17.81,1.0023,1.0006,0.9963
Wool,133.7,8.29,0.996,0.9965,0.9999
Wool,34.4,9.61,0.9978,0.9954,0.9948
Wool,125.3,2.94,0.9952,1.0039,0.9976
Wool,159.2,16.68,0.9968,0.9988,0.9944
Wool,115.4,11.9,1.0015,0.9962,0.9992
Wool,120.6,10.53,0.9997,1.0028,0.9952
Wool,74.0,10.11,1.0042,1.002,0.9988
Wool,127.9,9.07,0.9998,0.9945,0.9968
Wool,66.5,16.76,1.0,1.0019,1.0015
Wool,90.8,15.35,0.9999,1.0023,1.004
Wool,178.4,14.58,0.9936,0.9953,1.0002
Wool,182.1,7.49,1.0025,0.9937,0.9957
Wool,124.6,2.79,0.9971,1.0024,0.9943
Wool,58.1,18.22,0.997,0.9974,0.9957
Wool,51.2,2.85,0.9979,0.9951,0.9967
Wool,79.2,1.54,1.0001,0.9986,0.9952
Wool,158.5,10.2,1.0021,1.001,1.0011
Wool,51.6,5.92,1.0,1.0023,1.001
Wool,122.9,19.17,1.0006,1.0024,0.9982
Wool,123.7,2.84,0.9946,0.9968,0.9992
Wool,199.2,15.96,1.0005,0.9991,1.0018
Wool,136.5,19.0,0.9985,0.9997,0.9988
Wool,166.8,5.73,1.0028,0.9975,0.9996
Wool,104.9,18.68,0.9974,0.9971,1.0027
Wool,45.4,7.47,0.9973,0.9979,1.0013
Wool,48.8,12.66,1.0017,1.0014,0.9951
Wool,146.9,10.08,0.9968,1.0006,0.9974
Wool,148.1,7.67,0.994,0.9945,1.0005
Wool,40.5,16.82,0.9998,1.0023,1.0026
Wool,65.2,6.97,0.9986,1.0017,0.9958
Wool,117.5,5.94,0.9975,0.9946,0.9989
Wool,38.4,12.29,1.0011,0.9977,0.996
Wool,120.2,12.03,0.9954,0.9969,0.9976
Wool,93.8,17.44,1.0016,1.0015,0.9995
Wool,103.9,10.45,0.9943,1.002,0.9967
Wool,32.4,16.02,0.9976,0.9989,0.9982
Wool,158.6,7.46,1.002,0.9993,1.0013
Wool,82.4,7.06,0.9964,1.0022,1.0024
Wool,34.9,3.49,1.0034,0.9986,1.0029
Wool,178.9,15.88,1.001,0.995,0.9971
Wool,149.1,2.03,0.9974,0.9972,0.9999
Wool,68.9,2.02,1.0015,1.0014,0.9962
Wool,61.7,4.32,0.9975,1.0043,1.0026
Wool,102.8,17.75,1.0006,0.9987,0.9979
Wool,159.8,12.65,0.9968,0.9945,0.9951
Wool,150.6,2.9,0.9971,1.0035,0.9988
Wool,192.6,11.13,0.9975,0.9969,0.9935
Wool,159.3,19.61,0.9928,0.998,0.9983
Wool,97.3,14.51,1.0037,0.9954,1.0027
Wool,59.4,12.31,1.0038,0.999,1.0023
Wool,32.3,16.24,0.999,1.0046,0.9986
Wool,74.7,4.12,1.0025,0.9953,1.0018
Wool,186.3,2.02,0.9981,0.9957,1.0009
Wool,111.4,5.33,0.9974,1.0,0.998
Wool,157.9,1.91,0.9988,1.0035,1.0
Wool,92.6,6.03,0.9993,0.9974,0.9955
Wool,124.8,15.27,0.9984,1.0026,0.9973
Wool,157.9,19.05,0.9932,1.0001,0.9974
Wool,81.9,7.98,1.0007,0.9978,0.9958
Wool,63.5,17.72,0.9953,1.0038,0.9958
Wool,151.2,9.5,1.0009,0.9998,1.0009
Wool,196.1,13.96,0.9984,1.0011,0.9936
Wool,104.5,15.7,1.0013,0.9964,0.9968
Wool,139.1,15.1,0.9981,0.9939,1.0022
Wool,124.4,8.21,0.9953,0.9947,0.9986
Wool,151.4,13.45,0.9936,1.002,0.9995
Wool,95.8,5.69,0.9945,0.9976,1.0006
Wool,35.6,12.57,1.0025,0.997,1.0018
Wool,115.5,3.75,1.0001,0.9964,1.0026
Wool,179.8,1.22,1.0015,1.0021,1.0013
Wool,155.9,10.78,1.0002,0.9975,0.9982
Wool,78.7,18.2,1.0024,0.9977,0.9958
Wool,73.2,18.42,1.0036,0.9969,0.9984
Wool,170.4,5.0,0.9983,0.9971,0.9941
Wool,132.5,5.13,1.0006,0.9995,0.994
Wool,146.7,15.36,1.001,1.0002,0.9958
Wool,131.3,3.79,0.9982,0.999,1.0006
Wool,178.6,14.97,1.0005,0.9988,0.9972
Wool,129.7,10.78,0.995,1.0027,1.0007
Wool,40.4,19.87,0.9975,1.0003,0.9957
Wool,111.5,6.21,0.9984,0.9955,0.9979
Wool,36.2,2.7,1.0022,1.0009,1.0024
Wool,94.8,5.8,0.9968,1.0034,1.0026
Wool,140.3,12.26,0.9949,0.996,0.9993
Wool,47.5,19.54,1.0041,1.0011,0.9993
Wool,96.6,16.52,1.0032,0.9997,1.0038
Wool,117.9,10.78,0.9941,0.9998,1.0031
Wool,58.5,3.3,1.0028,0.9949,0.997
Wool,181.1,1.31,0.9999,0.9973,0.9977
Wool,49.5,18.29,0.9994,1.0008,1.0011
Wool,124.9,16.24,0.9982,0.9976,0.9938
Wool,44.2,6.61,0.9984,1.0027,0.9976
Wool,185.9,5.47,0.9982,1.0026,0.9997
Wool,139.0,2.62,0.9987,0.9944,0.9987
Wool,101.6,15.27,1.0023,1.0005,0.9959
Wool,82.6,17.46,0.9998,1.0025,1.002
Wool,35.9,4.77,1.0026,0.995,1.0032
Wool,98.7,4.47,0.9978,1.0025,1.0037
Wool,191.9,12.18,0.9967,0.9938,0.9931
Wool,147.1,9.28,1.003,1.0004,0.9978
Wool,45.6,1.25,1.0013,1.004,0.9979
Wool,44.7,2.72,1.0032,1.0048,0.9971
Wool,78.0,16.35,0.9994,0.9953,1.0003
Wool,186.8,12.24,1.0002,0.9978,0.9982
Wool,32.6,15.69,1.0021,0.999,1.0001
Wool,80.0,3.68,0.9997,1.0002,1.0007
Wool,57.1,12.53,1.0022,0.9998,0.9999
Wool,124.9,10.88,0.9999,0.9951,0.9991
Wool,146.0,13.18,1.0009,0.9943,0.9938
Wool,166.5,9.15,0.9965,1.0019,0.999
Wool,182.5,1.44,0.9989,0.9947,1.0028
Wool,52.6,17.74,1.0019,0.9981,1.0028
Wool,137.3,11.97,1.0016,0.9956,0.9938
Wool,196.2,11.51,0.9924,1.0024,1.0018
Wool,92.7,3.64,0.9949,0.999,0.9977
Wool,83.4,19.19,0.9985,0.9987,1.0011
Wool,144.1,3.62,0.9964,0.9999,1.0016
Wool,46.4,13.79,1.0028,1.0001,0.9973
Wool,133.5,12.25,1.0028,0.9981,0.9954
Wool,54.0,18.92,0.9976,1.0003,0.9988
Wool,167.9,17.75,1.0017,0.9959,1.0003
Wool,75.3,3.51,1.0027,0.998,0.9975
Wool,112.6,16.87,0.9967,1.0017,0.995
Wool,173.6,3.69,1.0014,0.9972,1.0017
Wool,150.8,1.34,1.0008,0.9944,0.9978
Wool,187.3,18.07,0.9963,1.0024,0.9973
Wool,65.9,3.58,1.003,0.9993,0.9964
Wool,57.7,11.64,0.9977,1.0018,1.0023
Wool,30.9,2.69,1.0001,1.0044,1.0031
Wool,61.1,14.09,1.0014,0.9969,0.9957
Wool,101.3,8.4,1.0033,1.0034,1.0021
Wool,93.4,10.15,0.9946,0.9978,0.9998
Wool,148.7,19.03,0.9938,0.9992,1.003
Wool,133.8,17.03,1.002,0.9947,1.0017
Wool,44.6,4.53,0.9956,1.0036,1.0022
Wool,68.7,16.52,1.0021,0.9949,0.9999
Wool,63.9,1.62,0.9953,0.999,0.9978
Wool,32.5,19.18,0.997,1.0016,1.0044
Wool,44.7,10.58,1.0024,1.0003,0.9979
Wool,79.8,16.4,0.9954,0.9999,0.9988
Wool,130.8,11.89,1.0021,0.9979,0.995
Wool,73.7,19.17,1.0016,0.9984,1.0014
Wool,193.1,16.07,0.9973,0.9943,0.9975
Wool,166.8,16.41,0.9935,1.0023,1.0003
Wool,42.0,5.9,0.9952,0.9983,1.0004
Wool,133.8,5.21,0.9954,0.9986,0.9968
Wool,195.0,15.89,0.9994,0.9973,0.9979
Wool,179.8,5.6,1.0015,0.9949,0.9986
Wool,99.0,6.19,0.9995,0.9947,0.9985
Wool,62.9,11.41,1.0042,1.0045,1.0033
Wool,188.3,10.56,0.998,1.0028,0.9962
Wool,68.7,18.5,1.002,1.0006,1.0027
Wool,99.0,3.62,0.9946,0.9977,0.9988
Wool,105.5,6.26,0.9945,0.9978,1.0004
Wool,89.9,7.92,0.9981,0.9964,0.9961
Wool,170.2,12.29,0.9981,0.9966,1.0008
Wool,48.2,10.37,1.0015,1.002,1.0013
Wool,132.0,17.9,0.9942,0.9945,0.9945
Wool,162.4,18.89,0.9936,1.0031,0.9933
Wool,85.9,6.6,1.0036,1.0012,0.9949
Wool,149.5,4.2,0.9936,1.0009,0.9974
Wool,69.7,16.53,1.0034,1.0013,0.9951
Wool,60.1,1.01,0.9955,0.9961,0.9991
Wool,83.3,16.08,0.9996,1.0029,0.9947
Wool,56.8,8.94,1.0026,1.0038,0.9953
Wool,48.9,5.08,1.0019,0.9966,1.0035
Wool,194.3,13.44,0.9991,0.9956,0.9991
Wool,135.0,1.61,0.9965,1.0035,0.9989
Wool,160.0,14.38,1.0013,0.998,0.9988
Wool,188.2,14.46,0.9982,0.9967,0.9931
Wool,69.2,15.27,0.9948,0.9945,0.9982
Wool,192.8,12.82,1.002,1.0007,0.993
Wool,147.3,12.0,0.9932,0.9971,1.0029
Wool,179.3,9.14,0.9978,1.0003,1.0008
Wool,40.9,11.31,1.0009,1.0038,1.0042
Wool,198.4,7.4,0.9986,1.002,1.0026
Wool,91.1,15.44,0.9963,0.9979,0.9997
Wool,54.9,7.87,0.9952,0.9952,1.0042
Wool,126.8,11.97,0.9999,0.9978,0.998
Wool,185.4,16.66,0.9929,0.9985,1.0
Wool,111.2,1.84,1.001,0.9967,0.999
Wool,75.4,13.92,1.0013,1.0039,1.0009
Wool,126.9,6.49,0.9994,1.0036,0.9977
Wool,68.3,1.05,0.9995,0.9984,1.0032
Wool,56.7,7.23,0.9967,1.001,1.0029
Wool,42.4,5.04,0.9985,0.9974,1.0038
Wool,61.2,3.01,1.0,0.9965,0.9953
Wool,61.8,18.99,1.0011,0.9959,1.0021
Wool,82.3,17.26,0.9946,1.0016,0.9944
Wool,36.8,18.01,0.9986,1.0014,0.998
Wool,31.0,15.52,1.0,1.0038,0.9997
Wool,71.3,3.88,1.0035,0.9955,0.9985
Wool,67.4,3.59,1.0038,0.9974,1.0014
Wool,192.8,18.55,0.9967,1.0004,1.0026
Wool,124.6,19.66,0.9978,1.0023,1.0021
Wool,44.9,12.27,1.0004,0.9989,0.9962
Wool,37.9,19.11,0.9968,1.0013,1.0033
Wool,165.5,17.81,0.994,0.9969,0.9983
Wool,43.2,9.78,0.9992,0.995,1.0006
Wool,30.2,9.45,0.9957,0.9983,0.9964
Wool,151.3,11.46,0.9949,0.9979,1.003
Wool,46.8,16.11,1.0016,0.9963,0.998
Wool,184.8,15.93,0.9976,1.0021,1.0001
Wool,146.7,11.75,0.9975,1.0013,0.9985
Wool,65.9,8.06,0.9999,0.9954,1.0004
Wool,83.2,15.24,1.0009,0.9989,1.0012
Wool,46.0,11.56,0.995,0.9952,1.0045
Wool,87.7,5.49,0.9996,1.0025,1.0004
Wool,66.7,11.4,0.998,1.0039,0.9995
Wool,128.9,18.09,1.0013,0.9964,1.0031
Wool,82.9,2.01,0.9953,0.9997,0.9962
Wool,158.2,4.09,0.9938,0.9992,0.9998
Wool,121.2,12.88,1.0019,0.9962,1.0004
Wool,56.4,5.79,0.9974,0.9996,0.9974
Wool,65.9,3.5,1.002,0.9999,0.9957
Wool,101.6,19.12,0.9972,1.0,0.9958
Wool,31.7,3.4,1.0012,0.9951,0.9953
Wool,65.3,1.96,1.004,1.0016,0.9969
Wool,52.3,14.62,0.9993,1.003,0.9957
Wool,178.9,5.63,1.0,0.9938,1.0011
Wool,52.2,2.78,0.9981,0.9952,0.9973
Wool,63.5,13.96,1.0025,0.9979,1.0023
Wool,69.2,16.74,0.9987,0.9979,1.0033
Wool,46.3,11.21,0.9959,0.9954,0.9948
Wool,57.5,12.37,0.9985,1.0034,1.0013
Wool,156.2,9.92,0.9968,0.9996,1.0021
Wool,57.1,15.23,0.9996,0.9957,1.0022
Wool,74.8,17.0,1.0014,1.0025,0.9948
Wool,95.8,4.08,0.9998,1.0024,0.9964
Wool,50.1,10.25,0.9995,0.9983,1.0001
Wool,92.7,16.98,1.0022,1.0032,0.9986
Wool,158.0,17.93,0.9966,1.0003,1.0025
Wool,44.3,10.73,0.9985,0.9983,0.9976
Wool,78.8,15.5,0.9966,1.0008,0.9986
Wool,103.4,19.61,1.0004,1.0,0.9957
Wool,68.2,8.92,0.9944,1.001,0.9982
Wool,107.1,3.46,0.9957,0.9956,1.003
Wool,50.0,6.61,0.9961,0.9969,0.9988
Wool,53.4,16.75,0.9977,1.001,1.0013
Wool,75.3,3.87,1.0012,1.003,1.0009
Wool,192.3,11.14,0.9973,1.0029,1.0024
Wool,135.0,15.06,1.0025,0.9952,0.996
Wool,82.9,16.59,0.9948,1.0002,1.0009
Wool,74.8,4.82,0.9978,0.9969,0.9958
Wool,194.2,19.8,1.0015,1.0025,0.9944
Wool,92.2,2.09,0.9996,0.9967,0.997
Wool,64.4,16.49,1.0023,0.9968,0.9951
Wool,171.9,17.12,0.9978,0.9972,0.9967
Wool,152.2,8.03,0.9979,1.0009,1.0027
Wool,125.8,6.1,0.997,0.9985,0.9998
Wool,182.1,16.15,0.9951,1.0008,1.0019
Wool,138.1,18.99,0.9967,0.996,0.9971
Wool,110.3,17.29,0.9975,1.0032,0.9997
Wool,115.5,19.28,0.994,0.9959,0.9965
Wool,43.4,7.52,0.9984,1.0001,1.0038
Wool,127.4,18.58,1.0026,1.0029,0.9966
Wool,44.9,7.49,1.0023,1.0007,0.9979
Wool,189.8,11.94,0.9964,1.0015,0.9947
Wool,175.1,5.55,0.9974,1.0032,0.9947
Wool,92.6,14.63,1.0037,0.9968,0.9979
Wool,188.6,6.43,1.0026,1.0028,0.9996
Wool,129.2,5.71,1.0026,1.0034,1.0021
Wool,81.2,7.02,0.9973,1.0016,0.9949
Wool,126.3,5.18,1.0014,0.9963,1.0036
Wool,145.7,1.34,0.9989,1.0007,0.9951
Wool,189.8,16.62,1.0014,0.9944,0.994
Wool,92.6,11.43,0.9949,1.0035,0.997
Wool,56.6,7.89,1.0042,0.9974,1.0036
Wool,103.6,18.21,1.0016,0.9966,1.0023
Wool,140.6,13.9,0.9937,0.9986,0.9999
Wool,57.8,13.31,1.0025,0.9948,0.9997
Wool,165.4,17.63,1.0008,0.9955,0.9975
Wool,107.0,11.97,0.9978,0.9973,0.9959
Wool,109.6,3.12,1.0031,1.0007,0.9947
Wool,159.7,14.31,1.001,1.0015,1.0026
Wool,40.7,18.62,0.998,1.0011,1.001
Wool,37.8,1.48,0.9964,1.0035,0.9967
Wool,51.8,6.87,0.9978,1.0013,1.0041
Wool,50.4,1.5,0.9978,1.0045,1.0017
Wool,51.0,18.45,1.0019,0.9998,1.0006
Wool,44.8,19.88,1.0034,0.9965,0.9963
Wool,135.8,7.67,0.995,1.0016,0.9955
Wool,152.5,12.42,0.9949,1.0008,1.002
Wool,163.3,7.54,1.0002,1.0032,0.997
Wool,181.9,13.53,0.9946,0.9955,0.9947
Wool,138.8,15.65,0.9976,1.0006,0.9954
Wool,118.8,12.55,0.9936,0.9976,0.9986
Wool,147.9,17.99,1.0012,1.0013,0.9956
Wool,68.5,9.11,0.9994,1.0042,0.9991
Wool,45.6,1.93,1.0046,0.9953,0.9967
Wool,133.2,15.97,0.9944,0.9987,0.9951
Wool,175.1,8.24,0.9938,0.9983,0.9948
Wool,47.0,13.25,1.004,1.0044,0.9967
Wool,193.7,13.88,0.9986,0.9948,0.9937
Wool,176.0,13.66,1.001,0.9976,1.0001
Wool,74.6,17.33,1.0018,0.9991,0.9974
Wool,158.1,3.49,0.9954,1.0034,0.9958
Wool,147.4,3.9,1.0029,1.003,0.9988
Wool,137.9,15.33,0.9961,1.0036,0.997
Wool,198.4,17.3,0.9977,1.0,0.9993
Wool,146.5,17.34,0.9948,1.0031,0.9974
Wool,94.1,16.6,1.0,1.004,0.9961
Wool,141.5,18.1,0.9954,1.0025,1.0013
Wool,111.4,16.18,0.9942,1.0004,0.9991
Wool,76.2,13.99,0.999,0.9954,0.9966
Wool,112.5,6.99,1.0024,1.0036,1.0018
Wool,141.0,7.16,0.9935,1.0004,0.9959
Wool,95.5,8.62,0.9946,1.0021,1.0008
Wool,69.0,16.74,0.9988,0.998,0.9949
Wool,154.2,16.02,0.9933,0.9966,0.999
Wool,165.9,18.8,0.9992,0.9969,0.9973
Wool,152.5,2.37,0.999,1.003,0.9972
Wool,102.8,1.32,1.0035,0.9952,1.0015
Wool,130.7,5.02,0.9968,0.9994,0.9975
Wool,61.4,10.07,0.9944,0.9959,0.997
Wool,103.9,4.01,0.9942,1.0005,1.0008
Wool,46.3,14.85,0.9953,0.9977,1.0039
Wool,127.2,15.29,0.9976,1.0032,0.9977
Wool,120.4,13.3,0.9976,0.9996,0.999
Wool,66.7,4.13,0.9994,0.9995,0.9954
Wool,132.3,15.64,0.9946,1.0002,1.0003
Wool,34.8,19.22,1.0014,1.0042,0.9998
Wool,110.8,11.35,0.9972,1.0024,1.0033
Wool,189.9,14.01,1.0013,1.0,0.9959
Wool,49.6,2.74,1.0024,0.9981,0.9967
Wool,192.1,13.77,1.0001,0.9994,0.9946
Wool,51.2,1.87,0.996,0.9955,1.0032
Wool,161.7,10.24,0.9967,1.0034,0.999
Wool,107.5,18.51,0.9983,1.001,0.9938
Wool,101.5,11.66,0.9978,0.9972,1.0007
Wool,104.0,8.62,0.9996,1.0001,1.0033
Wool,180.4,2.69,1.0011,0.9973,0.9968
Wool,147.4,1.64,1.0021,0.9942,0.9979
Wool,90.0,14.28,0.9986,0.9946,1.0015
Wool,195.8,11.74,0.9985,1.0026,0.9973
Wool,48.7,13.06,1.0009,0.996,1.0015
Wool,67.9,4.91,1.0014,1.0005,1.0018
Wool,60.5,7.65,0.9961,0.9962,0.9987
Wool,65.1,6.69,1.0043,1.0031,1.0007
Wool,185.7,12.79,0.998,0.9988,0.9963
Wool,96.9,18.53,0.9978,0.9984,0.9969
Wool,86.2,5.97,1.0032,1.0036,1.0018
Wool,82.3,5.89,0.995,1.0034,1.0005
Wool,97.2,18.63,0.9996,1.0016,0.9963
Wool,150.0,17.3,0.9957,0.998,0.9956
Wool,179.8,17.66,0.995,0.9983,0.9996
Wool,141.8,11.67,0.9947,0.9942,0.9969
Wool,101.4,12.5,0.9986,1.0035,1.0039
Wool,143.7,11.13,1.0009,0.9989,1.0022
Wool,75.8,5.73,0.9954,0.9946,1.0034
Wool,127.1,3.45,1.0006,0.9952,0.9988
Wool,37.4,7.21,1.0037,1.0,0.9967
Wool,137.2,15.9,0.9969,0.9984,0.9994
Wool,176.1,3.39,0.9954,0.9939,0.9962
Wool,103.6,6.78,1.0033,0.9957,1.0003
Wool,126.3,16.64,0.9947,1.0011,0.9972
Wool,53.2,3.18,1.002,0.9994,1.0033
Wool,176.9,11.05,0.9986,0.9952,0.999
Wool,136.8,16.95,1.0028,0.9992,0.9978
Wool,167.0,18.53,0.9987,1.0026,0.9956
Wool,91.3,6.67,0.9967,0.9976,0.9982
Wool,44.4,5.23,1.0001,0.9985,1.0036
Wool,80.4,4.49,1.0026,0.9961,1.0012
Wool,53.1,17.3,0.9962,0.9991,0.9962
Wool,99.1,13.46,0.994,0.9964,0.9985
Wool,128.5,10.58,1.0004,1.0019,0.9977
Wool,169.7,16.79,0.9929,1.0011,1.0029
Wool,140.7,14.5,1.0021,0.9993,0.9963
Wool,158.1,19.23,0.9942,1.0013,0.994
Wool,142.7,10.26,1.0022,0.9943,0.9962
Wool,198.9,6.74,1.0008,0.9937,0.9953
Wool,165.0,16.86,1.0021,0.9949,1.0013
Wool,133.6,6.33,0.9975,0.9957,1.0014
Wool,154.1,15.32,1.0005,0.9954,0.9946
Wool,199.0,12.85,0.9945,0.9943,0.9941
Wool,98.2,19.84,0.9958,1.0028,0.9961
Wool,67.3,5.82,0.9991,0.9953,1.0015
Wool,144.0,9.13,0.9979,1.003,0.9937
Wool,175.5,3.7,0.9977,0.9996,1.0009
Wool,83.6,18.07,0.9944,0.997,0.9977
Wool,39.5,18.89,0.9961,0.9969,1.0002
Wool,160.8,16.51,0.9945,0.9936,0.9959
Wool,186.0,16.06,0.9928,0.9984,0.9974
Wool,190.9,16.19,1.0003,1.0009,1.0019
Wool,32.8,9.63,0.9963,0.9964,1.0027
Wool,79.8,17.74,0.9945,1.0024,1.0013
Wool,185.8,5.92,1.0015,0.9979,1.0009
Wool,47.3,18.43,1.0007,1.0014,0.9976
Wool,74.3,3.01,1.0023,1.0006,1.0032
Wool,187.4,1.95,0.9964,0.9988,0.9987
Wool,186.5,3.93,0.9995,0.9996,0.9966
Wool,178.3,2.22,0.9945,0.9994,1.0014
Wool,129.4,14.07,0.9972,1.0014,0.9965
Wool,73.3,10.64,1.0016,1.0039,0.9992
Wool,136.6,9.58,1.0011,0.9946,0.9956
Wool,52.1,2.63,0.9952,1.0001,1.0044
Wool,37.1,14.24,1.0044,1.0002,1.0026
Wool,156.3,1.95,1.0025,1.0035,0.9944
Wool,175.4,17.4,0.9973,1.0001,1.0009
Wool,188.5,12.37,0.9959,0.999,0.9991
Wool,72.8,7.74,1.0003,1.0018,1.0034
Wool,48.6,2.94,0.9965,1.0039,1.0042
Wool,157.2,5.75,0.9988,0.9955,0.9938
Wool,175.7,3.84,0.9941,0.9952,1.0002
Wool,146.5,5.95,1.0021,0.9976,1.0033
Wool,184.5,15.06,0.9924,0.9985,0.9948
Wool,195.9,6.59,0.9969,1.0022,0.9932
Wool,115.4,10.85,0.9988,0.9998,0.9972
Wool,76.1,1.4,0.9961,1.0032,1.0007
Wool,94.2,10.64,0.9975,1.0003,1.0029
Wool,62.2,13.96,0.9992,1.0007,1.0034
Wool,97.5,13.06,0.9959,1.0036,1.0
Wool,83.8,5.43,0.9961,1.0036,0.9991
Wool,165.1,4.04,0.9967,0.9951,0.9977
Wool,180.6,7.64,0.9936,1.0014,0.9945
Wool,141.2,11.88,1.0025,0.9952,0.9964
Wool,42.1,18.56,1.0039,1.0022,0.9966
Wool,55.8,7.04,1.0021,1.0017,0.9986
Wool,104.1,9.8,1.0011,0.9957,0.9982
Wool,170.5,14.73,0.9993,1.0028,0.9935
Wool,94.1,7.37,0.9967,0.9994,1.0007
Wool,123.7,2.84,0.9959,0.9952,1.0006
Wool,159.2,1.77,0.996,0.999,1.0022
Wool,149.7,3.98,1.0016,0.9946,1.0022
Wool,46.0,16.75,1.0022,0.9983,0.9974
Wool,142.7,17.79,1.0001,0.9989,1.0021
Wool,122.4,11.18,1.0035,0.9969,0.9939
Wool,159.8,3.08,0.9965,0.9992,0.9942
Wool,82.6,6.81,0.9956,1.0028,0.9944
Wool,165.1,4.38,1.0024,1.0027,0.9985
Wool,138.5,10.13,1.0017,0.999,1.0014
Wool,193.2,13.12,0.9951,1.0017,1.0003
Wool,161.8,3.26,0.9976,0.9949,0.9966
Wool,60.6,12.6,1.0015,0.9989,0.9959
Wool,42.8,4.48,0.9978,0.9955,0.9976
Wool,134.0,11.11,1.0013,0.9949,1.001
Wool,189.4,18.42,0.9978,1.0015,1.0014
Wool,45.3,17.39,0.9988,1.0028,0.9985
Wool,133.6,19.56,0.9959,1.0005,0.9944
Wool,57.4,14.27,0.9954,1.0,0.995
Wool,178.8,9.02,0.9929,1.0002,0.9949
Wool,30.4,1.1,1.0044,1.0025,1.0004
Wool,62.9,8.52,1.0032,0.9946,1.0008
Wool,85.5,4.41,0.9967,0.9997,0.9968
Wool,150.7,18.77,0.9984,0.995,0.9974
Wool,167.8,4.25,1.0009,1.0012,0.9941
Wool,106.7,11.15,0.9981,1.0023,1.0016
Wool,188.7,17.3,0.994,0.9985,1.0016
Wool,179.9,10.53,1.0016,1.0,1.0019
Wool,64.7,16.48,0.9982,1.0019,0.9993
Wool,137.9,17.78,1.0027,1.0027,1.0009
Wool,160.6,4.36,0.9977,0.9961,0.9991
Wool,194.1,3.06,1.0024,0.9951,0.9998
Wool,164.5,4.82,0.9954,0.9997,0.9945
Wool,121.9,10.65,1.0033,0.9974,0.9957
Wool,155.3,14.84,0.9935,0.9982,1.0004
Wool,159.9,18.88,0.9929,1.0028,0.9979
Wool,95.6,13.36,0.9981,1.0004,0.9978
Wool,128.9,1.12,1.0028,0.9994,0.9951
Wool,141.2,6.06,1.0011,1.0,0.9984
Wool,105.6,8.79,0.9985,0.9992,0.9952
Wool,194.9,8.96,1.0009,0.9995,0.9984
Wool,80.8,13.55,0.9958,1.0011,1.0041
Wool,169.7,3.86,0.997,0.9972,1.003
Wool,97.9,8.3,0.9957,1.0029,0.9999
Wool,46.0,7.15,0.9967,1.0009,1.0006
Wool,181.5,4.09,0.9961,0.9994,1.0
Wool,136.8,1.17,0.9981,0.997,0.9953
Wool,176.5,1.43,0.9957,0.9983,1.0011
Wool,100.0,12.22,1.0038,0.9948,0.9984
Wool,135.2,10.2,0.999,0.9993,0.9997
Wool,82.2,13.91,0.9966,0.9978,1.0004
Wool,127.1,8.71,0.9943,0.999,1.0019
Wool,166.3,17.09,0.9938,0.9979,0.996
Wool,107.9,18.93,0.997,0.9979,0.9996
Wool,167.4,3.03,0.9969,1.0013,0.9989
Wool,75.1,7.0,1.0022,0.9962,1.0008
Wool,167.1,17.64,0.9959,0.9949,1.0014
Wool,197.7,4.12,0.9939,0.9978,0.997
Wool,79.3,12.43,0.9947,1.0027,0.996
Wool,120.9,5.8,0.999,1.0017,0.994
Wool,179.1,11.89,0.9945,0.9999,0.9935
Wool,112.0,13.67,0.999,0.9963,0.9998
Wool,110.5,16.83,1.001,0.995,0.9973
Wool,197.3,5.49,0.994,1.0027,1.0009
Wool,185.6,1.9,0.995,1.0002,1.0005
Wool,159.2,8.66,0.999,1.0022,0.9994
Wool,139.7,1.33,1.0033,0.9975,0.9968
Wool,124.9,15.58,0.9953,0.9982,0.9991
Wool,173.6,19.82,0.9967,0.9988,0.9979
Wool,111.6,14.7,0.9938,0.9951,0.9986
Wool,100.5,13.21,0.9942,0.9952,1.0015
Wool,102.7,17.88,0.9949,0.9963,1.003
Wool,81.5,19.41,0.9952,1.0001,0.9945
Wool,112.3,13.64,1.0032,0.9996,1.0032
Wool,169.1,8.11,0.9959,0.9938,0.9948
Wool,162.3,3.22,1.0023,0.9997,0.9979
Wool,111.2,6.99,0.9981,0.9959,1.0035
Wool,60.7,12.57,0.9976,0.9967,1.0008
Wool,142.2,9.35,0.9936,0.9987,0.9984
Wool,96.1,11.28,1.0008,0.9974,1.0001
Wool,132.1,7.2,0.9945,1.0021,0.9961
Wool,68.3,1.12,1.0029,1.0044,0.9975
Wool,153.9,5.15,0.9949,1.002,1.0026
Wool,39.6,15.08,0.9984,1.0012,1.004
Wool,188.2,2.29,1.0,0.9981,1.0025
Wool,138.8,13.03,0.9979,0.9953,1.0013
Wool,121.1,11.37,0.996,0.9974,0.997
Wool,144.8,11.53,0.9949,0.9995,0.9966
Wool,145.8,7.58,1.0004,0.9969,0.9977
Wool,196.2,7.23,0.9961,0.9939,0.9937
Wool,87.1,1.99,1.0028,0.9949,0.9976
Wool,45.8,9.52,0.9977,0.9994,1.0023
Wool,138.6,7.78,0.9948,0.9982,0.999
Wool,156.4,14.91,0.994,1.0013,0.9979
Wool,90.6,6.71,1.0022,1.0001,0.9963
Wool,79.2,18.12,0.996,0.9976,0.999
Wool,120.8,5.22,0.995,0.9962,0.9949
Wool,163.9,14.08,0.9952,0.9998,1.0024
Wool,196.7,9.12,0.9928,0.9978,0.9983
Wool,59.8,18.36,0.9948,1.0023,0.9991
Wool,110.8,1.18,1.0023,0.9986,0.9974
Wool,40.6,4.45,0.9992,0.9979,0.9981
Wool,142.4,18.61,1.0003,0.9983,1.0014
Wool,117.0,2.93,0.9995,0.9952,0.9984
Wool,111.3,6.56,1.0026,0.9991,1.0014
Wool,105.3,8.2,0.9955,1.0023,1.0
Wool,41.1,6.9,0.9968,0.9988,1.0006
Wool,127.9,17.88,0.9995,0.998,1.0033
Wool,88.0,12.58,0.9997,1.0021,1.0011
Wool,49.1,11.11,1.0,0.9994,1.0003
Wool,120.3,5.45,1.0031,1.0011,0.9957
Wool,149.7,11.27,0.9972,0.9988,1.0025
Wool,58.9,6.6,0.9973,1.004,1.0024
Wool,80.6,15.27,1.003,1.001,1.0014
Wool,129.1,9.32,0.9991,1.0026,1.002
Wool,181.3,7.24,0.9998,0.9968,0.9984
Wool,190.7,15.1,1.0007,0.9935,0.9942
Wool,105.0,12.09,1.0011,1.0002,1.003
Wool,173.8,16.93,1.0007,0.9961,0.9984
Wool,138.7,18.24,0.9976,0.9944,0.9936
Wool,85.8,12.03,0.997,1.0039,1.0034
Wool,167.9,16.01,1.0006,0.9953,0.9981
Wool,178.6,10.94,0.9966,0.9985,0.9939
Wool,153.4,13.13,0.9951,0.9985,1.0009
Wool,174.3,3.17,0.9938,0.9959,1.0033
Wool,113.6,11.24,0.9964,1.0032,0.9997
Wool,180.9,1.43,1.0009,1.0,1.0021
Wool,173.4,11.88,1.0012,1.0016,0.9976
Wool,128.1,8.04,0.995,1.0025,1.0031
Wool,129.5,5.2,1.0015,0.9949,1.0022
Wool,83.2,10.59,1.0016,1.0019,0.9989
Wool,157.3,15.61,0.9995,0.9953,1.0
Wool,33.4,15.14,0.9958,0.9971,1.0004
Wool,31.8,19.21,0.9998,1.0032,1.0043
Wool,82.3,13.28,0.9972,0.9955,1.0014
Wool,37.2,2.12,1.0002,1.0032,1.0029
Wool,175.4,14.63,0.993,0.9965,1.0018
Wool,80.9,14.58,0.9961,0.995,0.9976
Wool,148.5,15.95,0.9979,0.9973,0.9974
Wool,185.6,2.5,0.9997,0.9985,0.9993
Wool,126.6,4.97,0.9961,1.0002,1.001
Wool,136.5,11.35,1.0031,1.0035,1.0021
Wool,103.1,7.97,1.0035,0.9987,0.9966
Wool,140.6,17.35,1.0013,0.996,0.9983
Wool,61.6,7.59,1.0032,0.9956,0.9975
Wool,96.8,13.9,0.9943,0.9955,0.9991
Wool,70.8,10.24,0.9988,1.003,0.9998
Wool,101.7,15.55,0.9975,0.9941,1.0031
Wool,80.1,10.9,0.9979,0.9969,0.995
Wool,149.8,8.83,0.9936,0.9947,1.0036
Wool,108.5,19.03,0.9999,0.9959,0.9991
Wool,169.1,18.46,0.9966,0.9958,1.0027
Wool,193.8,1.71,0.9994,0.9987,0.9946
Wool,196.6,1.16,0.9941,0.9975,0.9974
Wool,188.7,10.67,0.9935,0.9995,0.9997
Wool,107.1,11.05,0.9996,1.0,1.0019
Wool,187.5,11.93,0.9982,0.9935,0.9979
Wool,74.2,15.37,1.0033,1.0029,1.0005
Wool,147.6,1.07,0.9952,0.9989,1.0015
Wool,77.3,12.66,0.9987,0.997,0.9975
Wool,193.4,3.13,0.9997,1.0016,1.0008
Wool,121.4,17.96,0.9947,0.9987,0.9982
Wool,181.0,1.4,1.0026,1.0015,1.003
Wool,197.5,15.99,0.9997,1.0012,1.0009
Wool,161.9,15.55,0.9931,0.9964,0.9953
Wool,115.7,10.93,0.9943,0.9989,0.9994
Wool,105.3,15.2,1.0033,0.9962,0.9962
Wool,98.8,15.46,0.9983,1.0024,0.9949
Wool,152.0,12.5,0.9993,0.9947,1.0029
Wool,62.8,16.69,1.0029,1.0041,0.9961
Wool,51.7,3.53,0.9973,0.9964,0.9951
Wool,74.5,13.45,0.9958,1.0031,1.0032
Wool,133.9,14.76,0.9968,0.9983,0.9936
Wool,158.9,2.26,0.9938,1.0006,1.0006
Wool,172.6,6.17,0.9986,0.995,0.9971
Wool,162.7,16.96,0.9991,0.9939,0.998
Wool,134.7,2.88,1.0,0.9954,1.0014
Wool,122.5,9.85,0.9995,1.0013,0.9986
Wool,156.5,19.68,1.0014,0.9991,0.9952
Wool,60.2,2.48,0.9996,0.9977,0.9961
Wool,79.2,6.04,1.0032,1.0009,0.9966
Wool,101.3,3.05,1.0024,0.9948,0.9962
Wool,95.0,9.2,1.0009,0.9964,0.9989
Wool,55.4,8.59,1.0015,0.9963,1.0039
Wool,55.7,1.67,1.0007,1.0026,0.9971
Wool,181.9,8.87,0.994,0.999,0.9951
Wool,192.9,12.08,0.9924,0.9977,0.9989
Wool,35.1,2.82,0.9973,0.9983,1.0029
Wool,194.2,1.49,0.9973,0.9994,0.9941
Wool,157.9,1.66,0.9978,0.9953,0.9948
Wool,121.9,8.23,0.9941,0.9991,1.0028
Wool,141.4,10.42,0.9951,0.994,1.0019
Wool,83.8,18.52,1.0016,1.0016,1.0019
Wool,199.8,3.11,0.9942,1.0012,1.0027
Wool,110.6,1.12,0.9966,0.9967,0.9948
Wool,196.3,16.68,0.9997,0.9958,1.0005
Wool,183.4,4.49,0.9942,0.9998,0.9934
Wool,88.2,5.08,1.0001,1.002,0.9958
Wool,154.5,18.79,1.0001,0.9992,0.9962
Wool,170.0,16.16,0.9973,0.995,0.9992
Wool,65.4,4.47,1.0009,0.9982,0.9955
Wool,186.9,9.94,0.9933,0.9978,1.0012
Wool,152.4,1.46,1.0031,0.9951,1.0032
Wool,170.6,7.82,0.9983,0.9945,0.9937
Wool,48.0,11.92,0.9956,1.0042,0.9999
Wool,186.8,2.73,1.0008,0.9987,0.9973
Wool,158.8,6.43,0.9992,0.999,0.9977
Wool,111.4,9.13,1.0026,1.0039,1.0008
Wool,51.6,9.81,1.0045,1.0037,0.9996
Wool,75.8,9.67,0.9945,1.0019,0.9987
Wool,141.7,19.55,1.0027,0.9946,0.9937
Wool,79.6,17.08,0.9953,0.9986,0.9945
Wool,98.6,15.0,1.0014,1.0034,1.0017
Wool,190.2,4.83,0.9987,1.0005,0.9944
Wool,63.6,7.19,0.9968,1.0,0.9996
Wool,76.0,18.95,0.9943,0.9958,0.9963
Wool,194.1,8.79,0.9952,0.995,1.0001
Wool,31.7,2.25,0.9966,1.0024,0.9999
Wool,189.6,3.82,0.9928,1.0023,0.9932
Wool,65.4,5.14,0.9951,0.9948,0.9998
Wool,72.3,6.54,1.0015,0.9986,0.9969
Wool,48.9,1.09,1.0,1.0006,1.0026
Wool,199.9,3.31,0.9937,1.0011,0.9933
Wool,192.3,17.16,0.996,1.0004,0.999
Wool,169.5,3.64,0.998,1.0029,1.0009
Wool,128.9,11.11,1.0012,1.0011,1.0011
Wool,135.0,8.38,0.9989,1.0012,0.9968
Wool,198.1,19.07,1.0014,1.0014,0.998
Wool,111.6,5.9,0.9963,0.9947,1.0033
Wool,168.7,19.48,0.9977,1.0,0.9955
Wool,50.2,2.84,1.0031,1.0043,0.9956
Wool,46.3,17.77,0.9975,1.0012,1.0
Wool,92.8,5.92,0.9991,1.0019,1.0039
Wool,82.5,19.48,0.9957,0.9968,1.0025
Wool,32.0,7.9,0.998,0.9972,0.9989
Wool,35.1,7.11,1.0042,1.0009,0.9973
Wool,128.9,14.38,1.002,0.9981,0.9951
Wool,39.1,2.11,0.9963,1.0037,1.0021
Wool,167.7,14.42,0.9981,0.9942,0.9982
Wool,186.5,13.4,0.9975,0.999,1.0006
Wool,194.6,3.84,1.0015,0.9946,0.9984
Wool,115.1,2.33,0.9966,0.9974,0.9955
Wool,68.7,18.34,1.0004,0.9962,0.9973
Wool,191.7,5.22,1.0026,0.9934,0.9961
Wool,57.1,2.8,1.0024,1.0042,1.0002
Wool,86.4,11.43,1.0009,1.0037,1.0005
Wool,163.7,19.52,0.9961,0.9934,0.9997
Wool,181.7,3.17,0.9932,0.998,0.9951
Wool,39.4,9.1,0.9949,0.9956,1.0003
Wool,118.8,9.71,0.994,1.0012,1.0014
Wool,59.9,19.69,0.9954,1.0017,1.0035
Wool,102.6,7.67,0.9952,1.0007,0.9968
Wool,120.5,8.11,0.9987,0.9983,1.0015
Wool,68.1,16.48,1.003,1.0035,1.0018
Wool,83.0,14.78,1.0037,0.9973,0.9959
Wool,54.5,9.36,1.0044,1.0031,0.9976
Wool,170.3,1.48,0.9993,0.9969,0.9936
Wool,114.9,15.13,0.9998,0.996,1.0011
Wool,113.6,3.83,0.9963,0.9998,0.9984
Wool,113.5,8.79,0.9955,1.0035,1.0016
Wool,157.4,3.4,0.9979,1.0032,0.9976
Wool,197.8,10.68,1.0008,1.0,0.9967
Wool,89.7,14.28,0.9979,0.9957,0.9954
Wool,197.2,19.17,0.9982,0.9972,1.0025
Wool,174.9,9.4,1.0013,0.996,0.9995
Wool,110.5,16.77,1.0002,0.9997,1.0002
Wool,91.5,1.69,1.004,0.9955,0.9995
Wool,115.1,10.18,0.9967,0.9955,0.9963
Wool,176.9,16.42,0.9955,0.9962,0.9971
Wool,155.6,8.19,0.9947,0.9947,0.9944
Wool,164.4,9.22,0.9955,1.0008,0.9969
Wool,90.7,11.92,0.9957,1.0039,1.0007
Wool,77.0,6.38,1.0025,1.0021,0.9955
Wool,150.7,10.37,0.9951,0.9991,0.9988
Wool,108.8,1.05,1.0008,0.9966,0.9965
Wool,145.1,15.99,0.998,1.0022,1.0015
Wool,153.1,11.04,0.9959,1.0016,0.9988
Wool,198.8,8.7,1.001,0.9932,1.0014
Wool,168.8,19.87,0.9943,0.9948,1.0017
Wool,82.9,13.47,0.9968,1.0023,0.996
Wool,176.7,3.25,0.997,0.9966,1.0008
Wool,119.7,1.08,1.0034,0.9991,0.9952
Wool,154.1,17.57,0.9967,1.0033,0.9953
Wool,40.6,14.28,0.9955,0.9991,1.0028
Wool,135.9,18.34,0.9936,0.9945,0.9962
Wool,189.5,4.99,1.0019,0.998,0.9943
Wool,48.2,14.11,1.0019,1.0005,0.9992
Wool,140.9,8.88,1.0012,0.9948,1.0
Wool,96.0,18.62,1.0013,1.0034,1.0007
Wool,134.9,15.27,0.9937,0.9988,0.9945
Wool,140.2,17.06,0.9994,1.0018,0.9967
Wool,92.0,1.18,0.9955,0.9965,0.9988
Wool,68.0,11.07,1.0013,0.9947,1.0036
Wool,124.9,13.84,1.0018,0.9991,0.9937
Wool,53.4,9.89,1.0021,1.0018,0.9992
Wool,190.7,3.01,0.993,1.0002,0.9943
Wool,134.6,19.54,0.9946,1.0025,1.0002
Wool,179.4,12.17,1.0025,0.9957,0.998
Wool,50.5,4.76,0.9981,0.997,0.9992
Wool,101.3,17.4,1.0027,0.9941,1.0019
Wool,123.0,13.8,1.0006,0.9975,0.9973
Wool,177.4,10.51,0.9928,0.9998,0.9998
Wool,79.8,16.17,0.9953,1.003,1.0038
Wool,57.6,16.66,0.9981,0.9948,1.0043
Wool,132.4,15.5,0.9988,1.0022,0.9962
Wool,143.3,1.38,1.0016,1.0007,0.9974
Wool,104.3,14.11,0.9962,1.0025,1.0031
Wool,92.0,15.22,1.0026,0.9956,0.9973
Wool,155.1,16.94,1.0018,1.0016,0.9971
Wool,30.8,18.63,0.9966,0.9983,1.0043
Wool,192.3,13.33,1.0,1.0019,0.9944
Wool,174.3,14.35,0.9995,0.9994,1.0017
Wool,128.2,6.48,1.0022,0.999,0.9961
Wool,31.7,18.34,1.0019,1.0006,1.0026
Wool,168.4,7.01,0.9952,0.9949,0.9971
Wool,42.1,10.05,0.9983,1.0028,1.0002
Wool,96.0,6.53,1.0012,0.9967,1.0009
Wool,189.1,17.39,0.9945,0.9984,0.9937
Wool,85.4,16.58,1.0027,0.9969,0.9991
Wool,74.1,19.88,0.9989,1.0024,0.9999
Wool,102.2,19.22,0.9968,0.9964,0.9972
Wool,156.6,18.37,0.9939,0.9988,0.9939
Wool,106.3,10.36,1.0019,0.9954,1.0
Wool,160.1,10.46,0.994,0.9971,0.9949
Wool,175.2,13.15,1.0002,1.0014,0.9977
Wool,68.6,8.28,0.9959,1.0024,0.9988
Wool,155.5,19.82,1.0004,0.9975,0.9978
Wool,54.0,7.8,0.999,0.9949,0.9966
Wool,170.6,9.81,0.9964,1.0014,1.0008
Wool,111.7,19.9,1.001,0.9986,1.0009
Wool,66.8,10.25,0.9974,0.9968,0.9946
Wool,61.6,9.4,1.0026,1.003,0.9995
Wool,85.1,9.72,0.9959,0.9948,0.9999
Wool,86.5,15.64,0.9979,0.9995,1.0039
Wool,181.9,4.53,0.998,0.9964,0.9937
Wool,100.8,5.76,0.9941,1.0008,0.998
Wool,65.2,10.09,0.995,1.0029,0.9965
Wool,87.5,14.81,1.0036,0.9982,0.9983
Wool,53.5,12.47,0.9966,0.9999,1.0017
Wool,172.1,12.54,0.9968,1.0,0.9935
Wool,74.8,18.45,0.9992,0.9982,1.0009
Wool,60.0,14.18,1.0021,1.0023,0.997
Wool,89.0,1.48,0.9996,1.0028,1.0022
Wool,110.6,11.98,1.0011,1.0036,0.9972
Wool,175.1,9.15,0.9953,0.9934,0.9951
Wool,141.6,7.11,0.9979,1.0012,0.9987
Wool,179.9,10.5,0.996,0.9958,0.9975
Wool,43.1,14.38,0.9947,1.0029,0.9998
Wool,55.0,4.44,0.9967,0.9987,1.0031
Wool,107.4,4.92,0.9946,0.996,1.0036
Wool,55.0,2.96,1.0023,1.0031,1.003
Wool,140.7,10.31,0.9994,1.0034,0.9947
Wool,57.9,15.81,0.9958,1.0033,0.9981
Wool,79.1,16.91,0.998,0.9998,0.9944
Wool,59.9,2.97,0.9989,1.0005,0.9968
Wool,175.6,4.4,0.9932,0.9952,0.9975
Wool,193.4,11.8,0.9978,0.994,1.0027
Wool,75.2,13.89,0.9968,1.0026,0.9949
Wool,122.9,17.5,0.9978,1.0026,1.0012
Wool,186.7,16.32,0.9931,1.0022,0.9973
Wool,162.4,17.88,0.9995,1.0027,0.996
Wool,63.7,4.51,1.0029,0.9965,1.0038
Wool,94.0,5.25,0.9953,1.0024,0.9959
Wool,77.4,9.43,1.004,1.0036,0.9944
Wool,67.8,11.69,1.0017,1.002,0.9976
Wool,40.3,17.74,1.0006,1.0007,1.0043
Wool,85.3,14.28,0.9962,1.0003,0.9954
Wool,149.1,19.83,0.9978,0.9988,0.9941
Wool,182.1,3.24,0.9967,0.9969,0.9938
Wool,195.7,11.7,0.9966,0.9942,0.9971
Wool,101.4,8.51,0.9973,0.9959,1.0028
Wool,124.0,6.77,1.0034,0.9999,0.9966
Wool,157.3,12.14,0.9932,1.0007,0.9984
Wool,122.8,6.73,0.9937,1.0015,1.0039
Wool,158.1,17.08,0.993,0.9938,0.9933
Wool,151.5,2.96,1.003,1.0022,0.9997
Wool,58.2,15.66,1.0033,1.0022,1.0038
Wool,180.0,5.53,0.9931,0.9959,0.999
Wool,35.9,5.28,1.0038,0.9984,0.9968
Wool,65.1,1.12,0.9963,0.9983,0.9951
Wool,167.6,18.21,1.0006,0.9966,1.0028
Wool,49.3,17.81,0.9966,0.9979,0.9977
Wool,152.0,18.05,0.9951,0.9975,0.9983
Wool,124.2,11.64,1.0005,0.996,0.9957
Wool,161.9,4.66,0.9948,1.0021,0.9975
Wool,57.7,9.11,0.9945,1.0,0.998
Wool,156.9,11.23,0.9995,0.9947,1.0017
Wool,164.1,15.3,0.9936,1.0021,0.9937
Wool,162.6,15.28,0.9967,1.0024,0.9993
Wool,134.5,19.08,0.9943,0.996,0.9984
Wool,63.7,10.14,0.9975,0.9982,0.9961
Wool,184.1,8.29,0.9986,1.0019,0.9995
Wool,126.3,18.13,0.9967,1.0036,0.9945
Wool,52.5,8.51,0.9953,0.997,0.9994
Wool,69.5,8.61,1.0038,1.0031,0.9972
Wool,84.1,13.69,0.9991,1.0034,0.9967
Wool,47.5,18.21,1.0013,1.0034,0.9986
Wool,106.3,15.56,0.9939,0.9997,0.9955
Wool,156.1,11.13,0.9957,1.0023,0.9961
Wool,62.5,14.4,0.9949,1.0014,1.003
Wool,90.3,7.04,0.9968,1.0015,0.9957
Wool,128.9,3.0,0.9961,1.0024,0.9992
Wool,105.1,18.43,0.9982,0.9953,0.9985
Wool,195.6,8.11,0.9998,1.0017,0.9945
Wool,45.9,11.36,1.0016,0.9972,1.0026
Wool,84.6,18.7,1.0018,1.0001,1.0014
Wool,194.8,6.75,0.9979,0.9981,0.9973
Wool,137.8,16.76,0.9951,0.9957,0.9958
Wool,58.9,12.2,0.9999,0.9981,0.998
Wool,135.0,2.09,0.9971,1.0011,1.0006
Wool,193.2,6.22,1.0014,0.9965,0.9981
Wool,163.3,14.97,0.9981,1.0016,0.9986
Wool,195.4,7.09,0.9969,1.0011,0.9944
Wool,164.1,1.34,0.9983,0.9976,0.9949
Wool,129.4,4.2,0.9967,0.9962,1.0018
Wool,178.7,15.01,0.9933,0.999,0.9947
Wool,57.0,4.49,0.9981,1.0023,1.0
Wool,90.0,16.12,1.0032,0.9982,1.0016
Wool,198.1,9.5,0.9979,0.9949,1.0005
Wool,179.7,13.28,0.9934,1.0026,1.001
Wool,71.8,6.2,0.9973,1.0003,1.0004
Wool,164.0,12.5,0.9994,0.9973,1.0016
Wool,105.4,3.55,0.998,0.9969,1.0025
Wool,88.3,16.94,1.0035,0.9978,0.996
Wool,41.3,16.88,1.0009,0.9948,0.9968
Wool,42.7,15.01,0.9953,0.9968,0.9982
Wool,64.1,12.76,0.9956,0.9974,0.999
Wool,44.8,12.25,0.9983,0.9947,0.995
Wool,194.1,18.7,0.9935,0.9977,0.993
Wool,98.0,8.6,1.0032,1.0017,1.0025
Wool,39.3,19.54,1.0031,0.9985,0.9966
Wool,119.4,18.85,0.9935,0.9995,0.9959
Wool,59.5,6.16,0.9954,1.0029,1.0012
Wool,175.8,13.79,0.9946,1.0019,0.995
Wool,99.8,1.24,1.0036,1.0005,0.9972
Wool,45.8,9.27,0.996,0.9967,0.9956
Wool,89.3,18.1,0.9967,1.0033,0.9959
Wool,60.4,9.93,1.0034,0.9998,0.9993
Wool,101.4,18.45,0.9939,1.0026,0.9959
Wool,72.7,6.55,1.0006,0.995,0.9973
Wool,102.9,2.32,0.9974,0.9977,0.9994
Wool,105.0,19.96,1.0019,0.9989,0.9999
Wool,62.1,6.7,0.9963,1.0034,0.9974
Wool,67.3,6.85,1.0021,0.9953,0.9995
Wool,67.2,7.56,1.0022,1.0025,0.9995
Wool,96.1,5.86,0.9998,1.0043,0.9959
Wool,178.6,15.68,0.9962,0.9954,1.0014
Wool,53.3,11.63,0.9949,1.0015,0.9962
Wool,117.7,14.94,0.9962,1.0004,1.0036
Wool,30.5,7.44,0.9998,0.9982,1.0037
Wool,111.9,18.93,0.9952,0.9978,0.9965
Wool,84.6,12.21,0.9942,1.0023,1.0
Wool,67.5,11.14,0.9969,0.9987,0.9974
Wool,173.9,13.07,1.0,0.9962,0.9977
Wool,192.6,10.93,0.9951,0.9976,0.9969
Wool,93.8,11.3,0.9985,1.0007,1.0027
Wool,179.3,5.87,0.997,0.998,1.0001
Wool,95.9,5.44,0.9996,1.0024,1.0039
Wool,41.4,13.52,1.0033,0.9955,0.9983
Wool,118.0,12.57,0.9939,0.9945,0.9984
Wool,187.2,4.17,1.0012,0.9934,0.9984
Wool,86.9,14.25,1.0005,1.0026,0.998
Wool,79.3,5.49,0.9984,1.0033,0.9948
Wool,182.9,5.33,0.9952,0.996,0.9975
Wool,116.6,5.01,0.9978,1.0006,1.0007
Wool,33.8,8.69,1.0017,1.0037,0.996
Wool,188.6,4.48,0.9945,0.9974,1.0018
Wool,184.9,13.21,1.0002,0.9992,1.0007
Wool,106.9,13.29,0.998,0.9962,1.0015
Wool,145.0,16.36,0.9935,0.9982,0.9954
Wool,100.5,6.79,1.0021,1.0012,1.0011
Wool,177.6,10.57,0.9975,0.9973,1.0006
Wool,83.5,19.89,0.997,0.9944,1.0007
Wool,81.5,3.62,1.0026,1.0014,0.9951
Wool,140.1,11.66,1.0009,1.0013,0.999
Wool,98.3,14.74,0.9941,0.998,0.9959
Wool,40.4,2.32,1.0025,1.0007,1.0045
Wool,182.4,1.28,0.9948,1.0015,0.9992
Wool,160.3,10.67,0.9991,1.0002,0.999
Wool,121.2,4.04,0.995,0.9956,1.0011
Wool,194.2,15.62,0.9999,0.9952,0.9936
Wool,155.4,18.52,0.9981,1.0016,0.9963
Wool,74.6,8.7,0.9972,0.9948,1.0016
Wool,130.5,14.05,1.0,1.0035,0.9945
Wool,161.1,19.2,0.9957,1.0032,0.9991
Wool,33.3,6.36,1.0026,1.001,0.999
Wool,34.6,8.23,0.9965,1.001,1.003
Wool,104.7,1.04,0.9967,1.0004,0.9959
Wool,199.9,5.41,1.0016,1.0005,0.9958
Wool,163.7,16.42,0.9997,1.0011,1.0001
Wool,169.7,2.43,1.0003,0.9947,0.9982
Wool,176.2,1.11,0.9994,1.0031,0.9962
Wool,67.7,3.16,1.0034,0.9999,1.0033
Wool,159.0,18.5,0.9937,0.9998,0.9957
Wool,161.3,18.5,0.9993,1.0023,0.9996
Wool,45.8,1.03,1.0042,1.0026,0.996
Wool,39.2,12.38,0.9961,1.001,0.995
Wool,179.6,4.87,0.998,0.9988,0.9985
Wool,182.7,19.26,0.9929,0.9946,0.9943
Wool,58.2,18.97,0.9997,1.0009,1.002
Wool,171.6,17.01,0.9958,1.0026,0.9996
Wool,33.3,3.8,1.0,1.0007,0.9983
Wool,126.0,13.19,0.9981,0.9966,0.9945
Wool,121.8,9.04,0.9996,0.9951,0.9999
Wool,182.0,17.31,0.9941,0.9978,0.9968
Wool,32.6,1.63,0.9963,0.9951,1.0012
Wool,107.6,13.08,1.0018,1.004,0.9981
Wool,144.3,17.76,0.9958,0.9957,1.0014
Wool,94.9,13.37,1.0003,0.9975,0.9993
Wool,169.6,10.21,0.9929,0.9952,1.0006
Wool,80.2,13.58,1.0006,0.9973,1.0008
Wool,93.6,8.75,0.9942,0.9952,1.0035
Wool,192.7,9.71,0.9949,0.9949,1.0021
Wool,126.9,8.7,1.0017,1.001,0.9963
Wool,94.0,15.46,0.9938,1.0033,0.9969
Wool,93.8,3.53,1.0018,1.0013,0.9948
Wool,90.3,14.27,0.9982,0.9992,0.9949
Wool,120.6,9.35,0.9973,1.0034,1.0007
Wool,195.1,17.6,1.0003,0.9956,1.0014
Wool,116.7,3.79,0.9974,1.0013,0.9986
Wool,114.7,10.84,0.9964,1.0011,0.998
Wool,199.8,19.25,0.9942,0.9931,0.9965
Wool,108.8,15.73,1.0033,0.998,0.9997
Wool,52.0,12.05,1.0001,0.9994,1.0036
Wool,180.9,18.2,0.9937,0.9935,0.9954
Wool,132.8,8.35,0.9951,0.998,1.0
Wool,31.9,8.92,0.9955,0.9994,1.0041
Wool,129.2,4.36,1.0026,0.9978,1.0038
Wool,184.5,19.01,0.9988,0.9945,1.0019
Wool,132.5,19.08,0.9986,0.9958,1.001
Wool,154.9,17.44,0.9968,0.9985,1.0003
Wool,106.7,4.56,1.0032,0.9986,0.9972
Wool,72.0,10.98,0.9947,1.0039,1.0024
Wool,182.2,16.45,0.9933,0.9951,0.9982
Wool,62.2,15.52,0.9951,1.0043,0.9983
Wool,35.0,18.04,0.9973,0.9951,1.0043
Wool,148.7,18.67,0.9944,0.9996,1.0007
Wool,41.4,16.06,1.0019,1.0012,1.003
Wool,178.0,14.89,0.9981,0.9953,0.9942
Wool,64.7,16.42,0.9991,0.9959,1.0006
Wool,122.4,3.52,0.9997,0.9995,1.0005
Wool,171.6,8.29,0.9945,1.0013,1.0027
Wool,53.0,18.26,0.9975,1.0042,1.0008
Wool,39.5,4.47,0.9982,0.9972,1.0005
Wool,112.4,9.11,0.9999,1.0021,1.0002
Wool,74.4,18.21,0.998,1.0034,0.9998
Wool,196.1,15.76,1.0013,1.0027,0.993
Wool,197.9,8.03,0.9977,1.0019,0.9938
Wool,142.0,5.67,1.0028,0.9983,0.9978
Wool,47.1,11.0,1.0002,1.0044,0.9961
Wool,160.0,18.39,0.9991,1.001,1.0016
Wool,31.1,5.71,1.0042,0.9998,0.9961
Wool,57.8,5.29,0.9953,0.9966,1.0013
Wool,83.7,8.69,0.9943,0.9993,0.9993
Wool,139.2,2.39,1.0035,0.9974,0.9961
Wool,44.6,11.94,1.0012,1.0043,0.996
Wool,86.7,12.82,1.0024,1.0002,0.9949
Wool,63.7,10.2,0.9965,0.9949,0.9974
Wool,61.3,6.58,1.0045,0.9974,0.9991
Wool,123.5,1.0,0.9966,0.9984,0.9986
Wool,193.0,8.9,0.9937,0.9954,1.0028
Wool,186.9,17.81,0.9991,0.9977,0.996
Wool,162.2,12.56,1.0007,0.9997,1.0031
Wool,147.0,17.21,1.0027,0.9944,1.0003
Wool,193.4,4.16,0.998,0.9967,0.9958
Wool,95.2,19.46,0.9941,1.0022,0.9995
Wool,90.2,1.03,0.9978,1.0019,1.0018
Wool,167.3,7.1,1.0013,0.9961,1.0006
Wool,135.3,13.71,0.9958,1.0004,1.0028
Wool,38.0,10.35,0.9994,0.9953,0.9948
Wool,71.8,16.75,0.9942,0.9974,1.0031
Wool,49.9,6.25,0.9948,1.0023,1.0007
Wool,164.0,11.37,0.9947,1.0015,0.9935
Wool,65.5,8.27,1.0021,1.0022,1.0019
Wool,36.8,10.76,1.0038,1.0002,0.9987
Wool,191.2,12.94,0.9993,0.9932,0.9973
Wool,121.9,3.88,0.997,1.0002,0.9974
Wool,195.0,8.26,0.9994,1.0002,0.995
Wool,64.6,5.5,1.0017,0.9959,0.9951
Wool,62.3,19.72,0.9971,1.0028,0.9992
Wool,116.2,2.02,1.0016,0.9985,0.9946
Wool,152.4,12.5,0.9979,1.0032,0.9994
Wool,37.0,13.91,0.9957,1.0017,0.9955
Wool,172.6,16.62,0.9988,1.003,1.0017
Wool,43.4,4.79,1.0033,0.9963,0.9987
Wool,47.0,7.37,0.9974,0.9981,0.9952
Wool,57.7,8.59,0.9963,0.9958,1.0005
Wool,98.6,6.61,0.9986,1.0011,1.0041
Wool,54.9,6.96,1.0006,0.9994,0.9947
Wool,111.2,6.18,1.001,0.9971,1.0014
Wool,193.0,2.08,0.998,1.0022,1.0009
Wool,186.2,18.01,0.993,1.0005,0.9957
Wool,156.8,16.63,0.9985,1.0007,0.999
Wool,101.6,16.06,1.0017,1.004,0.9952
Wool,99.3,5.72,1.0011,1.0,1.0035
Wool,91.8,19.55,0.9951,0.9979,1.0013
Wool,81.2,3.47,0.9992,1.0001,0.999
Wool,66.7,8.38,0.9984,0.9978,1.0026
Wool,96.9,1.79,0.9982,0.9987,0.9945
Wool,37.5,14.89,1.0034,0.9955,1.0009
Wool,75.2,1.15,0.9999,0.9958,1.0032
Wool,129.7,12.25,1.0033,0.9944,1.0011
Wool,138.6,3.72,0.9949,1.0,0.9972
Wool,147.1,15.58,0.9976,0.9972,0.9981
Wool,131.6,5.39,0.9947,1.0004,0.9958
Wool,96.7,1.94,1.0014,0.9987,0.9957
Wool,194.4,7.63,1.0006,0.998,0.996
Wool,84.7,16.42,1.0037,1.0001,0.9954
Wool,84.2,15.2,1.0036,0.997,0.997
Wool,86.0,10.76,0.9953,0.9945,0.9998
Wool,152.1,12.31,0.9965,0.997,0.9955
Wool,180.7,17.06,1.0,0.997,0.9969
Wool,177.4,12.35,0.9995,0.9947,0.998
Wool,114.2,6.98,0.9979,0.9942,1.0037
Wool,99.4,16.41,1.0021,0.9971,0.9982
Wool,106.1,6.63,1.0026,0.9957,0.9984
Wool,186.7,1.3,0.9948,1.0014,0.994
Wool,115.7,1.52,0.9977,0.9962,0.9942
Wool,105.0,13.91,1.0001,0.9949,0.9989
Wool,46.0,9.04,0.9981,0.9991,0.9953
Wool,51.9,5.86,0.9954,0.9972,0.9979
Wool,105.2,6.04,1.0011,1.0039,1.0015
Wool,92.1,2.84,1.0024,1.0014,1.0043
Wool,109.5,2.03,1.0013,0.9955,1.0036
Wool,43.6,13.22,0.9997,1.0004,0.9985
Wool,194.0,18.8,1.0005,0.9969,0.9948
Wool,86.1,17.82,0.9994,0.9961,0.9972
Wool,133.2,6.01,1.0003,0.9985,0.9993
Wool,31.2,14.05,0.9951,0.9966,0.9971
Wool,156.8,10.09,0.9978,1.0008,0.9989
Wool,71.5,1.11,1.001,1.0003,0.9963
Wool,132.6,9.22,0.9959,0.9957,1.0019
Wool,147.3,12.47,0.9979,1.0015,0.9948
Wool,126.1,17.35,0.9962,0.9941,1.0023
Wool,186.7,7.12,1.0003,1.0014,1.0025
Wool,182.3,9.74,0.9988,0.9992,0.995
Wool,58.1,9.99,0.9968,1.0039,0.9961
Wool,152.6,17.48,0.9994,0.9939,0.9956
Wool,61.0,11.93,0.9969,1.0044,0.9951
Wool,134.9,5.33,1.0015,0.9991,0.9968
Wool,66.1,6.64,1.001,1.0006,0.9998
Wool,181.2,1.17,0.9997,0.9968,0.9966
Wool,44.3,17.01,1.0013,0.9958,0.9983
Wool,185.5,9.41,0.9969,1.0001,0.9993
Wool,64.3,19.23,0.9953,0.9944,1.0025
Wool,164.1,19.71,0.9947,0.9948,1.0008
Wool,103.5,12.88,1.0016,1.0032,0.9989
Wool,109.5,5.15,1.0033,0.9983,1.0014
Wool,149.0,1.64,0.9974,1.0031,1.0011
Wool,34.8,16.25,0.9945,1.0002,0.9951
Wool,94.3,1.66,1.0004,0.9961,0.9994
Wool,81.7,12.97,0.9949,1.0025,1.0006
Wool,164.5,6.65,0.9936,1.0025,0.9961
Wool,144.8,17.5,0.9977,1.0011,0.9984
Wool,102.8,8.98,0.9976,1.0034,1.0025
Wool,103.0,4.04,1.0025,0.9967,0.9983
Wool,166.8,13.58,0.9963,1.0018,1.0013
Wool,98.6,19.15,0.9963,0.9981,0.9946
Wool,127.5,6.08,0.9996,1.0004,0.996
Wool,118.9,5.13,0.9997,1.0018,1.0008
Wool,157.3,16.93,0.9999,1.0018,0.9992
Wool,43.2,12.38,1.0016,0.9989,1.0005
Wool,135.4,6.98,0.9966,1.0025,0.9998
Wool,166.1,4.94,1.0013,1.0013,0.9978
Wool,66.8,3.5,0.9968,1.0005,1.0036
Wool,47.2,2.92,1.002,1.0007,1.0042
Wool,120.7,13.37,1.0001,1.003,0.9971
Wool,79.0,18.72,0.9962,0.9944,1.0011
Wool,61.0,9.56,1.0018,1.0044,1.0033
Wool,53.4,4.67,1.0006,1.0,1.0039
Wool,189.6,6.7,1.0009,1.0025,0.9947
Wool,97.6,9.76,0.999,0.9991,1.0026
Wool,161.6,11.0,1.002,0.9947,0.9978
Wool,139.3,13.33,0.9938,1.0002,1.0033
Wool,79.3,8.37,0.9947,1.0014,1.0042
Wool,64.0,14.74,1.0,0.9981,0.9974
Wool,157.1,11.92,0.9983,1.0022,0.9961
Wool,34.2,13.91,0.9997,1.0016,1.0008
Wool,126.5,16.14,0.9953,1.0005,0.996
Wool,30.6,12.8,1.0038,0.9963,0.9986
Wool,50.3,16.95,0.9949,1.0033,0.9986
Wool,95.3,3.52,0.9952,0.9976,1.0034
Wool,154.5,14.0,0.997,0.9962,0.9983
Wool,187.6,18.99,0.9954,1.0004,0.9963
Wool,113.9,2.9,1.0036,0.9967,0.9985
Wool,31.0,1.99,1.0002,0.9983,1.0028
Wool,100.5,11.09,0.9952,1.001,0.9976
Wool,100.5,7.71,0.9972,0.9958,1.0031
Wool,176.5,5.94,1.0006,0.9993,0.998
Wool,80.3,3.73,1.0028,0.9965,0.9998
Wool,185.1,19.96,0.9924,1.0007,1.0011
Wool,169.5,17.48,0.9999,0.9977,1.0026
Wool,99.4,1.87,1.0004,1.0025,0.997
Wool,185.8,10.74,0.9966,0.9949,1.001
Wool,86.6,1.92,1.0005,0.9998,0.9948
Wool,133.5,17.58,1.0006,0.9958,1.0002
Wool,32.1,15.63,1.0009,1.0029,0.9993
Wool,112.4,17.05,1.0017,0.9997,0.9986
Wool,172.9,7.4,0.9944,0.9961,0.9954
Wool,96.2,6.14,0.9942,0.9975,0.9947
Wool,64.8,15.32,0.998,1.0013,0.9973
Wool,116.6,19.69,0.9991,0.9988,1.0
Wool,67.9,5.77,0.9946,0.9979,1.0028
Wool,159.4,1.86,0.9999,0.998,0.9953
Wool,134.9,6.14,1.0,1.002,0.9943
Wool,69.7,2.71,1.0036,1.0006,1.0022
Wool,86.5,6.33,1.0026,0.9946,0.9963
Wool,83.1,1.78,0.9953,1.002,1.0012
Wool,110.1,11.12,0.9983,1.0001,1.0035
Wool,49.3,6.87,0.9998,0.999,0.9974
Wool,184.5,10.93,0.9941,0.9932,0.9983
Wool,153.1,16.94,0.9961,0.9998,1.002
Wool,148.4,16.31,0.9957,0.9992,0.9949
Wool,139.9,5.18,1.0032,0.9981,1.0012
Wool,91.3,11.42,1.0011,1.0018,0.9958
Wool,101.4,10.13,1.0032,0.9963,1.0026
Wool,105.4,14.3,0.9975,0.9958,0.9998
Wool,141.7,13.2,1.0,0.9974,1.0033
Wool,120.0,17.98,1.001,0.9985,0.9987
Wool,80.1,3.79,0.9982,0.9981,0.9979
Wool,83.1,12.83,1.0,0.9945,0.9984
Wool,56.0,3.54,1.0019,0.9969,0.9995
Wool,106.6,10.55,0.9996,1.0039,1.0029
Wool,68.8,13.91,0.9999,0.9948,1.0024
Wool,159.7,9.14,1.0013,1.0023,1.0006
Wool,136.7,9.51,1.0001,0.9993,1.0018
Wool,197.4,12.04,0.9993,0.9937,1.0007
Wool,101.5,6.97,0.996,0.9995,1.0041
Wool,179.3,11.35,0.9989,0.9936,0.9976
Wool,65.7,10.77,0.9979,0.9951,0.9994
Wool,39.9,12.04,0.9983,1.0046,1.0022
Wool,136.6,4.19,1.0018,0.996,0.9965
Wool,117.0,8.81,0.999,1.0026,1.0036
Wool,146.5,8.57,0.9948,0.9996,1.0004
Wool,60.7,18.78,1.002,1.0004,1.0006
Wool,86.7,2.68,1.0031,0.9999,0.996
Wool,126.4,15.99,0.9986,0.9976,1.0002
Wool,159.6,10.7,0.9943,1.0016,0.9999
Wool,113.0,18.39,0.9973,1.0015,1.0034
Wool,36.2,3.25,0.9994,0.9962,0.9997
Wool,54.9,11.54,0.9983,1.0006,0.9968
Wool,76.7,14.42,1.0007,1.0028,1.0008
Wool,133.3,9.63,0.9939,1.001,0.9942
Wool,113.4,9.74,0.9999,1.0027,1.0018
Wool,177.1,19.93,0.9942,0.9966,0.9973
Wool,166.1,9.4,1.0003,1.0011,1.0017
Wool,141.9,17.72,0.994,0.9968,0.9997
Wool,145.8,15.59,0.9974,1.0026,0.997
Wool,139.4,10.97,0.9995,1.0005,1.001
Wool,117.8,14.51,0.9963,0.9943,0.9975
Wool,116.5,4.98,1.0036,0.9972,0.9972
Wool,112.2,1.98,1.0032,0.9952,0.9957
Wool,68.6,13.32,0.9974,0.9949,0.9983
Wool,198.4,3.16,0.9988,0.9971,1.0024
Wool,120.7,2.42,0.9942,1.0005,1.0029
Wool,106.6,9.48,0.9944,1.0029,0.9964
Wool,195.5,16.28,0.9984,0.9964,0.9978
Wool,74.8,19.55,0.9997,0.9972,1.0032
Wool,198.2,16.57,0.9963,1.0014,1.0022
Wool,168.4,2.26,0.9953,0.9949,0.9967
Wool,67.2,10.47,1.0009,1.0032,0.998
Wool,190.6,7.95,0.9996,0.9948,1.0021
Wool,143.8,13.59,0.9955,0.9987,1.0031
Wool,161.6,4.96,0.9935,0.9992,0.9944
Wool,125.1,18.51,0.9999,1.0001,1.0035
Wool,68.6,4.33,0.9954,1.0031,1.0019
Wool,41.7,7.59,1.0021,1.0001,1.0006
Wool,165.5,1.46,0.9979,0.9957,0.9965
Wool,95.3,9.95,0.9965,0.996,0.9954
Wool,156.3,11.87,0.9984,1.0,1.0026
Wool,112.8,15.07,1.0028,1.0,0.9981
Wool,105.1,7.4,1.0034,1.0032,0.9949
Wool,142.9,8.69,0.9988,1.0002,1.0031
Wool,181.5,2.88,1.0008,0.9964,0.9961
Wool,111.5,14.28,0.9942,0.9999,1.002
Wool,64.6,10.25,0.9989,0.9948,1.0044
Wool,130.6,14.66,0.9946,0.9978,1.0003
Wool,199.5,19.45,0.9996,0.993,0.994
Wool,193.5,13.05,1.002,1.0005,0.9986
Wool,139.8,8.3,1.0016,0.9949,1.0026
Wool,100.7,9.6,0.9951,1.0016,1.004
Wool,100.4,19.1,0.9936,1.004,1.0013
Wool,185.6,6.28,1.0008,1.0025,0.9945
Wool,174.3,3.43,0.9998,1.0033,0.9961
Wool,130.0,1.75,1.0027,0.9961,0.9984
Wool,102.0,5.19,0.9982,0.9978,1.0016
Wool,45.9,17.42,1.0005,0.9978,1.0008
Wool,76.9,8.67,0.997,0.9947,0.996
Wool,71.7,17.31,0.9947,0.9973,0.9981
Wool,91.3,17.75,0.9952,1.0022,1.0021
Wool,48.7,8.29,0.9995,0.996,0.9968
Wool,126.5,15.86,0.9969,1.0028,0.9974
Wool,134.1,7.36,0.9993,0.9954,0.9956
Wool,146.5,8.14,1.0021,1.0018,0.9966
Wool,37.6,5.11,1.0034,1.0028,1.003
Wool,85.0,19.48,1.0012,0.9975,0.9946
Wool,152.7,4.96,1.0027,1.0034,1.0014
Wool,187.3,5.86,0.9982,0.9981,0.995
Wool,184.8,5.35,0.9927,0.998,0.9956
Wool,69.7,5.8,0.998,0.9983,1.0019
Wool,44.2,14.05,0.9974,1.0029,0.996
Wool,45.8,5.95,1.0025,0.9994,0.9999
Wool,130.2,7.02,0.9942,1.0027,0.9939
Wool,32.4,7.12,0.9972,0.9998,0.9992
Wool,46.1,4.69,1.0017,1.0028,0.9998
Wool,40.2,14.74,0.9998,1.0043,0.9954
Wool,65.0,2.6,0.9955,0.9953,0.9969
Wool,111.8,8.84,1.0001,1.0035,0.9942
Wool,165.7,2.47,0.9977,0.9941,1.0003
Wool,137.2,7.08,0.9965,0.9971,0.9983
Wool,39.0,13.2,1.0011,0.9947,1.0032
Wool,169.7,13.47,0.9952,1.0014,0.9939
Wool,190.2,4.4,1.0001,0.9934,0.9935
Wool,61.4,2.03,1.0042,0.999,0.9981
Wool,140.0,18.91,1.0021,0.9937,0.9966
Wool,171.3,4.2,1.0004,0.9945,1.0013
Wool,34.6,8.77,0.9951,0.998,0.9973
Wool,155.6,11.76,0.9932,1.0033,0.9974
Wool,181.8,4.91,1.0002,0.9948,0.9946
Wool,53.2,1.71,1.0046,0.9971,1.0046
Wool,52.2,13.63,0.9949,0.9983,1.001
Wool,46.3,13.6,1.0006,0.9951,0.9953
Wool,158.9,5.86,0.9962,0.9958,0.9946
Wool,68.7,4.31,0.9963,0.9984,1.0043
Wool,165.4,4.01,1.0004,0.9961,1.0018
Wool,100.0,6.38,0.9953,0.9973,0.9992
Wool,80.7,16.28,1.0001,0.9985,0.9942
Wool,74.8,10.73,0.9985,0.9971,1.0018
Wool,154.0,12.08,0.9966,0.9979,0.9979
Wool,143.9,12.88,1.0018,0.9961,1.0001
Wool,123.5,12.88,0.9953,0.9986,0.9961
Wool,98.8,15.71,0.9971,0.9958,0.9978
Wool,193.2,8.05,0.9958,1.0016,0.9957
Wool,159.9,8.41,0.9946,1.0014,1.0022
Wool,116.9,12.77,0.9978,0.9969,0.9965
Wool,163.1,8.02,0.9955,1.002,1.0004
Wool,57.1,17.68,1.002,1.0039,1.0035
Wool,96.9,14.67,1.0005,0.9975,0.9996
Wool,148.8,14.29,0.9971,1.0012,1.0022
Wool,128.0,17.88,1.0007,0.9952,0.9956
Wool,184.8,15.34,0.9962,1.0023,0.9944
Wool,47.6,10.02,0.9961,0.9993,1.0011
Wool,188.8,19.07,0.9996,0.9984,0.9949
Wool,76.1,18.86,0.9968,0.9997,0.9991
Wool,103.0,13.71,0.994,1.0019,0.9979
Wool,121.5,6.62,0.9984,1.0004,1.0001
Wool,157.8,15.42,1.0007,0.9942,0.9942
Wool,176.3,13.8,0.9976,0.9942,1.002
Wool,117.6,4.74,0.9985,0.9944,0.9943
Wool,167.1,10.01,0.9967,0.9981,0.995
Wool,171.1,1.08,0.9941,0.9989,0.9978
Wool,111.9,11.52,1.0008,0.9996,0.9953
Wool,154.4,11.9,0.9942,1.0033,1.0032
Wool,97.7,4.73,1.0018,1.0021,0.9987
Wool,61.3,13.21,1.0027,1.002,1.0043
Wool,137.6,8.38,1.0004,0.9972,0.9978
Wool,185.9,4.63,0.9938,0.9947,1.0025
Wool,176.3,12.18,1.0016,0.9934,0.9971
Wool,127.4,10.61,1.0001,1.0038,0.9949
Wool,139.1,14.35,0.997,0.9966,0.9981
Wool,135.5,9.58,1.0001,0.9979,1.0026
Wool,68.1,7.24,1.0004,0.9949,1.0041
Wool,48.3,7.65,1.0023,0.995,0.9987
Wool,152.1,11.79,0.9958,0.9994,1.0011
Wool,43.8,5.3,0.9975,0.9975,0.9995
Wool,143.2,16.83,0.9996,0.9956,1.0003
Wool,120.7,2.91,0.9943,0.9997,1.0021
Wool,75.1,14.84,1.0036,1.003,0.9992
Wool,66.8,2.4,0.9971,1.0001,0.9957
Wool,31.8,6.38,1.0014,1.0008,1.0014
Wool,161.2,1.9,0.9964,1.0027,0.9953
Wool,185.0,3.86,0.9984,1.0022,1.0018
Wool,187.4,8.68,0.998,0.9935,1.0027
Wool,178.9,12.44,0.995,0.9946,1.0026
Wool,160.9,5.9,1.0021,1.0029,0.9965
Wool,74.4,3.96,0.995,0.9977,0.9953
Wool,40.4,10.08,1.0045,0.9957,1.003
Wool,187.8,2.89,1.002,0.9971,0.9941
Wool,163.8,2.88,1.0002,0.9945,0.9985
Wool,64.6,3.57,1.0016,1.0005,0.9977
Wool,174.1,1.31,0.9944,1.0026,1.0002
Wool,30.7,19.44,0.9997,1.0027,0.9954
Wool,45.6,3.52,1.0001,1.0033,0.9978
Wool,53.2,10.21,1.0015,1.0023,1.0006
Wool,194.9,10.05,0.9975,0.998,0.9959
Wool,102.9,12.5,0.9962,1.002,0.9948
Wool,186.1,10.49,0.9987,0.9943,1.0029
Wool,50.8,11.97,0.9973,0.9971,0.996
Wool,89.2,17.66,0.9946,0.9965,1.0032
Wool,67.0,1.98,1.0005,0.999,1.0013
Wool,96.1,8.72,0.9965,0.9977,0.9959
Wool,84.9,15.4,0.9989,0.9973,0.9949
Wool,53.6,7.9,0.9994,1.0028,1.004
Wool,109.3,11.31,1.0008,0.9968,0.9992
Wool,184.7,9.09,0.9986,0.9983,1.0029
Wool,131.6,19.64,0.9934,0.9947,1.0034
Wool,149.1,7.47,0.9978,1.0031,1.0028
Wool,65.4,7.92,0.9995,1.0034,1.003
Wool,61.3,13.12,0.9952,0.9961,0.9984
Wool,159.3,7.87,0.9968,0.9961,1.0022
Wool,111.0,13.6,0.9945,1.0026,1.0004
Wool,76.7,16.94,0.9941,1.0025,0.9992
Wool,192.5,9.0,0.9943,0.9935,1.0
Wool,105.7,16.35,1.0024,0.994,1.0002
Wool,168.2,8.77,0.9989,1.0002,1.0032
Wool,166.7,2.91,0.9945,0.995,0.9983
Wool,58.6,10.53,0.9955,0.9981,1.0024
Wool,57.4,5.36,1.0001,0.9965,1.0002
Wool,78.3,11.18,0.9989,1.003,0.9996
Wool,90.8,12.51,0.9999,0.9945,0.9969
Wool,36.6,15.27,0.9972,1.0007,0.9957
Wool,93.4,15.85,1.0009,1.0035,0.9975
Wool,35.0,17.21,1.0022,0.9966,1.0042
Wool,190.4,18.63,0.9938,0.9993,0.9986
Wool,187.0,1.15,1.0021,0.9963,0.9997
Wool,189.1,7.83,0.9975,1.003,0.9991
Wool,108.9,5.57,0.9952,0.9996,1.0027
Wool,34.0,6.7,1.001,1.004,1.0019
Wool,86.0,6.72,1.0003,1.0031,0.9956
Wool,159.6,15.46,0.9938,0.9999,0.9961
Wool,124.5,16.2,0.9962,1.0026,0.9949
Wool,36.2,2.62,1.0,1.0005,1.001
Wool,33.8,5.22,0.9983,1.0047,1.0004
Wool,150.8,1.47,1.0034,0.9985,0.9996
Wool,49.6,3.77,0.9969,1.0014,1.002
Wool,152.2,5.76,1.0024,0.9961,1.0008
Wool,131.4,1.26,1.0019,0.9996,1.0036
Wool,185.5,15.9,0.9983,0.9961,1.0005
Wool,122.6,6.29,0.9995,1.0014,1.0023
Wool,132.5,9.17,0.9998,1.0007,0.9974
Wool,56.0,12.55,0.9998,0.9947,0.9951
Wool,38.2,7.3,0.9993,0.9971,1.0023
Wool,93.1,17.98,0.9946,0.9973,0.9984
Wool,45.8,5.23,1.0014,0.9955,1.0006
Wool,123.8,3.66,0.996,0.9943,0.9968
Wool,111.4,8.57,0.9999,1.0005,1.0025
Wool,80.3,6.72,1.002,0.9994,1.0035
Wool,84.9,17.65,0.994,0.997,0.9959
Wool,156.5,18.12,0.9945,0.9964,0.9932
Wool,35.4,2.52,1.002,0.998,1.0021
Wool,88.1,18.9,0.9978,0.9952,0.9993
Wool,83.6,6.35,1.0038,1.0037,0.9982
Wool,171.8,11.7,0.9965,0.9949,0.9948
Wool,106.9,5.54,1.0016,0.9964,0.9956
Wool,165.1,13.84,0.9957,0.9952,0.9954
Wool,44.0,13.16,1.0037,0.996,0.9984
Wool,37.8,1.38,1.0032,1.001,0.9989
Wool,183.8,14.11,0.9984,0.9975,0.9939
Wool,80.2,3.98,0.9957,0.9958,0.9975
Wool,99.2,11.29,1.0016,1.0032,0.9977
Wool,70.9,4.35,0.9985,1.0006,0.9993
Wool,198.4,1.09,0.9949,0.9945,0.9967
Wool,35.6,5.09,1.0032,1.0007,0.9998
Wool,81.4,15.82,1.0022,0.9943,0.9956
Wool,101.1,13.76,0.9943,0.9999,1.0004
Wool,66.0,12.76,0.9992,0.9993,1.0004
Wool,30.4,13.28,0.9965,1.0006,0.9981
Wool,46.9,3.78,1.0032,0.9986,1.002
Wool,77.7,10.35,0.9993,0.9981,1.004
Wool,82.5,14.81,0.9998,1.0005,1.0031
Wool,68.6,6.43,1.0022,1.0018,1.0043
Wool,53.2,5.45,1.0042,1.0012,0.9994
Wool,185.7,11.16,0.9933,0.9965,0.9959
Wool,154.8,16.92,0.9973,1.0012,0.9944
Wool,80.3,15.38,0.996,1.0004,1.0033
Wool,186.4,13.73,1.0021,0.9973,0.9971
Wool,102.8,2.11,0.9959,0.999,1.0033
Wool,101.1,3.38,1.0019,0.9959,0.9952
Wool,149.0,7.1,0.9988,0.9978,0.9944
Wool,152.6,2.14,0.9947,0.9945,0.9949
Wool,111.3,11.39,1.003,0.9943,1.0002
Wool,111.2,9.12,0.9971,0.9954,0.996
Wool,112.7,11.24,0.9996,0.9947,0.9953
Wool,169.2,10.82,0.9957,0.9985,0.9974
Wool,185.0,2.59,0.9957,0.9949,0.9964
Wool,33.7,1.55,1.0024,0.9995,0.9983
Wool,184.4,11.83,0.9979,1.0022,0.9945
Wool,71.4,14.25,0.9962,0.997,0.9977
Wool,142.0,10.54,0.9971,0.9998,0.9949
Wool,111.4,19.32,1.0006,0.9949,1.0003
Wool,64.3,13.98,0.9984,1.0001,1.0032
Wool,87.9,5.0,0.9995,0.9948,0.9954
Wool,76.7,17.55,1.0021,1.0023,0.9958
Wool,102.8,6.56,0.9983,1.0029,1.0029
Wool,178.2,8.01,1.0008,0.9982,1.0032
Wool,83.7,7.56,1.0038,1.0035,0.9992
Wool,171.9,13.78,0.9958,1.0008,0.9993
Wool,196.2,5.94,0.9969,0.9961,0.9973
Wool,58.0,16.47,1.0,1.0015,1.0026
Wool,33.7,8.73,0.9961,0.9949,0.9989
Wool,52.0,11.78,0.9977,0.9999,0.9979
Wool,48.7,16.55,0.9949,0.9988,0.9957
Wool,106.0,8.94,0.9988,1.0001,0.9964
Wool,84.3,1.41,0.9988,1.0023,0.9971
Wool,179.1,17.46,0.9931,0.9988,0.9959
Wool,177.7,13.48,1.0016,0.995,1.0009
Wool,79.8,10.38,0.9997,1.0029,1.0037
Wool,148.9,14.87,0.9931,1.0026,1.0031
Wool,152.9,9.81,1.0019,0.9973,1.0021
Wool,79.5,13.45,0.9987,0.9963,1.0007
Wool,120.0,2.78,0.9984,1.0009,1.0036
Wool,197.5,3.74,0.995,0.9976,1.0004
Wool,56.5,2.07,1.0004,1.0018,0.9979
Wool,152.0,8.5,0.9972,1.0009,0.9937
Wool,63.5,12.97,1.001,1.003,1.0022
Wool,167.4,9.1,0.9929,0.9941,0.9947
Wool,164.9,3.88,1.0013,1.002,1.0024
Wool,152.4,10.84,0.9981,0.9963,0.9973
Wool,73.0,19.33,0.9994,0.9963,1.0016
Wool,101.9,9.58,0.9997,0.9944,1.002
Wool,58.3,19.57,0.9995,0.9984,1.0015
Wool,138.5,14.25,0.997,1.0022,0.9999
Wool,73.0,18.43,1.0029,1.003,1.0001
Wool,34.1,19.72,1.0036,0.9974,1.0016
Wool,38.8,17.47,0.9959,1.0008,1.0021
Wool,45.9,11.71,0.9967,0.9952,1.0011
Wool,181.3,1.02,0.994,0.9968,0.9973
Wool,110.8,15.95,0.9989,1.0008,1.0009
Wool,40.2,17.68,0.9966,0.9998,0.9995
Wool,138.6,14.84,0.9935,0.9962,0.9942
Wool,77.9,6.17,0.995,0.9985,1.0034
Wool,87.8,14.05,1.0023,0.9961,1.0005
Wool,47.5,10.79,0.9967,0.9978,0.9978
Wool,116.0,4.74,1.0001,0.9942,1.0033
Wool,117.8,7.04,0.9966,0.9952,1.0024
Wool,106.6,5.98,0.9949,1.0035,0.9945
Wool,181.1,16.02,0.999,0.9971,0.999
Wool,148.0,13.27,0.9951,1.0006,0.9978
Wool,48.1,10.8,0.9984,1.0045,0.9998
Wool,101.8,2.62,0.9998,1.0026,0.9982
Wool,90.6,14.98,0.9991,1.0008,0.9957
Wool,41.2,17.53,1.0016,1.0032,0.9978
Wool,196.4,4.94,0.9944,0.9967,0.9985
Wool,130.0,9.02,0.9979,0.9954,0.9975
Wool,92.0,5.55,0.9966,1.0009,1.002
Wool,116.6,6.36,0.9977,1.0007,0.995
Wool,183.9,14.31,0.9958,0.9935,0.9997
Wool,121.7,6.09,0.998,0.9995,1.0
Wool,65.4,16.48,1.0019,0.9944,1.0022
Wool,88.0,3.99,1.0025,0.9962,1.0019
Wool,103.1,11.64,1.0003,0.9967,0.9947
Wool,93.1,15.03,0.9945,0.9973,1.0028
Wool,93.0,6.7,0.9952,0.9967,1.0023
Wool,109.4,4.62,1.0031,0.9995,0.9998
Wool,110.2,17.83,1.0019,1.0003,1.0014
Wool,68.0,17.44,1.0025,1.0038,1.0021
Wool,109.8,18.48,1.003,0.9951,1.0025
Wool,115.2,3.66,0.9952,1.0015,1.0007
Wool,186.7,4.77,1.0005,0.9939,0.9976
Wool,44.1,2.39,1.0031,1.002,0.9976
Wool,62.9,13.83,0.9992,1.0033,1.004
Wool,89.3,13.51,1.0024,1.0011,0.9986
Wool,109.8,15.39,1.0019,1.0018,1.0029
Wool,188.9,13.88,0.9982,0.9978,0.9966
Wool,150.7,9.26,1.0009,0.9977,0.9981
Wool,80.3,12.54,1.0013,0.9981,1.0028
Wool,63.1,15.8,0.9944,1.0006,0.998
Wool,57.5,16.66,0.9971,0.9958,1.0011
Wool,146.0,7.93,1.0011,1.0,1.0032
Wool,61.0,16.92,1.0,1.002,0.9967
Wool,136.0,1.25,0.9939,1.0009,0.9987
Wool,71.4,1.95,0.9957,0.9996,1.001
Wool,49.4,18.25,0.9976,1.0019,0.9953
Wool,41.8,14.47,1.0036,0.9988,0.9948
Wool,35.6,8.63,1.0003,1.002,1.0014
Wool,173.6,18.28,0.9984,1.0018,1.0021
Wool,64.6,7.05,0.9995,1.0017,0.9981
Wool,182.1,12.4,0.9936,0.9989,0.9977
Wool,45.5,5.79,0.9971,1.0037,0.9998
Wool,100.2,13.04,1.0023,1.0009,0.9964
Wool,56.5,17.66,0.9951,1.0044,0.9993
Wool,53.6,13.49,0.9986,0.996,0.9996
Wool,82.8,11.24,0.9967,1.0032,1.0033
Wool,198.0,10.46,0.9936,0.993,1.001
Wool,147.2,14.96,0.9996,0.9937,0.9973
Wool,38.4,6.78,1.0022,1.0027,0.998
Wool,130.2,11.63,0.9968,0.9959,0.9952
Wool,179.2,8.61,0.9992,1.0006,1.002
Wool,148.3,4.76,0.9957,1.0027,1.0022
Wool,184.6,8.25,0.9998,1.0016,0.9951
Wool,32.2,18.23,0.995,0.995,0.995
Wool,169.5,12.18,0.9934,0.9978,0.9943
Wool,30.6,18.87,1.003,1.0,0.9949
Wool,119.5,19.67,0.9956,1.0007,0.9964
Wool,87.0,17.73,0.9998,0.9959,1.0008
Wool,135.7,5.37,1.0028,1.001,1.0002
Wool,100.9,2.68,1.0018,0.9983,0.9996
Wool,139.3,10.73,1.0014,0.9951,0.995
Wool,138.0,10.88,0.9968,1.0036,1.0013
Wool,81.5,9.72,1.0011,0.9969,0.9989
Wool,30.6,7.6,1.002,0.9956,1.0031
Wool,199.6,1.69,0.9961,0.9987,0.9953
Wool,162.6,5.65,1.0017,0.9979,1.0028
Wool,132.8,12.76,0.9962,0.9952,0.9992
Wool,197.9,15.19,0.9935,0.9971,0.995
Wool,199.8,14.94,0.9957,0.9931,1.0
Wool,98.9,10.23,0.9987,1.0029,0.9992
Wool,111.4,17.52,0.9948,0.9992,1.0019
Wool,66.8,18.61,0.9984,0.9996,1.0008
Wool,90.8,2.67,1.0008,1.0032,1.0022
Wool,57.4,18.56,0.9959,0.996,0.9985
Wool,103.9,10.78,1.0007,0.9942,1.001
Wool,63.1,13.23,0.9951,0.9984,1.0025
Wool,58.7,11.46,1.0008,1.0013,1.0016
Wool,194.5,1.01,0.9956,0.9991,1.0013
Wool,126.2,3.02,0.997,1.0003,0.9988
Wool,55.9,7.13,1.0006,0.9996,0.9976
Wool,123.3,4.57,0.9993,1.0036,0.9993
Wool,83.9,18.56,1.003,1.0036,0.9969
Wool,161.4,3.08,1.0027,0.9975,0.9984
Wool,129.1,11.86,1.003,0.9952,1.0033
Wool,176.7,17.48,0.9959,0.994,0.9982
Wool,43.6,3.17,1.0046,1.0001,0.9952
Wool,178.4,7.86,0.9932,1.0005,0.9951
Wool,75.9,14.38,0.9959,1.0038,0.9998
Wool,181.1,7.64,0.9973,0.9938,0.9955
Wool,32.8,3.68,0.9969,0.9962,1.0022
Wool,55.5,13.04,0.995,0.9996,1.0028
Wool,36.1,6.23,1.0005,1.0045,0.9988
Wool,139.3,7.55,1.0034,0.9954,1.0022
Wool,99.4,5.01,0.9953,0.9999,0.9981
Wool,180.7,1.26,1.0025,0.9998,0.9936
Wool,53.1,5.97,0.9963,0.9986,1.0018
Wool,53.6,14.33,1.0001,0.9982,0.9991
Wool,164.7,13.07,1.0028,1.0003,0.9965
Wool,180.3,14.12,1.0006,1.0008,0.996
Wool,190.8,19.26,0.9958,0.9969,1.0004
Wool,114.3,1.94,0.9978,1.0032,1.0021
Wool,91.5,6.77,1.0035,0.9965,0.9976
Wool,41.1,8.24,0.999,1.0003,1.0001
Wool,169.9,7.72,1.0016,0.9954,1.0008
Wool,75.5,4.77,0.9974,1.0019,0.9968
Wool,189.8,7.71,0.998,0.9975,0.9947
Wool,100.8,10.4,0.9982,0.9981,0.9971
Wool,83.2,3.93,1.0029,1.0026,0.9992
Wool,119.2,1.09,0.999,1.0003,0.9966
Wool,161.4,13.36,1.0006,0.9995,0.9955
Wool,171.0,5.78,0.9954,1.0032,0.9977
Wool,131.5,7.41,0.9989,0.9975,1.0015
Wool,164.4,7.06,0.9936,1.0035,0.9938
Wool,59.7,6.11,0.9992,1.002,0.9947
Wool,107.8,6.33,1.0031,1.0018,1.0017
Wool,126.4,14.24,0.9979,1.0029,0.9986
Wool,54.1,19.47,0.9973,1.0008,1.0035
Wool,143.4,19.42,0.993,0.9991,0.9936
Wool,101.7,7.37,1.0039,0.9953,0.9946
Wool,52.6,14.25,0.9944,1.0045,0.9947
Wool,61.4,11.68,0.9975,0.998,1.0033
Wool,53.7,9.82,0.9971,1.0015,1.0013
Wool,69.5,5.25,0.9994,1.0032,1.0021
Wool,62.0,16.15,1.0015,0.9954,0.9957
Wool,141.7,11.95,0.996,1.0024,0.9976
Wool,61.4,9.75,0.997,1.0001,1.0029
Wool,94.7,4.48,1.0008,0.9955,0.9948
Wool,91.8,5.25,0.9961,1.0015,0.9978
Wool,79.7,19.14,0.9965,1.0018,1.0038
Wool,165.7,16.65,0.9989,0.9991,0.9963
Wool,43.3,13.65,1.0037,0.9981,0.9981
Wool,158.5,5.18,0.9977,0.9939,1.0012
Wool,53.1,4.54,1.0031,0.9989,0.9967
Wool,105.2,8.32,1.0039,0.9956,0.995
Wool,84.0,10.04,1.0038,1.0015,1.0019
Wool,157.0,15.46,0.9954,0.9944,1.0008
Wool,34.9,5.89,0.996,1.0046,1.0014
Wool,96.7,1.27,1.0004,0.995,1.0001
Wool,44.3,16.81,0.9968,1.0025,0.9968
Wool,135.1,7.38,0.9942,1.0013,1.0032
Wool,82.8,1.62,0.9977,1.0007,1.0004
Wool,54.3,16.6,1.0034,1.0015,0.9986
Wool,68.7,16.27,1.0036,1.0039,0.9964
Wool,162.9,16.73,0.998,0.9989,1.0027
Wool,82.5,7.54,1.0036,1.001,1.0009
Wool,39.7,8.02,1.0029,0.9988,0.9984
Wool,176.0,3.75,0.9947,1.0007,0.9945
Wool,73.4,9.96,1.0019,0.9989,0.999
Wool,133.1,2.21,1.0009,0.9969,0.9942
Wool,78.5,5.92,1.0033,0.9997,1.0015
Wool,140.0,5.73,1.0023,0.9976,1.0029
Wool,44.4,1.72,1.0014,0.9964,1.0047
Wool,112.2,3.26,1.0004,0.9974,0.9983
Wool,146.2,3.18,1.0002,0.9985,0.9951
Wool,183.6,19.24,1.0003,1.0021,0.9949
Wool,57.5,3.12,0.9989,1.0016,0.9955
Wool,39.1,10.56,0.9969,1.0009,0.9962
Wool,130.9,5.68,0.9993,0.9947,0.9971
Wool,67.0,9.75,1.0021,0.9956,0.9947
Wool,53.3,10.76,0.999,0.9946,1.001
Wool,88.9,12.3,1.0002,1.0015,0.9979
Wool,63.4,5.83,0.9977,0.9947,1.0045
Wool,31.0,15.75,0.9983,1.0028,0.997
Wool,114.0,12.65,1.0025,1.0014,0.997
Wool,88.9,2.05,1.0002,0.9995,0.999
Wool,97.4,5.52,1.0019,0.997,1.0003
Wool,152.2,4.91,0.9974,1.0006,1.0005
Wool,80.6,2.31,1.0015,0.996,1.0024
Wool,122.1,2.83,0.9946,0.9965,0.9996
Wool,52.5,4.28,0.9952,1.0023,0.9957
Wool,71.6,8.13,0.9953,0.9976,0.9959
Wool,46.8,11.17,1.0,0.9983,0.9969
Wool,35.4,11.45,0.9966,1.0021,1.0035
Wool,144.3,10.94,1.0005,1.0,0.9958
Wool,173.0,5.51,0.9986,1.0001,0.9942
Wool,189.5,10.1,0.9949,0.9969,0.9931
Wool,157.3,12.26,0.996,0.9983,0.9982
Wool,37.8,1.44,0.9962,0.9975,1.0021
Wool,162.7,19.36,1.0018,0.9978,0.9974
Wool,75.7,7.94,1.0022,1.0024,1.0011
Wool,172.5,7.09,0.9947,0.998,0.9986
Wool,43.8,3.09,1.0026,1.0024,1.0011
Wool,165.8,6.77,0.9956,0.9971,0.9995
Wool,54.1,8.51,0.9979,1.0029,1.0006
Wool,107.1,10.47,0.9962,0.9986,1.0009
Wool,49.8,15.35,0.9994,0.9987,0.9959
Wool,102.4,12.11,0.9978,0.9955,0.998
Wool,171.0,18.55,0.9969,0.9953,0.9932
Wool,91.8,4.94,0.9952,0.9998,1.0029
Wool,111.2,6.44,1.0038,0.9958,0.9955
Wool,146.9,18.62,1.0005,0.9963,0.9971
Wool,41.7,6.65,0.9986,0.9986,0.9997
Wool,64.8,5.15,0.9975,1.0014,0.9953
Wool,107.7,15.8,1.0005,0.9957,1.0006
Wool,93.7,6.61,0.9964,1.0003,1.0042
Wool,155.3,4.94,1.0025,0.9963,0.9939
Wool,72.5,6.95,0.9997,1.0002,1.0004
Wool,183.4,18.61,0.9944,0.9985,1.0006
Wool,69.3,1.54,1.0,0.9995,1.0007
Wool,138.9,8.63,0.9957,1.0022,1.0014
Wool,128.0,4.44,1.0032,1.0018,1.001
Wool,191.2,3.16,0.9991,0.9981,0.9938
Wool,86.1,5.24,0.9949,1.0035,0.9949
Wool,156.3,14.03,0.9987,0.9943,0.9978
Wool,51.8,3.98,0.9995,0.9999,0.9949
Wool,121.2,9.48,0.9995,1.0039,0.9979
Wool,39.1,16.72,0.9978,0.9991,1.0006
Wool,164.3,14.82,0.9993,1.0017,0.998
Wool,78.4,12.67,1.0004,0.9949,0.9959
Wool,177.6,3.02,0.9942,0.9962,1.0019
Wool,164.4,19.77,0.9961,1.0006,0.9985
Wool,120.9,2.94,1.0032,1.0038,0.9984
Wool,113.7,13.01,1.0005,1.0035,1.0009
Wool,99.1,5.62,1.004,0.9963,0.9952
Wool,131.4,19.64,0.9968,0.9971,1.0016
Wool,156.6,15.31,0.9939,0.9994,0.9994
Wool,67.0,18.36,0.9991,0.9952,1.0026
Wool,65.9,17.21,1.0012,1.0008,1.0031
Wool,39.1,11.08,1.0041,1.0017,0.9958
Wool,65.2,16.64,0.9991,0.9986,0.9992
Wool,62.0,13.98,0.996,0.9984,1.0024
Wool,147.5,9.01,0.9944,1.002,0.9944
Wool,134.4,11.01,0.9961,0.9941,1.0022
Wool,82.8,12.44,0.9946,0.9991,0.9958
Wool,90.7,6.62,0.9993,0.9977,0.9965
Wool,148.1,18.17,1.0011,0.9958,0.9993
Wool,129.6,15.41,0.9945,0.9986,0.9964
Wool,154.5,12.47,0.9945,1.0026,1.0012
Wool,181.6,3.01,1.001,0.9941,0.9993
Wool,155.8,7.13,1.002,0.9943,1.0009
Wool,196.8,19.02,0.9945,0.9977,0.9968
Wool,60.5,18.77,1.0023,1.0043,1.0013
Wool,99.0,1.71,1.0011,0.9983,1.0001
Wool,74.4,5.91,1.0026,1.0017,1.0
Wool,84.1,2.78,0.9982,1.0022,1.0005
Wool,31.5,15.66,0.9993,0.9987,1.0012
Wool,87.4,19.2,0.9943,1.0,1.0009
Wool,82.0,17.76,0.9997,0.9988,1.0004
Wool,185.5,1.61,1.0027,0.9995,1.002
Wool,149.4,9.76,0.9995,1.0026,0.9968
Wool,190.8,18.59,0.9963,0.998,0.9933
Wool,65.1,19.3,0.9988,1.0037,0.9987
Wool,111.3,3.59,0.9987,0.9965,0.9971
Wool,31.9,18.48,0.9975,1.0011,1.001
Wool,154.9,18.96,0.9937,0.9995,1.002
Wool,172.7,5.36,1.001,0.9976,1.0025
Wool,61.4,5.46,0.9977,1.0037,0.9956
Wool,122.5,13.33,0.9966,0.9965,0.9967
Wool,195.2,17.58,0.9948,0.9995,0.9993
Wool,56.7,6.31,1.0026,1.0022,0.9947
Wool,132.2,9.35,0.997,1.0028,0.9947
Wool,143.6,10.78,0.9998,1.0035,0.9977
Wool,76.6,12.64,0.9999,0.9954,0.9992
Wool,62.7,11.24,1.0014,1.0035,0.9991
Wool,84.4,16.79,0.9953,1.0026,1.004
Wool,146.3,12.85,0.9982,1.0018,0.9973
Wool,42.9,18.13,1.0022,0.9948,0.9964
Wool,95.2,12.71,0.9957,0.9999,1.004
Wool,36.0,19.18,0.9968,0.9984,0.9983
Wool,129.1,18.79,0.9974,0.9954,0.9952
Wool,89.0,5.4,0.998,1.0001,0.9953
Wool,41.1,16.63,1.0022,0.9965,1.0012
Wool,172.1,16.07,1.0004,0.9963,0.9958
Wool,137.3,3.83,0.9936,0.9982,0.9956
Wool,156.6,6.13,0.9951,1.0017,1.0003
Wool,121.6,5.37,0.9961,0.9961,0.9977
Wool,189.6,15.01,0.9961,1.002,0.9954
Wool,36.3,9.26,1.0028,1.0029,0.9965
Wool,72.3,11.68,0.9981,1.0006,0.9957
Wool,86.1,1.4,0.997,0.9979,1.0028
Wool,128.2,7.6,1.0033,1.0025,1.0002
Wool,189.1,16.33,1.0021,0.999,1.0016
Wool,186.6,17.03,1.0009,0.9955,0.9971
Wool,183.7,17.6,0.9965,0.9963,0.996
Wool,46.3,17.38,0.9984,0.995,0.999
Wool,166.4,10.94,0.9929,1.001,1.0013
Wool,87.8,3.59,0.9994,0.999,1.0038
Wool,197.6,15.05,0.9982,0.9969,0.9965
Wool,193.7,9.16,0.9983,0.9992,0.9955
Wool,32.8,14.32,0.9992,1.0032,1.001
Wool,178.3,17.46,0.9967,0.9936,1.0014
Wool,135.6,18.26,0.9939,1.0032,0.9956
Wool,119.0,16.13,1.003,1.0032,0.9982
Wool,87.2,10.13,0.9977,0.9986,0.9975
Wool,140.9,2.45,1.0008,0.9981,0.9941
Wool,46.3,10.34,0.9975,1.0003,1.0018
Wool,60.7,6.4,0.9966,1.0043,1.0007
Wool,138.7,9.26,0.9985,0.994,1.0035
Wool,187.5,7.16,1.0017,0.9997,1.0009
Wool,99.4,14.44,1.0017,0.9964,0.9974
Wool,37.7,16.67,1.002,0.9973,0.9963
Wool,125.4,2.37,1.0021,0.9994,0.9957
Wool,86.3,9.47,0.9971,0.9947,0.9956
Wool,39.5,17.38,1.003,1.0,1.0032
Wool,199.8,9.13,0.994,0.9968,1.0012
Wool,117.4,16.0,0.9998,1.0015,0.9962
Wool,140.0,11.89,1.0008,0.9978,0.9992
Wool,38.8,8.32,0.9979,0.9983,0.9949
Wool,172.8,1.41,0.9939,1.0012,0.9979
Wool,128.3,12.42,0.9943,1.0019,1.0002
Wool,30.3,6.58,1.004,1.0035,0.9963
Wool,177.6,14.45,0.9971,0.9984,1.0006
Wool,38.3,5.11,0.9981,0.9963,1.0043
Wool,157.1,5.1,0.9963,0.9965,0.9999
Wool,73.9,10.66,1.0002,1.0019,1.0015
Wool,69.5,11.21,1.001,0.996,0.9966
Wool,104.8,9.01,0.9986,1.0026,1.0031
Wool,106.2,5.18,0.9952,0.9987,0.997
Wool,90.7,9.77,0.9983,1.001,1.0031
Wool,96.0,18.92,0.9981,0.9972,0.9943
Wool,134.4,18.28,1.0023,0.9997,1.0016
Wool,75.0,10.42,1.002,0.9982,0.9971
Wool,78.8,5.55,0.9972,0.9995,0.9978
Wool,129.9,17.12,0.9977,0.9983,0.9961
Wool,170.4,1.52,1.0006,0.996,0.9974
Wool,101.4,10.03,0.9941,1.0029,0.9943
Wool,177.3,9.0,0.9963,0.9964,0.9977
Wool,64.0,2.68,0.9978,0.9994,0.9967
Wool,162.1,2.13,0.9991,1.0015,1.0001
Wool,37.9,17.17,1.0018,1.0026,0.9982
Wool,90.7,10.62,0.9964,0.9972,0.9968
Wool,71.5,19.68,1.002,1.0008,0.9983
Wool,71.8,19.12,1.0031,1.0029,0.9954
Wool,100.0,19.69,0.9999,1.0031,1.0005
Wool,32.3,19.2,0.997,0.9949,1.0045
Wool,155.3,2.33,1.0007,1.0019,0.9995
Wool,158.1,7.87,0.9973,0.9944,1.0004
Wool,131.6,11.79,1.0008,1.0021,1.0036
Wool,44.7,2.93,1.0037,0.9999,1.0023
Wool,106.1,18.65,0.9976,0.9947,1.0011
Wool,110.0,9.08,0.9947,1.0005,1.0005
Wool,116.9,13.71,0.9964,0.9985,0.9996
Wool,98.0,13.37,1.0017,0.998,1.0029
Wool,150.4,1.3,0.9972,0.9951,0.9978
Wool,196.3,12.14,0.9924,0.9994,0.9935
Wool,152.1,14.33,0.9999,0.9935,0.9952
Wool,149.7,10.43,1.0022,1.0022,0.9967
Wool,172.5,13.93,0.9989,0.9975,1.0022
Wool,41.4,2.04,0.9955,1.0036,1.0002
Wool,93.9,6.86,0.9972,1.003,0.9964
Wool,130.4,2.72,0.9982,1.0014,0.9974
Wool,74.4,6.69,0.9974,0.9958,0.9963
Wool,133.0,6.36,0.9937,1.0029,1.0026
Wool,58.3,14.72,1.0021,0.9993,0.9966
Wool,90.7,2.56,1.0034,1.0012,1.002
Wool,99.1,6.89,1.0027,0.9992,0.9972
Wool,64.6,19.42,1.0033,0.9951,1.0009
Wool,31.5,7.75,0.9985,0.9975,1.0042
Wool,101.1,7.05,1.0021,0.9977,1.0037
Wool,189.1,15.74,0.9959,0.9947,0.994
Wool,123.6,7.23,1.0024,1.0021,0.9945
Wool,128.1,6.77,1.0025,1.0019,0.9946
Wool,59.0,19.96,1.0039,0.9977,1.0023
Wool,172.7,19.49,0.9935,0.9977,1.0005
Wool,60.2,11.22,1.0038,0.9955,0.9967
Wool,120.5,19.14,0.9942,1.0027,1.0013
Wool,154.5,19.86,1.0023,0.994,0.9957
Wool,95.5,5.92,1.0011,1.0041,0.996
Wool,185.5,2.95,0.9989,0.9971,0.9979
Wool,173.0,19.58,1.0009,1.0015,1.0003
Wool,47.3,2.2,0.9979,0.9996,0.9968
Wool,45.4,2.66,1.002,0.9957,0.9973
Wool,86.5,13.18,0.9976,1.0027,1.0037
Wool,84.5,1.74,0.995,0.9976,0.9946
Wool,105.0,2.67,1.0012,1.0032,1.0004
Wool,181.0,8.74,0.9988,0.9963,1.0008
Wool,84.4,8.73,1.0026,0.9987,1.0018
Wool,81.9,19.77,0.9969,1.002,1.0014
Wool,61.2,12.23,0.9957,1.0039,1.003
Wool,131.7,7.48,0.9941,0.997,0.9946
Wool,135.1,14.94,0.9943,0.9979,0.9946
Wool,148.1,8.27,0.9997,1.0006,0.9945
Wool,40.0,15.32,1.0029,1.0017,0.9998
Wool,52.5,13.62,0.9957,1.002,0.9985
Wool,54.0,16.66,1.0035,0.996,0.9952
Wool,167.8,7.76,0.9993,0.9952,1.0012
Wool,172.1,11.8,0.9965,0.9948,0.9985
Wool,137.3,10.43,1.0013,1.0008,1.0011
Wool,31.9,11.81,0.9961,1.0028,1.001
Wool,189.3,13.04,0.9973,1.0006,0.9984
Wool,107.5,14.37,0.9952,0.9943,1.0035
Wool,142.4,18.34,0.9957,0.9969,0.9983
Wool,51.9,16.3,0.9999,1.0039,0.9958
Wool,89.4,6.61,0.996,1.0015,0.9948
Wool,145.1,10.72,1.0025,1.0001,1.0006
Wool,55.1,13.0,0.9995,0.9947,0.9983
Wool,79.0,1.54,1.0024,1.0029,0.9972
Wool,101.1,7.81,0.997,0.999,0.9987
Wool,166.8,14.16,0.9988,0.9967,1.0004
Wool,34.0,17.54,1.0008,1.0044,1.0004
Wool,86.2,8.45,1.001,0.9964,0.9952
Wool,96.1,12.91,0.9974,1.0022,0.9963
Wool,125.0,11.09,1.0028,0.9983,1.0026
Wool,89.1,14.25,1.003,1.0003,1.0024
Wool,42.6,8.4,1.0042,0.9989,0.996
Wool,187.7,17.02,0.9925,0.9938,0.9938
Wool,153.6,4.68,0.9971,1.0029,0.9985
Wool,130.2,13.64,0.9978,1.0026,1.0012
Wool,134.6,5.07,0.9937,0.9972,1.0015
Wool,154.1,17.28,0.9981,1.0014,1.0009
Wool,154.1,11.64,1.0025,0.9992,0.9965
Wool,130.2,15.32,0.9959,1.0018,1.0009
Wool,192.7,5.43,0.997,0.9988,0.999
Wool,180.1,19.19,0.9964,0.9952,0.9934
Wool,125.9,14.85,0.9946,1.0011,0.9986
Wool,167.3,5.86,0.9981,0.9987,1.0016
Wool,119.9,15.63,1.0018,0.9972,1.0006
Wool,55.4,17.93,0.9979,1.0011,1.0009
Wool,142.8,17.58,0.9946,1.0026,1.0005
Wool,183.2,15.44,0.9935,0.9952,0.9954
Wool,65.6,9.3,0.9995,0.998,0.9998
Wool,80.7,18.9,0.9981,1.0033,1.0004
Wool,115.4,12.61,0.9976,0.9972,0.9994
Wool,111.5,6.11,0.9967,0.9974,0.9998
Wool,86.9,2.51,0.9979,0.9965,1.0038
Wool,84.8,7.55,1.0021,0.9977,1.0006
Wool,187.0,14.3,0.9972,0.9984,0.9975
Wool,77.0,19.37,0.9946,1.0006,1.0038
Wool,95.6,17.86,1.003,0.9983,0.9972
Wool,50.5,15.22,0.9955,1.0007,0.9994
Wool,73.7,5.26,1.0005,0.9981,0.9977
Wool,160.5,15.79,0.9971,1.0022,0.9993
Wool,104.9,12.38,0.9961,1.0013,1.0031
Wool,38.5,19.15,0.9979,0.9996,0.9963
Wool,172.0,8.52,0.9948,0.9938,1.0009
Wool,85.6,10.03,1.0005,0.996,0.9971
Wool,51.5,6.33,1.0,1.0022,0.9977
Wool,142.7,4.18,0.9973,0.9994,0.9995
Wool,118.4,5.83,1.0003,0.9946,0.9949
Wool,137.7,10.62,0.9937,0.9938,0.9957
Wool,184.7,11.52,0.9932,1.0017,1.0017
Wool,104.6,5.6,1.0019,0.9995,0.9982
Wool,157.0,2.98,0.9967,0.9963,0.9978
Wool,32.7,5.66,0.9964,0.9988,1.001
Wool,104.4,17.26,1.0029,1.0022,0.9979
Wool,149.1,10.42,0.9936,0.9969,0.9956
Wool,187.3,17.2,0.9952,0.9987,0.9938
Wool,147.4,14.5,1.0013,0.997,0.9979
Wool,136.5,13.97,1.0013,0.9973,0.994
Wool,196.8,17.71,1.0015,1.0025,0.9998
Wool,174.5,13.33,0.9992,0.9988,1.0017
Wool,144.5,9.63,1.002,0.9992,0.9945
Wool,57.0,4.47,0.9972,1.0041,0.9984
Wool,111.2,10.73,0.9966,0.998,0.9984
Wool,133.6,16.81,1.0015,1.002,0.9943
Wool,162.8,11.69,0.9986,0.9944,0.9984
Wool,107.5,8.12,0.9946,0.9999,1.001
Wool,80.8,16.08,1.0,0.9959,0.9962
Wool,47.1,18.44,1.0005,0.9963,1.002
Wool,159.2,10.83,0.9994,1.0001,0.9981
Wool,104.8,9.25,0.9977,0.9973,1.0031
Wool,111.8,7.87,0.9968,1.0002,1.0005
Wool,150.4,13.13,0.9961,1.0034,0.9977
Wool,110.0,10.36,0.9971,0.9982,0.9996
Wool,191.6,14.79,1.0006,0.9956,0.9989
Wool,182.6,10.25,1.0021,1.0001,0.9961
Wool,49.1,5.0,1.0006,0.9994,1.0047
Wool,142.9,3.09,1.003,1.0003,0.9985
Wool,176.0,15.56,0.9987,0.9958,0.9996
Wool,169.2,13.53,0.9997,0.9981,0.9949
Wool,190.2,9.9,0.9975,0.9971,0.994
Wool,88.2,13.31,1.0013,0.9991,0.9951
Wool,120.8,17.64,0.9971,0.9959,1.0003
Wool,55.8,17.35,0.9996,1.0041,0.9978
Wool,33.0,15.73,1.002,1.0025,1.0029
Wool,112.6,12.36,1.002,0.9976,0.9989
Wool,141.1,8.65,0.9949,1.0027,0.999
Wool,184.5,12.93,0.9936,0.995,0.9946
Wool,66.3,14.99,1.0021,1.0008,0.9987
Wool,81.1,9.84,0.9967,1.0024,1.0043
Wool,105.6,14.61,0.9962,1.0038,1.0006
Wool,113.2,16.38,1.0017,0.9964,0.9967
Wool,124.5,14.56,0.9991,1.0038,0.9989
Wool,66.8,18.84,0.9978,1.002,0.9946
Wool,108.5,4.63,1.0022,0.9952,0.995
Wool,89.1,13.88,1.0005,0.9946,0.9952
Wool,157.4,18.86,0.9973,1.0012,0.9958
Wool,35.7,11.32,1.0016,0.9965,1.0
Wool,83.3,2.86,1.0034,0.9961,1.002
Wool,92.1,16.4,0.9962,0.9996,1.0019
Wool,129.5,9.46,1.0003,0.9974,0.9958
Wool,102.8,20.0,0.9972,1.0007,0.9973
Wool,119.6,8.74,0.9986,0.9985,0.9953
Wool,121.5,6.13,0.9946,0.9962,1.002
Wool,169.4,15.31,0.9988,0.994,0.995
Wool,132.6,18.3,0.9963,0.9986,0.9966
Wool,134.5,9.21,1.0019,1.003,0.9969
Wool,151.1,14.82,0.9971,1.0012,1.0022
Wool,191.6,6.09,1.0022,0.9952,1.0008
Wool,195.5,13.68,0.9989,1.0021,0.9995
Wool,68.8,7.92,1.0007,1.003,1.0001
Wool,56.1,16.66,0.9994,1.0042,0.9978
Wool,191.3,13.72,0.9947,1.0003,1.0009
Wool,190.8,14.44,1.0003,0.9944,0.9979
Wool,159.8,8.42,1.0024,0.9946,1.0016
Wool,144.3,19.18,1.0009,0.9951,0.9959
Wool,141.8,7.12,0.995,0.9976,1.0029
Wool,129.5,16.0,0.9988,1.0018,0.9951
Wool,86.6,12.76,0.9971,1.004,1.0018
Wool,106.8,6.02,1.0002,0.998,0.9979
Wool,66.5,8.12,1.0026,0.9973,1.0037
Wool,48.6,2.85,1.0025,1.0001,1.0033
Wool,183.9,7.51,0.9948,1.0025,0.995
Wool,194.3,14.06,0.9937,0.995,1.001
Wool,139.4,2.91,0.9995,0.9984,1.0034
Wool,102.9,6.72,0.995,1.002,0.997
Wool,114.4,2.53,0.9978,0.9955,0.9944
Wool,42.7,13.58,0.9969,0.9971,0.9972
Wool,40.1,2.85,0.9967,0.9966,0.9969
Wool,96.2,4.72,0.9992,1.0031,0.9982
Wool,79.5,18.25,0.9944,0.9999,1.004
Wool,142.4,10.18,0.9944,0.9991,1.0014
Wool,94.1,15.07,0.9976,0.999,1.0006
Wool,147.1,2.25,0.9976,1.0034,0.9988
Wool,37.1,11.37,1.0031,0.9987,0.9951
Wool,81.0,10.52,1.0023,0.9966,0.9965
Wool,170.6,4.07,1.0015,1.0001,1.0014
Wool,73.6,9.16,0.9973,1.0003,0.9952
Wool,36.3,14.64,1.0014,0.997,1.0014
Wool,95.8,18.32,1.0017,0.9997,1.0036
Wool,152.3,15.26,0.9994,0.9958,0.9946
Wool,168.4,19.96,0.9995,0.9991,0.9998
Wool,51.0,2.31,1.0034,1.0004,0.9958
Wool,97.5,11.35,0.9997,0.9988,0.9942
Wool,77.1,3.24,0.9977,0.997,1.0005
Wool,138.4,8.56,0.9948,1.0025,1.0032
Wool,98.3,1.07,0.996,0.9986,1.0017
Wool,158.6,11.46,0.9981,0.9971,0.9961
Wool,31.8,17.43,1.0038,0.997,1.0023
Wool,92.6,5.39,0.9992,0.9973,1.0011
Wool,135.7,2.57,0.9977,0.9984,1.0028
Wool,85.5,2.6,0.9974,1.0037,0.9982
Wool,67.0,14.12,0.9977,0.9947,0.9959
Wool,43.9,1.89,1.0029,0.9958,1.004
Wool,71.6,2.65,0.9978,0.9997,1.0009
Wool,150.1,11.76,0.9932,0.9958,1.0015
Wool,176.6,9.62,0.9977,0.9982,1.0018
Wool,148.9,4.65,0.9968,0.9988,1.0028
Wool,181.9,6.77,0.994,1.0024,1.0002
Wool,30.8,2.77,0.9989,1.0004,0.9973
Wool,137.9,11.55,0.9965,0.9961,0.9975
Wool,74.0,15.37,0.9986,1.0027,0.9988
Wool,177.2,9.28,0.9933,0.9972,0.9954
Wool,85.2,19.13,1.0023,1.0034,1.002
Wool,107.4,13.07,1.0021,1.0025,1.0003
Wool,110.3,5.49,0.9962,0.9959,0.9999
Wool,101.4,16.75,1.0009,0.9974,1.0014
Wool,115.0,19.62,1.0033,0.9972,1.0014
Wool,81.4,6.34,0.9996,0.9949,0.9974
Wool,178.5,9.34,1.0007,1.0017,0.9986
Wool,198.4,8.35,1.0009,1.0015,0.9945
Wool,38.7,12.29,1.0031,1.0036,0.9982
Wool,128.6,17.91,1.0013,0.9978,0.9947
Wool,48.3,10.2,1.0045,0.9994,0.9977
Wool,106.4,6.51,1.0014,0.9984,0.9988
Wool,117.0,16.01,0.995,0.9977,0.9995
Wool,80.3,7.42,1.0037,1.0012,1.002
Wool,128.6,12.57,0.996,1.0007,0.999
Wool,89.3,8.92,1.0025,0.9981,1.0001
Wool,131.6,18.52,1.0027,1.0008,0.9976
Wool,67.1,3.51,0.9986,1.0001,0.995
Wool,160.5,9.41,0.9974,0.9981,0.9994
Wool,109.6,15.38,0.9957,0.9996,1.0021
Wool,54.5,5.23,0.9993,0.9965,1.0021
Wool,159.0,9.44,0.9997,0.9944,1.0029
Wool,159.1,19.78,0.9939,0.9988,0.9973
Wool,61.9,16.07,0.9983,1.0041,1.0008
Wool,58.5,4.83,0.9969,1.0015,1.0024
Wool,38.8,3.72,1.001,1.0042,0.9974
Wool,94.4,15.96,1.0019,1.003,1.0023
Wool,191.8,8.18,1.0024,0.9957,0.9953
Wool,185.9,8.58,0.996,0.9945,0.9965
Wool,121.4,8.44,1.0014,1.0,0.9948
Wool,116.0,5.61,1.001,0.9946,1.0019
Wool,176.5,6.03,0.9982,1.0017,0.9967
Wool,120.4,15.82,0.9968,0.9949,1.0033
Wool,137.4,15.53,0.9984,0.9937,0.9952
Wool,89.5,6.91,0.9956,1.0024,0.9975
Wool,195.7,8.79,1.0023,1.0028,0.9966
Wool,166.1,10.11,1.0015,1.0029,0.9988
Wool,138.4,9.49,0.9973,1.0006,0.9941
Wool,152.8,19.07,0.9945,0.9959,0.9939
Wool,111.7,18.14,0.9944,1.0036,1.0028
Wool,125.2,19.32,1.0025,1.0032,1.0013
Wool,142.5,11.26,0.998,0.9989,0.9984
Wool,186.3,10.87,0.9945,1.0011,0.9938
Wool,166.2,16.31,0.9983,1.0012,0.9948
Wool,169.0,10.0,0.9995,0.9973,0.9963
Wool,102.6,5.45,1.0016,0.9997,0.9993
Wool,110.1,1.37,0.9948,0.9947,0.9995
Wool,83.1,14.01,0.9955,0.9945,1.001
Wool,154.2,13.47,0.993,1.0007,0.9983
Wool,80.6,19.0,0.9946,0.9969,0.999
Wool,53.4,17.43,0.9949,1.0032,0.997
Wool,100.6,17.61,0.9969,1.0014,1.0017
Wool,90.4,8.71,1.0009,0.9988,0.997
Wool,170.3,5.37,1.0002,0.994,0.9988
Wool,160.4,6.55,0.9985,1.003,0.9954
Wool,32.3,19.38,0.9995,0.9995,1.0035
Wool,147.1,5.11,0.9987,1.0002,0.998
Wool,165.3,17.42,0.996,1.003,0.9946
Wool,52.9,10.22,0.9972,1.0013,0.998
Wool,149.6,12.8,0.9977,0.9945,0.9939
Wool,48.2,9.21,1.0007,1.0032,0.9995
Wool,52.5,12.73,0.9979,1.0003,0.9949
Wool,174.2,3.94,1.0002,0.997,0.9958
Wool,149.9,19.42,0.9973,0.9934,0.9959
Wool,140.1,4.76,0.9983,0.9973,0.9954
Wool,184.6,7.53,1.0023,0.9996,0.9969
Wool,84.9,3.37,0.9986,0.9966,1.0005
Wool,105.4,6.37,0.9956,0.9944,1.002
Wool,86.8,18.79,0.9968,1.0027,1.0039
Wool,193.7,18.38,0.9951,1.0009,1.0009
Wool,129.1,4.01,0.995,1.0,0.9991
Wool,122.7,14.17,0.9952,1.0004,1.0033
Wool,194.5,18.38,0.9993,0.9952,1.0019
Wool,103.8,16.0,0.9985,1.0028,0.9965
Wool,62.5,6.81,1.0008,0.998,0.9976
Wool,182.4,10.86,0.9942,1.0029,0.9968
Wool,111.0,7.41,0.9979,1.0012,0.9971
Wool,182.0,17.46,0.9988,1.0014,0.999
Wool,127.1,15.5,0.9956,1.003,1.0001
Wool,138.9,3.38,0.9983,1.0025,1.0035
Wool,136.5,14.7,0.9989,0.9938,0.9942
Wool,148.8,10.18,0.998,0.9949,1.0023
Wool,98.9,14.2,1.0035,1.0024,0.9953
Wool,74.5,3.92,0.9948,0.9987,1.0005
Wool,39.0,15.45,1.0017,0.9973,1.0028
Wool,195.7,18.34,0.9988,0.9943,0.995
Wool,190.5,3.16,0.9973,1.0015,0.9972
Wool,184.9,5.91,1.0023,0.9966,0.9989
Wool,164.0,17.7,0.999,0.9985,0.9944
Wool,133.8,5.23,1.0034,1.0,1.0037
Wool,76.4,16.22,0.9957,1.0,1.0005
Wool,171.8,19.29,0.9989,0.9963,0.9971
Wool,100.6,14.18,1.0016,1.0021,0.9948
Wool,90.0,17.4,0.994,0.9958,0.9983
Wool,185.2,15.09,0.997,1.0008,0.9969
Wool,31.8,14.67,0.996,1.0003,1.0004
Wool,149.5,13.09,0.9974,1.002,0.9975
Wool,177.0,13.25,0.9956,0.9977,0.9979
Wool,173.1,14.41,0.9958,0.9998,0.9936
Wool,186.6,4.34,0.9952,0.9973,0.9982
Wool,54.4,14.4,0.995,0.9989,1.0039
Wool,167.9,6.09,0.9987,0.9997,0.9965
Wool,69.3,11.92,1.0001,0.9972,1.0029
Wool,155.7,13.77,1.0016,1.0014,1.0002
Wool,59.7,9.91,1.0014,0.9979,0.9965
Wool,170.6,16.69,0.9936,0.9954,0.9932
Wool,111.8,6.27,0.9964,1.0031,1.0009
Wool,38.6,19.73,0.9986,0.9956,0.9962
Wool,79.8,10.04,0.9967,1.0007,0.9997
Wool,62.4,16.56,0.9958,0.9968,0.9978
Wool,85.1,2.38,0.9948,0.997,0.9958
Wool,46.3,1.54,1.0019,0.9985,0.9984
Wool,120.8,10.47,1.0016,1.0035,0.9965
Wool,199.6,1.99,0.9941,1.0021,1.0013
Wool,144.8,18.98,0.9969,0.9942,0.9992
Wool,56.6,16.45,1.0028,0.9958,0.9967
Wool,166.1,1.68,0.998,0.9988,0.9994
Wool,173.6,16.62,0.9999,1.002,1.002
Wool,89.4,15.12,1.0012,0.9973,1.0037
Wool,188.4,19.51,0.9983,1.0016,0.9938
Wool,147.6,17.31,0.9961,0.9984,0.9945
Wool,188.4,9.21,0.9948,1.0027,0.9994
Wool,52.3,6.28,0.9971,1.0031,0.999
Wool,156.6,3.55,1.0018,1.0004,1.0024
Wool,141.7,17.94,1.0002,0.9959,0.9947
Wool,178.6,1.01,0.9974,0.9942,0.9939
Wool,56.2,6.97,1.0002,0.9985,1.0027
Wool,143.5,8.98,0.9978,1.0025,0.9967
Wool,146.6,14.16,0.9973,1.0027,0.9985
Wool,156.7,12.26,0.9941,0.9943,0.9962
Wool,158.2,14.92,1.0014,1.0007,0.9993
Wool,112.6,10.76,0.9987,0.995,0.9999
Wool,36.5,16.19,1.0034,1.0012,0.9984
Wool,71.3,10.94,0.9983,0.9995,1.0014
Wool,154.8,2.68,1.0015,0.9973,0.9979
Wool,131.3,19.87,0.9994,1.0002,0.9973
Wool,198.9,15.42,0.9975,0.9945,0.9975
Wool,119.1,1.23,1.0034,1.0013,0.9957
Wool,30.3,13.13,1.0002,1.0015,1.0041
Wool,79.4,3.93,0.9963,0.9966,0.9987
Wool,33.0,10.8,1.002,1.0019,0.995
Wool,120.7,1.94,0.9979,0.9986,1.003
Wool,159.2,12.1,1.0028,0.9972,0.9998
Wool,88.9,6.4,0.9997,0.9985,1.0032
Wool,74.2,10.14,0.9999,1.0039,0.9982
Wool,117.6,8.94,0.9974,1.0027,0.9973
Wool,113.5,2.92,0.9982,0.9977,0.9946
Wool,143.7,16.12,1.0013,0.9956,0.9964
Wool,187.4,2.7,0.9933,0.9996,0.9977
Wool,130.1,3.78,1.0009,0.9953,0.9992
Wool,193.4,9.14,1.0,0.9952,1.0007
Wool,149.6,10.16,0.9956,1.0004,0.9945
Wool,114.2,11.59,0.9947,1.0018,1.0023
Wool,48.3,6.38,0.9995,0.9963,1.0032
Wool,54.4,13.63,0.9958,0.9983,1.0026
Wool,87.3,1.45,0.9949,0.9979,1.0004
Wool,35.3,19.88,1.0016,1.0012,1.0003
Wool,123.6,4.97,1.0022,0.9981,0.9986
Wool,118.5,10.09,0.9967,0.995,0.996
Wool,64.4,16.08,0.997,0.9997,1.002
Wool,40.1,1.57,0.9957,0.9971,0.9965
Wool,82.2,18.8,1.0037,0.9991,1.0038
Wool,77.3,9.32,0.9999,1.004,0.9985
Wool,198.4,8.85,0.9962,0.9982,0.9979
Wool,63.1,2.9,1.0006,0.9985,0.9961
Wool,56.4,15.78,1.0006,0.995,0.996
Wool,72.5,3.46,1.0034,0.9975,0.9983
Wool,156.4,9.58,1.0016,1.0031,0.9953
Wool,43.4,8.01,1.0003,0.9952,0.9973
Wool,186.9,17.17,0.9939,1.0016,1.0016
Wool,32.0,2.32,0.999,0.9954,1.0004
Wool,49.5,4.41,1.0005,0.9996,1.0003
Wool,161.1,10.23,0.9991,0.9993,0.9972
Wool,62.9,2.58,0.996,0.9986,0.9979
Wool,123.8,16.43,1.0019,0.9968,0.9952
Wool,54.6,16.19,0.9969,1.0,0.9969
Wool,122.5,8.46,1.0009,0.9964,0.9985
Wool,108.5,6.7,0.9943,1.0036,1.0025
Wool,178.2,18.35,0.9927,0.9946,0.9997
Wool,137.3,16.43,1.0024,1.0015,0.9995
Wool,72.3,11.9,0.9943,0.9953,0.997
Wool,188.2,15.97,1.001,0.9987,1.0002
Wool,171.2,16.48,1.0006,0.9994,1.0004
Wool,174.0,8.19,0.9994,0.9994,1.0022
Wool,153.5,8.77,0.9987,1.0014,0.9964
Wool,194.7,5.19,0.9933,0.9941,1.0006
Wool,117.7,3.11,1.0025,1.0027,1.0005
Wool,83.0,19.03,0.9973,0.995,1.0011
Wool,56.6,13.09,0.9988,1.0004,0.9945
Wool,83.0,1.73,0.998,0.9945,1.002
Wool,164.7,16.33,1.0017,0.9978,0.9961
Wool,169.0,9.72,0.995,0.9936,0.9943
Wool,167.6,7.72,1.0021,0.9962,0.9981
Wool,190.9,3.9,0.996,1.003,0.9992
Wool,164.4,9.64,0.9956,0.9957,1.0019
Wool,189.4,6.04,0.9988,0.999,1.0023
Wool,119.3,1.07,1.0033,0.9966,0.9952
Wool,68.9,15.21,1.0041,0.9973,0.9961
Wool,137.1,19.31,0.9938,1.0019,0.9936
Wool,58.5,15.42,0.9988,0.9968,0.995
Wool,139.8,1.86,0.9985,1.0034,0.9963
Wool,146.5,1.69,0.9938,0.9992,0.9979
Wool,86.5,8.73,0.9951,0.9976,0.9982
Wool,96.0,6.48,0.9947,0.9987,1.0038
Wool,98.0,12.39,1.0026,0.9979,1.0004
Wool,129.3,10.86,0.9962,0.9964,0.9944
Wool,32.1,13.34,0.9987,0.9958,1.0045
Wool,186.6,9.66,0.9972,1.0007,0.9975
Wool,191.4,15.54,0.9944,0.9978,0.9985
Wool,82.7,4.75,0.9963,1.0044,0.9948
Wool,119.7,3.1,1.0027,0.9985,0.9998
Wool,159.0,16.81,1.0027,0.9961,0.9934
Wool,186.7,6.09,0.9956,1.0027,1.0013
Wool,86.8,12.25,0.9985,0.9965,0.9965
Wool,142.5,6.76,0.999,0.9979,1.0007
Wool,88.2,18.86,0.9961,1.004,0.9988
Wool,145.6,16.55,1.0003,0.9971,1.0024
Wool,179.0,15.39,0.9956,1.0001,0.9988
Wool,60.6,12.9,1.0041,0.9966,0.9983
Wool,49.0,15.05,0.9992,1.0029,0.9968
Wool,199.1,5.11,0.9982,0.9962,0.9973
Wool,185.2,6.19,0.9976,1.0005,1.0025
Wool,63.3,15.18,0.9998,0.9979,0.9996
Wool,175.8,19.43,0.9948,0.9993,1.0015
Wool,142.0,8.37,0.9979,0.9947,1.0007
Wool,198.5,19.22,0.9947,0.9948,0.9938
Wool,160.1,18.43,0.9966,1.0027,0.9974
Wool,92.1,11.63,0.995,1.003,1.0024
Wool,108.6,3.38,1.0028,0.9954,0.9956
Wool,34.2,14.25,1.0004,1.0008,1.0039
Wool,93.1,6.0,0.9972,0.9964,1.0002
Wool,148.0,9.51,0.9942,0.9966,1.0033
Wool,139.8,7.85,0.9934,1.0025,0.9997
Wool,70.3,13.57,0.9989,1.0028,0.9953
Wool,122.0,8.51,1.0032,0.9998,0.9954
Wool,84.8,12.48,1.0026,0.9948,0.9944
Wool,187.1,8.4,0.9931,0.9937,0.9939
Wool,192.9,16.56,0.9988,1.0004,0.9935
Wool,85.5,2.4,0.995,1.0003,0.9964
Wool,73.8,5.8,1.0021,1.0008,0.9996
Wool,53.7,2.67,0.997,0.9952,1.0022
Wool,117.0,13.45,0.9955,1.0025,1.0005
Wool,93.8,11.89,0.9944,1.001,1.0036
Wool,185.2,16.58,1.0008,0.9978,0.9948
Wool,188.5,2.4,0.9954,0.996,0.9945
Wool,145.0,18.93,0.9976,0.9998,0.9996
Wool,100.2,18.12,0.9973,0.9972,0.9981
Wool,133.0,3.4,0.9944,1.0039,0.9994
Wool,179.4,1.4,0.9951,0.9943,1.0007
Wool,97.6,6.46,0.9989,0.9949,1.0005
Wool,195.7,5.24,0.9928,0.9951,0.9957
Wool,49.8,12.93,1.0005,0.9988,0.9964
Wool,185.2,12.58,0.9931,1.0016,0.9973
Wool,32.5,5.63,0.9971,1.0007,0.9955
Wool,127.2,5.33,0.9955,0.9974,1.0018
Wool,120.7,17.82,0.9997,0.9978,0.9982
Wool,47.3,8.23,1.0006,0.9993,0.9973
Wool,173.8,11.79,1.0012,0.9949,0.995
Wool,61.5,12.68,1.0019,0.9971,1.0012
Wool,77.3,19.27,1.0019,1.0017,0.9984
Wool,149.6,11.3,0.9982,1.0023,1.0023
Wool,42.6,15.88,0.9967,0.9951,0.9971
Wool,132.8,10.88,0.9966,0.9988,0.9946
Wool,86.8,14.35,0.9999,1.0008,1.0011
Wool,161.1,18.29,0.9997,0.995,0.9979
Wool,111.4,12.59,0.9954,0.9976,0.9949
Wool,55.8,14.55,0.997,0.9984,0.9968
Wool,58.6,8.84,1.0033,1.0043,0.9985
Wool,33.8,3.77,0.9981,0.9979,1.0002
Wool,31.1,12.83,0.9981,1.0009,1.0003
Wool,113.2,15.62,1.0008,1.0036,1.0018
Wool,63.2,16.78,1.0039,1.0029,0.9974
Wool,88.9,11.72,1.0004,0.9957,1.0014
Wool,75.8,2.62,0.9951,1.0013,1.0044
Wool,193.7,9.66,0.9946,0.9984,0.9944
Wool,90.4,19.2,0.9984,0.9984,0.995
Wool,92.0,11.56,1.0013,0.9958,0.9962
Wool,165.4,11.32,0.9965,1.003,0.9936
Wool,191.1,14.29,0.9981,0.9946,0.9953
Wool,138.4,3.65,0.9982,1.0035,1.0022
Wool,59.1,3.1,1.0035,1.0015,0.9999
Wool,64.5,4.26,0.9989,1.0018,1.0044
Wool,159.6,6.52,0.9966,0.9954,0.9982
Wool,31.1,12.73,1.0031,1.0003,0.996
Wool,109.9,16.76,0.9943,1.0007,0.9954
Wool,134.2,9.17,1.0023,1.0001,0.997
Wool,56.7,14.9,0.9976,0.9978,1.0012
Wool,33.3,19.18,1.0033,0.9949,0.9956
Wool,81.6,11.22,0.9967,0.9956,0.9986
Wool,59.4,14.11,0.9944,0.9987,1.0043
Wool,52.9,5.57,0.995,1.0022,1.0
Wool,30.5,18.18,1.0012,1.0015,1.0033
Wool,138.8,4.75,0.9981,1.0019,0.9996
Wool,196.7,15.58,0.9935,1.0024,0.993
Wool,133.0,17.55,1.0003,0.9959,0.9977
Wool,183.0,9.1,0.9965,0.9988,1.0004
Wool,81.9,5.73,1.0029,0.997,0.9972
Wool,73.0,18.91,0.9979,0.9986,0.9968
Wool,108.9,1.58,0.9995,0.9972,1.0016
Wool,123.9,2.9,1.0011,0.995,0.9981
Wool,54.3,18.96,1.0025,0.9961,0.9943
Wool,52.0,2.82,0.9983,0.998,0.995
Wool,133.7,16.32,0.9994,1.0035,0.9977
Wool,154.2,15.68,0.9941,1.0018,1.0004
Wool,93.3,14.26,1.0008,0.9955,1.002
Wool,124.0,1.91,0.9989,0.9996,1.0039
Wool,140.1,13.08,0.9956,1.0029,1.001
Wool,192.3,17.17,0.9952,1.0028,0.9944
Wool,87.8,17.54,0.9958,0.9978,1.0017
Wool,44.8,18.38,1.0021,1.0027,0.9976
Wool,146.6,16.86,0.9976,1.0005,0.9989
Wool,60.1,1.77,0.9955,0.9992,1.0
Wool,33.2,5.52,0.9974,1.0045,1.0029
Wool,120.7,16.15,0.9935,1.0014,0.9984
Wool,172.3,9.2,1.0008,1.0019,0.9964
Wool,183.2,4.38,1.0027,0.9955,1.0028
Wool,85.8,14.15,0.9969,1.0015,1.0001
Wool,60.8,7.19,1.0024,1.0002,0.999
Wool,105.6,12.39,1.0036,0.995,1.0008
Wool,163.5,19.8,1.0006,0.9955,1.0001
Wool,159.0,9.89,1.0027,0.9979,0.9959
Wool,160.4,13.97,0.9937,0.9973,0.9988
Wool,196.4,17.13,1.0017,0.9985,1.0018
Wool,36.6,15.37,1.0033,1.0013,1.0042
Wool,60.9,15.76,0.9962,1.0015,1.0003
Wool,93.9,1.15,0.9994,0.9971,0.9988
Wool,157.2,3.47,0.9983,0.9995,0.9988
Wool,135.0,5.32,1.0004,1.0031,0.9967
Wool,183.4,15.07,0.9999,1.0004,0.9986
Wool,158.4,10.1,1.0019,1.002,0.9947
Wool,47.9,18.22,0.9976,0.9984,0.9949
Wool,163.1,17.13,0.9948,1.0001,1.0006
Wool,179.9,13.86,1.0013,0.9946,0.9967
Wool,139.3,18.92,1.0016,0.9987,0.9985
Wool,47.8,15.69,0.997,0.9969,1.0002
Wool,97.3,5.61,1.0012,1.0033,0.9943
Wool,30.7,5.51,1.0007,1.0011,1.0047
Wool,174.4,18.91,0.999,0.9961,0.9957
Wool,108.6,18.11,1.0001,1.0026,0.9969
Wool,48.8,19.3,0.9988,1.0003,1.0026
Wool,156.4,3.57,0.9997,1.003,0.9965
Wool,69.5,15.6,1.0024,1.0043,0.9953
Wool,96.5,18.8,1.001,0.9965,0.9997
Wool,186.3,4.98,0.9988,0.9966,0.9995
Wool,150.8,11.79,0.9936,1.0017,1.0005
Wool,127.3,9.15,0.9986,0.997,0.9989
Wool,67.9,13.77,0.9975,1.0011,1.0023
Wool,42.2,10.06,0.9977,1.003,1.0046
Wool,145.1,10.29,1.0028,0.9958,1.0035
Wool,140.9,2.86,1.0004,0.9985,1.0034
Wool,46.0,18.5,1.0007,0.9965,1.001
Wool,139.1,1.05,0.9987,0.9961,0.9998
Wool,55.3,4.75,1.0017,0.9979,0.9948
Wool,183.7,8.77,0.9985,0.9966,1.0027
Wool,86.6,15.55,1.0012,0.9964,1.0017
Wool,193.5,18.66,0.9989,0.9968,0.9946
Wool,108.0,6.96,1.0006,0.9975,0.9953
Wool,135.9,3.96,0.9995,0.9945,0.9953
Wool,51.8,6.09,0.9995,0.9976,1.0026
Wool,86.1,1.63,0.9968,0.9981,0.9982
Wool,148.1,19.75,0.9933,1.0032,0.9936
Wool,99.9,9.94,0.9947,0.9984,0.9972
Wool,189.3,16.07,0.9979,1.001,1.0008
Wool,48.9,4.04,1.0002,0.9973,1.0014
Wool,45.9,13.06,0.9993,1.002,1.0024
Wool,173.3,7.17,0.9972,0.9975,1.0024
Wool,58.7,3.84,1.0044,1.0012,1.0012
Wool,137.5,7.93,0.9964,0.998,1.0007
Wool,72.2,1.08,0.9971,0.9983,1.0028
Wool,87.8,7.33,0.9954,0.9984,1.0014
Wool,102.9,10.49,0.9987,0.9995,1.0021
Wool,83.0,16.08,0.9963,0.9956,0.9982
Wool,197.6,11.95,0.9983,0.9956,1.001
Wool,36.0,10.87,1.0016,1.003,0.9987
Wool,94.1,13.55,1.0021,0.9956,1.0037
Wool,181.3,11.69,0.9944,1.0,0.9946
Wool,125.9,8.12,0.997,0.9942,0.9949
Wool,161.5,1.71,0.9997,1.0028,0.9939
Wool,152.6,19.17,0.9996,0.9951,0.9938
Wool,129.3,4.97,0.9967,0.9943,0.9983
Wool,110.9,4.11,0.9951,0.996,0.9949
Wool,140.3,14.03,1.0007,1.0018,0.9994
Wool,138.0,16.94,1.0005,0.9952,1.0027
Wool,163.1,12.58,0.994,1.0019,0.9955
Wool,111.7,4.03,1.0031,0.9946,0.9947
Wool,125.1,17.8,0.9984,1.0003,0.998
Wool,77.6,9.63,0.9948,0.9973,0.9999
Wool,113.5,11.29,1.0026,1.0019,1.0028
Wool,188.7,2.18,0.9947,0.9949,0.9999
Wool,171.2,15.2,0.9929,0.994,1.003
Wool,101.6,11.96,0.9944,0.997,0.9982
Wool,101.2,10.56,0.9971,1.0016,0.9968
Wool,99.4,17.05,0.9979,1.001,0.9941
Wool,102.5,16.78,0.9963,0.9956,1.0002
Wool,185.9,19.99,0.9939,0.9975,0.9972
Wool,109.2,5.76,0.9989,1.0032,0.9967
Wool,105.1,16.4,1.0006,0.9967,0.997
Wool,109.6,15.73,0.9941,0.9983,0.9953
Wool,134.5,10.5,0.9979,1.003,0.9992
Wool,56.4,10.93,1.0024,0.9959,1.0025
Wool,54.9,8.62,1.0017,1.0017,1.0021
Wool,73.7,9.31,0.9943,0.9964,0.9993
Wool,139.7,18.89,0.9934,0.9974,1.0005
Wool,122.3,1.2,0.9959,1.001,1.0038
Wool,98.2,6.81,0.9988,1.003,1.0026
Wool,138.1,3.74,0.9994,0.9958,0.9951
Wool,59.6,15.47,0.9969,1.0,0.998
Wool,197.1,13.77,0.9949,1.0013,1.0007
Wool,44.4,12.47,1.0043,1.0002,0.9972
Wool,33.4,9.36,1.004,0.996,0.9948
Wool,117.5,14.75,0.9975,1.0026,0.9948
Wool,59.0,10.11,1.0009,1.0018,0.9951
Wool,170.6,2.11,0.9954,0.9978,0.999
Wool,93.4,9.41,0.9978,1.0013,1.0007
Wool,79.9,2.58,0.9949,1.0043,0.9954
Wool,187.5,11.84,0.9924,0.9999,0.9935
Wool,48.0,11.55,0.9981,1.0019,0.9947
Wool,38.2,7.61,0.9976,0.9995,1.0016
Wool,188.1,5.36,0.9995,0.995,0.994
Wool,198.3,4.27,1.0015,0.9979,1.0021
Wool,164.4,9.99,0.9994,1.0002,0.9999
Wool,176.2,7.34,0.9951,0.9994,0.9965
Wool,177.4,19.77,0.9998,0.9956,1.0004
Wool,88.9,8.29,1.0009,1.0005,1.0017
Wool,143.7,4.15,0.9963,0.9979,0.9949
Wool,162.4,5.01,0.996,1.003,1.0014
Wool,174.6,2.77,1.002,0.9954,0.998
Wool,162.8,12.64,0.9952,0.9978,0.9975
Wool,157.8,15.09,1.0006,1.0003,0.9977
Wool,120.7,15.13,1.0025,1.0015,0.9938
Wool,120.1,7.53,1.0014,1.0021,0.9985
Wool,131.8,1.88,0.9973,0.997,1.0012
Wool,117.8,2.5,0.9966,1.0003,0.9993
Wool,65.9,16.57,0.9975,0.9984,0.9971
Wool,37.7,7.75,0.9973,0.9981,1.0004
Wool,128.2,9.3,0.9954,0.9976,0.9962
Wool,54.7,9.39,1.0004,0.9956,0.9957
Wool,147.6,2.08,1.0005,0.9976,1.0007
Wool,42.0,11.15,0.9987,0.9989,0.9997
Wool,124.2,19.91,0.9965,0.9959,0.9952
Wool,71.3,16.71,0.9982,0.9993,0.9963
Wool,169.2,9.63,0.9998,0.9999,1.0002
Wool,174.7,1.16,1.0007,1.0024,0.995
Wool,175.9,6.03,0.9963,1.0031,0.9983
Wool,188.5,1.16,1.0013,0.9963,1.0016
Wool,169.8,10.82,1.0016,0.9982,1.0012
Wool,177.0,14.65,0.9939,0.9938,1.0006
Wool,77.9,19.46,0.9965,1.0015,0.9969
Wool,81.9,1.09,0.9962,0.997,0.9991
Wool,47.6,14.7,1.0036,1.0014,1.0043
Wool,179.5,2.53,0.9972,0.998,0.9984
Wool,121.0,16.36,0.9968,0.9953,1.002
Wool,60.8,9.47,1.0038,0.9988,1.0037
Wool,118.1,12.75,0.9995,0.9993,0.9984
Wool,110.0,6.57,0.9972,0.9967,0.9986
Wool,80.1,2.32,0.9972,0.9957,1.0006
Wool,199.2,14.72,0.9979,0.9998,0.9948
Wool,199.1,18.42,0.9989,1.0024,0.9969
Wool,148.2,7.32,1.0032,1.0036,0.9994
Wool,72.7,18.02,0.9992,0.9946,0.9957
Wool,77.4,19.57,0.9968,0.9972,1.0001
Wool,101.7,15.98,0.9972,0.9952,1.0028
Wool,196.8,8.78,1.0004,0.9944,0.9943
Wool,186.7,17.49,0.9929,1.0024,0.9974
Wool,141.7,7.37,0.9959,0.9941,0.9969
Wool,69.5,8.2,0.9957,0.9958,1.0008
Wool,80.9,5.71,0.9964,0.9989,1.0012
Wool,167.4,18.36,0.9997,1.0023,0.9937
Wool,100.4,13.33,0.9966,0.9987,1.0027
Wool,101.1,17.37,1.0017,0.9951,1.0001
Wool,65.7,14.27,0.9991,1.0029,0.9999
Wool,113.0,15.41,0.994,0.9979,0.9946
Wool,148.5,6.68,0.9995,0.9988,0.9988
Wool,94.0,7.72,0.9973,1.0026,0.995
Wool,188.1,4.14,1.0013,1.0001,0.995
Wool,53.7,18.82,1.0034,0.9997,0.9997
Wool,103.6,1.79,1.0034,1.0027,1.0004
Wool,96.3,18.52,0.9998,1.0016,0.9957
Wool,115.3,3.97,1.0008,0.9995,0.997
Wool,180.2,7.24,0.9932,0.9941,0.9954
Wool,144.7,16.48,0.9984,1.0022,0.998
Wool,164.8,15.34,0.9944,1.0008,1.0023
Wool,65.4,9.22,0.9982,0.9989,0.9974
Wool,163.9,18.66,1.0001,0.9987,0.9944
Wool,190.6,14.35,1.0001,0.9949,0.9943
Wool,108.7,8.2,0.9941,0.9966,0.9941
Wool,199.0,10.18,0.9979,1.0013,0.9972
Wool,43.6,15.12,0.9985,1.0013,0.9968
Wool,67.7,13.12,0.9977,1.0031,1.0019
Wool,192.5,14.38,0.9971,0.9964,0.9971
Wool,62.8,13.36,1.0029,1.003,0.9989
Wool,139.5,15.57,0.9937,0.9969,0.9969
Wool,90.6,12.1,0.9962,1.0036,1.0019
Wool,67.5,13.08,1.0025,0.9961,0.9978
Wool,187.2,9.52,1.0017,0.9963,0.9947
Wool,73.3,15.5,1.0038,0.9976,0.9976
Wool,184.4,10.9,0.9998,1.0002,0.9953
Wool,128.4,9.55,1.0027,0.9985,0.9942
Wool,47.7,8.9,1.0043,1.0001,1.0042
Wool,91.1,12.09,1.0003,1.0029,0.9981
Wool,139.6,5.42,0.9974,1.0017,1.0025
Wool,94.6,1.19,1.0039,0.9972,1.0011
Wool,182.6,15.18,0.9967,1.0005,0.995
Wool,151.0,12.85,0.9938,1.0004,0.9963
Wool,132.4,7.69,0.9982,1.0008,0.9941
Wool,142.1,9.04,0.9949,1.0005,0.9963
Wool,83.2,16.97,1.0007,0.997,0.9957
Wool,76.7,10.28,0.9944,1.0,0.9976
Wool,40.1,3.45,1.002,0.9971,1.0044
Wool,127.9,1.55,0.995,1.0013,0.9991
Wool,45.5,15.42,0.9959,0.9968,0.998
Wool,123.5,2.01,1.0027,0.9996,1.0041
Wool,36.5,13.8,1.004,0.9984,0.9968
Wool,107.7,16.92,0.9956,0.998,0.994
Wool,138.1,9.55,0.995,1.0014,0.9944
Wool,84.2,8.24,1.0003,1.001,0.998
Wool,148.5,12.05,1.0021,0.9971,0.9984
Wool,126.6,12.62,0.9972,0.9975,1.0026
Wool,85.1,13.32,1.0009,0.9981,0.9998
Wool,137.4,9.42,0.9964,0.9974,1.0026
Wool,172.8,18.05,0.9981,0.9994,1.0024
Wool,147.2,3.49,1.002,1.0028,0.9952
Wool,188.6,18.91,1.0011,1.0006,0.9991
Wool,115.1,15.72,0.9943,1.0004,0.9947
Wool,41.4,12.95,0.9964,0.9977,1.0037
Wool,113.5,14.5,0.9968,0.9945,0.9959
Wool,164.2,13.63,0.9975,0.9972,0.9995
Wool,74.6,4.85,0.9995,1.0023,0.9959
Wool,191.7,4.58,0.9999,1.0001,0.9956
Wool,153.0,2.74,0.995,1.0037,1.0025
Wool,78.6,15.0,0.9958,0.9963,1.0019
Wool,69.7,13.24,1.0021,0.9946,0.9968
Wool,59.9,14.61,1.0025,1.0035,0.998
Wool,171.2,4.13,0.9978,0.9967,0.9991
Wool,150.3,6.36,1.0015,0.9998,0.9962
Wool,53.2,18.31,0.9966,0.996,0.9973
Wool,31.4,11.52,1.0006,1.0043,1.0025
Wool,64.7,6.75,1.0041,1.0044,0.9972
Wool,115.4,7.97,0.9944,0.9962,1.0017
Wool,136.0,14.15,1.0022,0.998,0.9977
Wool,61.6,5.55,1.0027,0.9958,0.9958
Wool,34.4,4.14,0.9957,1.0019,0.9969
Wool,44.2,5.25,0.9957,1.0007,0.9978
Wool,35.8,12.74,1.0041,0.9952,1.0001
Wool,119.8,2.33,0.9977,0.9983,1.0022
Wool,56.8,3.22,1.0004,1.0015,1.0034
Wool,36.1,3.93,1.0016,0.9968,0.9988
Wool,125.5,16.52,0.9954,0.9982,0.9951
Wool,159.3,17.74,0.999,0.9982,1.0031
Wool,195.5,14.52,0.9991,0.9936,0.9976
Wool,31.9,13.45,1.0015,1.0038,0.9956
Wool,49.6,10.62,1.0021,0.9976,0.9978
Wool,177.4,3.13,1.0002,1.0013,0.9936
Wool,180.9,5.73,1.0023,0.996,0.9969
Wool,34.7,10.37,0.9972,1.0,1.0024
Wool,88.6,16.7,0.9988,0.9976,1.0011
Wool,90.9,17.33,0.9984,0.9964,1.0022
Wool,158.5,4.97,0.9971,1.002,1.0002
Wool,193.1,10.57,0.9932,0.9996,1.0015
Wool,156.5,15.61,0.996,1.0023,1.0008
Wool,196.0,19.45,1.0015,1.0004,0.9983
Wool,94.4,15.66,0.9944,0.9981,0.9986
Wool,32.3,12.28,0.9975,1.0039,1.0033
Wool,194.5,8.55,0.9985,1.0017,0.9943
Wool,160.2,5.15,0.9978,0.9939,0.9946
Wool,145.8,10.94,0.9933,0.9939,0.9985
Wool,185.2,6.21,0.9932,0.9975,0.9957
Wool,66.8,5.09,0.9948,1.0021,0.998
Wool,120.9,10.33,0.9965,1.0009,1.0008
Wool,123.9,12.84,1.0,0.9963,0.9971
Wool,154.5,16.97,0.9978,0.9948,1.0018
Wool,85.3,11.29,1.001,1.0012,0.9997
Wool,87.4,6.21,0.9974,1.0031,0.9965
Wool,160.8,17.99,1.0022,1.0011,1.0028
Wool,186.3,10.87,0.9942,1.0007,0.9973
Wool,122.3,18.27,0.9988,0.9986,0.9976
Wool,125.6,13.06,0.9949,0.9962,0.9939
Wool,73.9,5.47,0.9969,0.9982,0.9976
Wool,101.6,16.19,0.9989,1.0014,1.0033
Wool,75.2,8.47,0.9992,0.9953,0.9948
Wool,68.8,9.69,0.9978,0.9962,0.9988
Wool,97.9,3.31,0.9977,0.9974,0.9995
Wool,48.9,15.75,0.9969,0.9953,0.9988
Wool,122.5,14.43,1.0006,1.0009,1.0026
Wool,42.4,11.24,0.9958,0.9978,1.0038
Wool,176.2,17.67,0.9932,0.9983,0.9946
Wool,157.2,1.42,0.9967,0.9971,1.0
Wool,94.4,7.66,0.9966,1.0017,0.9992
Wool,72.0,10.62,0.9968,1.0029,1.0022
Wool,173.8,5.4,0.9974,1.0033,1.0014
Wool,63.7,17.67,1.0009,1.0007,0.9974
Wool,198.6,17.1,0.9956,0.9969,0.9968
Wool,31.5,19.86,1.0029,0.9955,1.004
Wool,139.4,3.62,0.9985,0.9954,0.9961
Wool,118.9,16.2,0.9982,0.9965,0.995
Wool,46.8,17.29,1.004,0.999,1.0031
Wool,65.3,16.16,0.9965,0.9981,1.0021
Wool,39.4,12.04,1.003,1.001,0.9948
Wool,164.3,4.68,0.9934,1.0007,0.9992
Wool,99.1,18.46,0.9973,0.9994,0.9946
Wool,100.0,14.17,0.9964,1.003,1.0017
Wool,33.3,6.23,1.0001,0.9974,0.9975
Wool,178.2,19.26,1.0005,0.9934,0.9997
Wool,59.4,10.25,1.0001,1.0017,1.0003
Wool,179.0,3.36,1.001,0.9994,0.9969
Wool,78.5,15.23,0.9983,0.9976,0.9956
Wool,44.4,15.1,1.0014,1.003,1.0015
Wool,90.1,9.27,0.9988,0.996,0.9943
Wool,32.0,8.88,1.004,1.0037,1.0036
Wool,152.1,2.27,1.0033,0.9958,0.9968
Wool,128.6,15.88,1.0003,0.9969,0.9954
Wool,83.2,3.23,0.9984,0.9966,0.9968
Wool,57.6,6.29,1.0019,1.0007,1.0018
Wool,146.8,13.99,0.9935,0.9945,0.9936
Wool,124.6,18.97,0.9945,1.0008,0.9964
Wool,141.5,9.52,1.0028,1.0011,0.996
Wool,175.6,17.61,1.0002,1.0025,0.9959
Wool,77.9,14.28,1.0026,0.996,1.0013
Wool,138.3,17.9,0.9955,1.0007,1.0012
Wool,163.8,17.85,1.0016,0.9953,0.9952
Wool,58.7,11.16,0.9991,0.9981,0.9985
Wool,113.6,19.88,0.9946,0.9959,1.0028
Wool,100.5,7.19,0.9967,0.9988,1.0013
Wool,46.3,2.57,1.0,0.9961,1.0021
Wool,197.4,16.88,1.0007,1.0024,1.0022
Wool,144.8,10.91,0.9992,0.9944,1.0008
Wool,30.3,14.83,0.9958,1.0046,0.9958
Wool,81.1,8.63,0.9967,1.0015,0.9952
Wool,47.5,12.07,0.9995,0.9952,1.0003
Wool,91.8,6.77,1.0014,0.9973,1.0035
Wool,66.2,14.9,1.0019,0.9996,0.9998
Wool,140.8,7.39,1.0005,0.9962,1.0037
Wool,143.7,19.44,0.9985,1.0019,1.0006
Wool,107.9,2.07,0.9997,1.0031,1.0006
Wool,87.9,4.28,1.0036,0.996,1.0019
Wool,153.6,11.54,0.9934,1.0032,1.001
Wool,99.1,11.86,0.9997,1.0003,1.0007
Wool,100.0,1.37,0.9996,0.998,1.0015
Wool,64.6,19.86,1.0024,1.0008,0.9978
Wool,40.7,6.84,1.0023,1.0015,0.9961
Wool,48.4,14.63,1.0027,0.9965,1.0044
Wool,110.3,16.81,1.001,1.0023,0.994
Wool,37.9,5.67,1.0,0.9955,1.0011
Wool,157.8,8.92,1.0002,1.0012,1.001
Wool,189.7,5.27,0.993,1.0012,1.0011
Wool,150.1,11.84,1.002,0.9987,0.9962
Wool,76.1,3.94,1.0014,0.9989,1.0017
Wool,121.9,17.44,1.0027,0.9955,0.9977
Wool,40.1,10.02,0.9975,1.0034,1.0028
Wool,97.1,9.39,0.9982,0.9982,1.0009
Wool,45.3,12.36,0.9961,0.9957,1.0045
Wool,76.1,10.06,0.9977,1.003,1.0024
Wool,63.0,7.34,0.9958,0.9961,0.9964
Wool,195.7,8.55,1.0023,0.9953,0.9951
Wool,173.7,8.39,1.0023,0.9959,0.995
Wool,187.5,19.1,0.9944,0.993,1.0018
Wool,159.0,19.98,0.9973,1.001,0.9957
Wool,159.3,14.92,0.9951,0.9943,0.9984
Wool,54.9,3.82,0.9993,1.0022,0.9984
Wool,51.3,14.45,0.9964,1.0022,1.0002
Wool,197.2,2.18,1.0006,1.0016,1.0019
Wool,97.9,18.56,0.9978,1.0033,0.9958
Wool,113.7,5.38,1.0038,0.9954,0.9994
Wool,90.3,8.6,1.0018,1.002,0.9966
Wool,53.8,15.94,1.0029,0.9967,1.0011
Wool,61.7,15.27,0.9963,0.9948,1.0024
Wool,152.0,16.67,1.0002,1.0006,0.9938
Wool,122.3,12.1,0.995,0.996,1.0032
Wool,35.8,15.12,0.9946,0.9966,0.9969
Wool,159.5,13.97,0.9992,0.9988,1.0014
Wool,65.8,6.34,0.9984,1.0022,0.9954
Wool,91.2,10.25,0.9995,1.0035,0.9969
Wool,67.3,2.92,0.9998,1.0018,1.0009
Wool,158.0,14.05,0.994,1.0029,0.999
Wool,95.6,1.31,1.004,1.0007,0.9974
Wool,173.5,7.77,0.9959,1.0017,0.9947
Wool,92.5,13.65,0.9993,0.9964,1.0003
Wool,56.7,6.5,0.9978,1.0018,1.0009
Wool,106.6,13.31,1.0036,1.0001,0.9992
Wool,91.7,4.88,1.0014,0.9957,1.0043
Wool,66.3,16.25,0.9945,1.0004,1.0004
Wool,133.2,18.36,0.9999,0.9988,0.9956
Wool,65.9,14.17,0.9944,0.9961,1.0003
Wool,93.6,12.05,1.0007,1.0038,1.0021
Wool,162.5,13.94,1.0001,0.9947,0.9934
Wool,104.1,17.66,1.001,0.9992,1.0002
Wool,160.5,8.66,0.9976,1.0034,0.9984
Wool,110.1,17.55,1.0018,0.9997,0.9991
Wool,71.9,11.63,0.9978,1.0006,1.0032
Wool,30.2,11.03,0.9966,0.9963,0.9994
Wool,58.7,2.96,0.9982,1.0023,0.9971
Wool,145.1,6.6,0.9991,1.0036,0.996
Wool,132.6,12.69,1.0025,0.9967,0.9957
Wool,125.7,7.09,1.0011,0.9981,0.9983
Wool,142.6,7.99,0.9941,0.9943,0.9986
Wool,35.3,3.84,1.0034,0.9951,0.9963
Wool,167.1,9.89,0.9949,1.0001,0.9955
Wool,156.3,4.19,1.0006,1.0002,0.9982
Wool,152.4,16.71,0.9946,1.0007,0.9961
Wool,115.8,6.09,0.996,1.0039,0.9983
Wool,96.5,16.14,0.9996,0.9944,0.9941
Wool,123.3,9.19,1.0008,1.0012,1.0014
Wool,65.3,17.32,0.9957,0.9975,1.0035
Wool,106.0,15.61,1.0025,1.0003,0.9959
Wool,109.7,7.79,0.9975,1.0035,0.995
Wool,198.6,16.1,0.9999,0.999,0.9929
Wool,63.6,2.84,0.9987,1.0038,1.0024
Wool,141.7,7.95,1.0029,0.9948,0.9965
Wool,157.7,16.48,1.0,0.9976,1.0028
Wool,172.0,5.84,0.9979,0.9956,1.003
Wool,69.7,9.37,0.9998,0.9951,1.0021
Wool,181.6,14.52,0.9938,1.0025,0.9933
Wool,86.4,9.3,1.0033,0.9952,0.9962
Wool,122.2,17.98,1.0007,0.9982,0.9996
Wool,186.8,11.26,0.9948,0.9976,0.9954
Wool,74.9,1.82,1.0027,0.9997,1.0008
Wool,115.6,8.51,1.0012,0.9946,0.9964
Wool,117.0,11.84,0.9995,1.0007,0.9967
Wool,166.4,19.09,0.9942,1.0025,0.996
Wool,178.7,7.81,0.998,0.9993,0.995
Wool,49.1,16.58,1.0012,0.9984,1.0026
Wool,115.7,2.21,0.9991,0.9946,0.9975
Wool,82.8,12.82,0.9979,0.9943,0.9972
Wool,166.4,5.03,0.9971,0.998,0.9981
Wool,154.9,12.07,0.9996,1.0023,0.9977
Wool,61.7,3.2,0.998,1.0045,0.9971
Wool,127.7,13.93,1.0004,1.0036,0.9992
Wool,99.5,10.55,1.0032,0.9949,0.9997
Wool,138.6,1.81,1.0019,0.9952,0.9991
Wool,67.7,5.12,0.9958,1.0,1.0017
Wool,142.5,1.02,1.0017,0.9991,0.9971
Wool,30.1,17.39,0.9962,0.9981,1.0031
Wool,62.8,10.85,0.9954,1.0033,0.9948
Wool,61.3,6.59,0.998,0.9993,1.0042
Wool,45.7,8.12,0.9952,1.0022,1.0012
Wool,45.4,6.61,1.0004,1.0005,0.9966
Wool,98.2,15.9,0.9975,1.0028,0.9973
Wool,127.8,13.77,1.0008,0.9997,1.002
Wool,128.0,11.11,0.9943,0.9982,1.0004
Wool,43.1,1.15,0.995,0.998,1.0044
Wool,131.6,4.88,0.9953,1.0023,1.0035
Wool,124.9,14.59,1.0012,1.0032,0.9973
Wool,113.4,18.32,0.9945,0.9981,0.9952
Wool,130.5,4.94,0.995,1.0016,0.9967
Wool,90.0,19.27,0.9942,1.0028,1.0025
Wool,167.4,1.79,0.9937,1.0035,0.9957
Wool,178.4,2.39,1.0022,0.9984,0.9986
Wool,89.3,3.94,0.9987,0.9998,0.9983
Wool,48.1,14.12,1.0034,1.0044,1.0035
Wool,164.1,15.07,1.0,0.9998,1.0023
Wool,199.1,12.25,1.0005,1.0024,0.9971
Wool,113.4,2.77,0.9951,0.9997,0.9947
Wool,139.3,11.3,1.0023,1.0004,0.9949
Wool,143.6,13.26,0.9955,1.0004,1.0019
Wool,187.4,4.72,0.9945,0.9969,1.002
Wool,116.4,10.41,1.0009,0.9954,0.9982
Wool,55.6,3.19,0.9975,1.0014,1.0007
Wool,124.3,14.06,1.0004,1.0038,1.0019
Wool,173.8,17.75,0.9995,0.9995,0.9987
Wool,98.8,11.4,1.0036,0.9978,0.9975
Wool,45.1,3.68,0.9953,0.997,0.999
Wool,118.2,8.69,0.9964,0.995,1.0008
Wool,124.7,1.25,0.9964,1.0021,0.9982
Wool,37.2,11.28,0.9954,1.0008,1.0037
Wool,73.6,16.28,0.9996,0.9967,0.9984
Wool,85.4,6.33,1.003,0.9947,0.9984
Wool,130.4,16.42,1.0007,1.002,1.0027
Wool,35.9,16.73,1.0014,0.9992,0.9979
Wool,103.5,11.59,1.0007,1.0005,1.0032
Wool,89.2,13.42,0.9988,0.9956,1.0039
Wool,43.3,3.72,1.001,0.995,1.001
Wool,107.2,17.33,1.0001,1.003,0.9956
Wool,174.2,13.82,0.9989,0.9961,0.9971
Wool,96.4,2.63,1.0002,0.9978,0.9948
Wool,96.4,17.28,0.9966,0.9955,1.0037
Wool,98.1,9.92,0.9969,1.0013,1.003
Cotton,84.4,18.23,0.9957,1.0023,1.0013
Cotton,52.0,16.33,1.0042,0.9955,1.0022
Cotton,95.8,15.61,0.9997,0.9988,1.0021
Cotton,82.4,10.92,0.9972,1.004,1.0033
Cotton,131.1,13.0,1.0019,0.9984,1.0007
Cotton,51.2,8.02,0.9963,0.9998,0.9997
Cotton,146.2,1.85,0.9948,0.9979,1.0037
Cotton,191.8,4.92,1.0008,0.9954,0.9954
Cotton,60.5,4.86,0.9963,1.0031,0.9987
Cotton,35.8,10.9,1.0023,1.0001,1.001
Cotton,132.0,17.69,0.9985,0.9952,1.0037
Cotton,39.6,15.68,0.9948,0.9984,1.002
Cotton,68.7,4.79,0.9956,1.0019,0.9999
Cotton,93.1,8.86,0.9977,1.0042,1.0008
Cotton,79.0,3.84,0.9961,1.002,1.0018
Cotton,31.1,2.62,0.9964,1.0038,0.9977
Cotton,73.9,15.14,1.0017,1.0025,0.9973
Cotton,148.7,16.18,0.9967,0.9944,1.0031
Cotton,187.5,10.22,0.9958,1.0008,1.0018
Cotton,63.5,17.01,0.9992,1.003,1.0005
Cotton,122.5,14.09,0.9972,1.0018,0.9952
Cotton,49.5,18.68,0.9961,0.9956,0.9995
Cotton,189.9,17.44,1.0024,0.9989,0.9987
Cotton,141.0,19.24,1.0019,0.9997,0.9955
Cotton,82.8,19.5,0.9978,0.9991,1.0021
Cotton,158.3,9.27,0.9961,0.9974,0.9991
Cotton,106.8,6.36,1.0038,0.998,0.9958
Cotton,66.2,14.34,0.9996,1.0041,0.996
Cotton,157.3,19.85,1.0019,0.9954,0.997
Cotton,157.1,3.44,0.9972,0.9975,0.9949
Cotton,109.2,11.0,0.9999,0.9963,0.9947
Cotton,37.8,5.74,0.9982,0.9972,1.0022
Cotton,61.7,19.28,0.9961,1.0045,0.999
Cotton,110.4,8.21,0.9981,0.9949,0.9957
Cotton,122.8,10.41,0.9974,1.0013,0.9993
Cotton,43.4,13.64,0.9953,0.9995,0.9968
Cotton,146.3,16.61,1.001,0.998,0.9976
Cotton,62.2,8.06,1.0022,0.9961,0.996
Cotton,141.6,1.65,1.0026,1.0014,1.0038
Cotton,73.7,19.14,0.9966,1.0009,0.9957
Cotton,166.9,2.55,1.0032,0.9977,1.0001
Cotton,177.4,8.26,0.9968,1.001,0.9971
Cotton,188.4,5.06,0.9996,1.0,0.9987
Cotton,167.8,13.99,0.9973,0.9962,0.9964
Cotton,77.0,12.03,0.999,1.0008,1.003
Cotton,109.5,2.75,1.0019,1.002,1.0025
Cotton,81.4,6.6,1.0006,0.9996,1.002
Cotton,122.3,7.76,0.9998,0.9985,0.9951
Cotton,120.2,10.63,1.0026,0.9991,0.9984
Cotton,191.2,19.92,1.0014,0.995,0.9973
Cotton,130.4,10.48,0.9967,0.9988,1.004
Cotton,67.3,3.42,1.0038,1.0006,0.9952
Cotton,186.4,5.07,0.9953,0.9958,1.0027
Cotton,84.7,11.58,1.0038,0.999,0.9974
Cotton,65.1,3.24,0.9979,1.0042,1.0022
Cotton,183.5,5.15,0.9977,0.9986,0.9986
Cotton,152.9,10.43,0.994,0.9943,0.9981
Cotton,99.9,19.96,1.0018,0.9984,0.9943
Cotton,194.4,8.17,1.0007,0.9954,1.0038
Cotton,174.9,3.28,1.0035,1.0019,1.0005
Cotton,51.6,12.04,1.004,1.0033,0.9998
Cotton,177.1,11.21,0.9985,1.0018,1.0015
Cotton,52.7,5.97,1.0027,1.0008,0.9968
Cotton,31.9,6.69,1.0027,1.0014,1.0049
Cotton,103.3,4.16,1.0021,1.0035,0.9986
Cotton,194.3,1.62,0.9964,0.9975,0.9963
Cotton,60.9,5.8,1.0039,0.9968,0.9982
Cotton,167.9,6.27,1.0026,0.9997,0.9952
Cotton,118.5,6.88,1.0029,0.9987,0.9954
Cotton,194.4,4.44,0.9939,0.9978,0.9963
Cotton,124.7,2.68,1.0019,0.9946,1.0
Cotton,153.4,5.28,0.9978,1.0004,0.9995
Cotton,44.1,8.8,0.9982,0.9983,0.9984
Cotton,197.4,11.5,0.9997,0.9975,1.0031
Cotton,58.4,12.83,0.9996,1.0023,1.0039
Cotton,65.5,17.21,0.9964,1.0015,0.9979
Cotton,114.4,10.29,0.9989,0.9996,0.9991
Cotton,92.2,4.98,1.0024,0.9989,0.9967
Cotton,161.8,2.7,0.9966,1.0001,1.0
Cotton,67.4,16.47,1.0001,1.0042,1.0011
Cotton,165.9,4.4,1.0018,1.0027,0.996
Cotton,133.3,1.25,1.0024,1.0029,0.9956
Cotton,177.2,1.63,0.9946,0.9963,0.9952
Cotton,82.4,19.37,0.9974,0.9963,0.9964
Cotton,195.2,10.49,0.995,0.9945,1.0037
Cotton,132.6,2.65,1.0029,0.9996,0.9983
Cotton,166.0,8.3,1.002,1.0023,1.0023
Cotton,149.7,1.35,1.0025,1.0041,1.0009
Cotton,127.0,2.7,1.0041,0.9992,0.9997
Cotton,186.8,8.25,0.9998,0.9996,0.9985
Cotton,69.3,9.59,1.0044,1.0005,0.9986
Cotton,37.7,4.44,0.9968,0.9967,0.998
Cotton,144.7,2.09,0.9992,0.9982,1.0
Cotton,196.8,18.02,1.0024,0.9998,0.9983
Cotton,143.0,15.31,0.9976,1.0033,0.9985
Cotton,63.2,15.6,0.9994,0.9947,0.9958
Cotton,87.1,13.88,0.9954,1.0042,1.0013
Cotton,65.0,16.36,1.0018,1.0031,0.9946
Cotton,194.3,9.06,0.9969,0.9989,1.0007
Cotton,177.5,14.05,0.9978,0.9945,1.0031
Cotton,119.0,13.8,0.9989,1.0037,0.9993
Cotton,197.7,10.1,1.0018,1.003,0.9997
Cotton,171.0,19.03,1.0027,1.0038,0.9979
Cotton,76.2,10.43,0.9962,0.9966,0.9995
Cotton,172.7,13.5,1.0025,1.0016,0.9974
Cotton,96.9,17.57,0.9969,0.9978,0.9988
Cotton,156.0,8.32,0.9965,1.0,0.9968
Cotton,105.2,2.49,0.998,1.0008,1.002
Cotton,76.8,9.42,0.9971,0.9978,0.995
Cotton,138.5,5.81,1.0019,0.9967,0.9992
Cotton,132.1,1.11,1.0015,1.0012,1.0019
Cotton,133.9,6.98,0.9964,1.0005,0.9976
Cotton,34.6,9.38,1.003,0.9977,1.0035
Cotton,35.5,19.39,0.9999,0.9985,1.0
Cotton,63.8,11.14,1.0039,1.0005,0.9965
Cotton,133.2,5.71,1.0002,0.9974,1.0017
Cotton,37.3,18.46,1.0028,0.995,0.9969
Cotton,65.5,19.38,1.0032,0.9955,0.9945
Cotton,179.6,5.15,1.0019,1.0011,1.0024
Cotton,83.4,1.87,1.002,0.9961,0.9983
Cotton,69.2,11.13,1.0009,0.999,0.9967
Cotton,79.5,8.5,0.9974,0.9989,1.0015
Cotton,199.6,19.12,0.9972,0.9979,0.9939
Cotton,67.1,17.29,0.9959,0.9995,1.0028
Cotton,127.0,10.02,0.9953,1.0003,1.0021
Cotton,150.5,15.4,0.9967,1.0022,0.9946
Cotton,45.1,4.4,0.9997,0.9953,1.0029
Cotton,48.7,17.6,0.9979,0.9986,1.0044
Cotton,74.6,17.74,0.9992,1.0009,0.9965
Cotton,63.4,5.49,1.0031,0.999,0.9974
Cotton,66.5,7.11,1.0033,0.9984,1.0018
Cotton,110.4,12.21,1.0028,0.9946,1.0025
Cotton,88.5,15.39,1.0008,0.9963,0.9948
Cotton,159.3,1.55,0.9981,0.9995,0.9976
Cotton,158.6,2.15,0.9949,1.0027,1.0012
Cotton,145.6,3.28,0.9957,0.9961,1.0031
Cotton,97.9,2.8,0.9967,0.9957,0.9965
Cotton,108.5,7.91,1.0008,0.9997,0.9974
Cotton,144.3,14.3,1.0036,1.0032,0.9966
Cotton,99.9,10.51,0.9945,1.0037,0.9995
Cotton,196.5,10.3,0.9941,0.9942,1.0018
Cotton,98.8,13.18,0.9955,0.9948,0.9987
Cotton,36.9,1.68,0.9995,0.997,1.0003
Cotton,139.7,9.39,1.0014,0.9994,0.9962
Cotton,31.8,5.83,1.0033,0.9984,0.997
Cotton,188.0,7.24,0.9965,1.0007,1.0026
Cotton,179.2,12.78,0.9984,0.999,1.0
Cotton,62.2,17.47,1.0001,1.0028,0.997
Cotton,142.7,8.41,1.0039,0.9967,1.0037
Cotton,102.8,15.14,0.9975,1.0006,1.0027
Cotton,191.2,19.88,1.0022,0.9992,1.0002
Cotton,183.2,19.93,0.9993,0.994,1.0036
Cotton,195.2,1.64,0.9999,0.9976,0.994
Cotton,151.3,7.5,0.9982,1.0004,0.9947
Cotton,156.3,4.02,1.0023,1.0007,1.0032
Cotton,133.2,12.36,1.0003,0.998,0.9964
Cotton,193.1,16.63,0.995,0.9962,1.0022
Cotton,97.9,6.03,0.9945,0.997,0.999
Cotton,139.3,3.23,0.9977,1.0024,1.0028
Cotton,166.7,13.97,0.9958,0.9956,0.9951
Cotton,177.3,12.93,0.9972,0.9948,1.0036
Cotton,85.5,1.42,0.9959,0.9955,1.0042
Cotton,53.8,1.74,1.0048,1.0034,1.0042
Cotton,51.5,18.26,0.9976,1.0034,1.0024
Cotton,35.5,5.51,1.0046,1.004,0.9984
Cotton,120.2,14.47,0.9963,0.9995,0.9987
Cotton,170.2,12.4,1.0026,0.9998,0.9992
Cotton,157.2,6.15,1.0011,1.0005,0.9974
Cotton,119.5,2.99,1.0029,0.9998,0.9993
Cotton,176.1,4.57,0.999,0.9954,1.0034
Cotton,174.8,12.15,1.0023,0.9949,0.9973
Cotton,178.0,7.94,0.9984,0.9982,0.9992
Cotton,119.4,14.75,0.9975,0.9977,0.9947
Cotton,39.1,10.75,1.0005,1.0021,1.0033
Cotton,135.5,17.05,0.9966,0.9992,0.998
Cotton,144.8,7.43,1.0023,1.0018,0.9993
Cotton,77.9,15.05,1.0033,1.003,1.0019
Cotton,116.8,3.59,0.9969,0.9985,0.9974
Cotton,70.3,7.32,0.9991,1.0032,1.0007
Cotton,91.4,15.89,1.0004,1.0025,1.0038
Cotton,92.6,7.32,0.9996,1.0032,0.9996
Cotton,151.0,13.62,0.9983,1.0018,0.9971
Cotton,160.5,9.59,0.9988,0.999,0.9978
Cotton,178.6,8.03,1.0025,0.9951,0.9961
Cotton,106.1,17.18,1.0016,1.0025,0.9968
Cotton,131.3,12.7,0.9942,0.9949,0.9971
Cotton,86.3,7.92,1.0044,1.0001,0.9977
Cotton,147.0,8.91,1.003,1.0034,1.0026
Cotton,47.9,9.1,0.9967,1.0004,1.0027
Cotton,142.0,10.28,0.9956,0.9978,0.9964
Cotton,183.3,18.67,1.0012,0.9981,0.9963
Cotton,154.8,1.4,0.9971,1.0021,1.0034
Cotton,197.6,10.33,1.0003,0.9977,0.9957
Cotton,40.7,6.38,0.9985,0.996,1.0011
Cotton,77.0,10.43,1.0038,1.0028,0.9952
Cotton,78.1,7.93,1.0001,1.0026,0.9982
Cotton,135.8,7.39,1.0024,1.0035,1.0023
Cotton,192.9,9.06,0.9991,1.0035,0.996
Cotton,93.4,19.43,1.0008,1.0014,1.003
Cotton,100.5,10.67,1.0,1.0023,0.998
Cotton,31.3,19.78,1.0021,0.9957,0.9997
Cotton,159.1,1.97,0.996,0.9989,0.9979
Cotton,86.0,9.96,0.9977,0.9962,1.0008
Cotton,128.4,12.08,0.9963,0.9998,1.0031
Cotton,162.3,12.71,1.0034,1.0027,1.0007
Cotton,101.4,10.95,1.0039,1.0033,1.0043
Cotton,122.9,13.28,0.9944,0.9952,0.998
Cotton,164.3,11.49,0.9998,0.9949,0.9977
Cotton,64.8,1.83,0.9988,0.9953,1.0009
Cotton,62.3,13.88,0.997,0.9968,1.0003
Cotton,71.3,12.16,0.9964,0.9947,1.0013
Cotton,70.2,11.65,0.999,0.9963,1.0012
Cotton,191.9,11.63,0.9996,0.9991,0.9966
Cotton,189.7,10.87,1.0011,0.9979,0.9983
Cotton,98.7,15.21,0.997,1.0029,0.9957
Cotton,31.3,5.42,1.0,0.9959,0.9979
Cotton,156.3,8.69,0.9968,0.9969,1.0014
Cotton,100.2,6.22,0.9947,0.9992,1.0001
Cotton,160.3,15.53,1.0014,1.0,0.9983
Cotton,70.7,12.28,1.0011,0.9998,1.0014
Cotton,123.4,9.43,1.0027,0.9971,1.0
Cotton,82.9,11.0,1.0011,0.9976,1.0041
Cotton,95.3,12.59,1.0042,1.0002,1.0015
Cotton,72.4,16.4,0.9978,0.999,0.9976
Cotton,54.5,12.69,0.9948,0.9963,0.9985
Cotton,165.0,15.42,1.0022,1.0033,1.002
Cotton,75.6,19.15,0.9983,0.9987,1.0044
Cotton,118.3,19.22,0.9953,1.0041,0.996
Cotton,53.6,15.85,0.9961,1.0013,1.0011
Cotton,195.7,13.27,0.9961,0.9993,0.9951
Cotton,183.6,5.3,0.9958,0.9988,0.9996
Cotton,75.9,19.64,1.0011,0.9952,0.9996
Cotton,113.6,6.72,1.0032,0.9997,0.9977
Cotton,115.2,1.98,0.9971,0.9978,1.0004
Cotton,146.7,18.35,0.9971,1.0018,1.0006
Cotton,140.8,13.66,1.0019,0.9979,1.0022
Cotton,115.4,11.67,0.9942,1.0032,0.9977
Cotton,174.5,3.5,0.9978,1.0015,1.0006
Cotton,74.4,5.85,1.0007,0.9968,0.9988
Cotton,68.1,9.87,0.9983,0.9958,1.0043
Cotton,90.4,17.77,1.0023,0.9962,0.995
Cotton,55.7,19.63,0.9996,0.9991,0.9991
Cotton,47.0,8.0,0.9953,0.9981,1.0011
Cotton,45.8,19.45,0.9981,1.0041,0.9948
Cotton,87.9,8.11,0.9955,0.9968,1.0034
Cotton,123.0,1.94,0.9952,0.9971,0.9963
Cotton,61.6,4.53,1.0004,1.0035,0.9995
Cotton,102.0,14.49,0.9963,1.003,1.0011
Cotton,147.6,1.9,0.9969,0.9964,0.9998
Cotton,30.3,1.77,1.0048,1.003,1.0011
Cotton,43.2,16.65,0.9951,0.9984,0.996
Cotton,43.9,6.08,0.9994,1.0033,1.0026
Cotton,186.1,12.03,1.0012,0.9975,0.9998
Cotton,86.7,3.52,0.9948,0.9965,1.0008
Cotton,103.0,19.19,1.0022,0.9965,1.0033
Cotton,115.6,4.68,0.9975,1.0031,1.0007
Cotton,111.5,18.04,1.0013,0.9955,0.9947
Cotton,43.1,12.31,0.9963,1.0037,0.9962
Cotton,98.2,12.17,0.9972,1.0025,0.9965
Cotton,108.2,6.37,0.9988,1.0042,0.996
Cotton,78.2,2.57,0.9959,0.9975,1.0027
Cotton,60.5,9.07,0.9982,1.0033,0.9965
Cotton,64.2,2.64,0.9989,0.9984,0.9999
Cotton,101.1,3.77,0.999,0.9979,0.9961
Cotton,107.7,3.64,0.995,0.9969,1.0008
Cotton,110.4,2.09,0.999,0.9977,0.9946
Cotton,181.2,7.77,1.0012,1.0024,1.0008
Cotton,104.2,10.26,0.9986,0.9945,0.9991
Cotton,42.9,2.35,0.9967,1.0019,0.9958
Cotton,95.1,17.52,1.0003,1.0025,1.0041
Cotton,92.0,16.12,1.0001,0.9968,1.0014
Cotton,69.3,12.96,0.9983,0.9999,1.0019
Cotton,149.1,19.4,1.0025,0.9982,0.9987
Cotton,39.5,9.4,0.9978,0.9963,0.9959
Cotton,119.8,1.61,0.9971,0.9984,0.9971
Cotton,157.5,15.9,1.0,1.0008,1.0014
Cotton,127.5,3.71,0.9946,0.9951,1.0022
Cotton,184.0,7.14,0.9967,0.999,1.0017
Cotton,46.7,12.53,0.9966,0.9987,0.9984
Cotton,72.1,19.63,0.9964,0.9969,0.9976
Cotton,150.5,8.0,0.997,0.9988,1.0029
Cotton,30.5,16.57,1.0037,0.996,1.0025
Cotton,74.8,9.57,0.9991,1.001,0.9961
Cotton,163.7,1.2,1.0037,0.9969,0.9948
Cotton,169.2,7.48,1.0008,1.0003,0.9996
Cotton,145.6,16.29,1.0025,1.0033,1.0003
Cotton,126.1,9.94,0.9987,1.0027,0.9997
Cotton,94.7,3.06,0.9983,0.9991,0.995
Cotton,132.7,10.38,1.0015,1.0039,1.002
Cotton,70.6,15.51,0.9952,0.9952,0.998
Cotton,91.7,16.68,0.9952,0.9982,1.0021
Cotton,62.2,14.63,0.9953,1.0005,1.0046
Cotton,93.9,13.23,0.9946,1.0005,1.0026
Cotton,152.9,1.82,0.9976,1.0014,1.0006
Cotton,187.8,17.53,1.0017,1.0035,0.997
Cotton,64.4,16.98,0.9992,1.0013,1.0031
Cotton,198.4,17.44,0.9934,0.9962,0.9954
Cotton,32.1,11.22,1.0013,0.9991,1.0014
Cotton,152.6,9.55,0.9997,1.0023,0.9982
Cotton,159.2,19.59,1.002,1.0005,1.0018
Cotton,169.2,2.23,0.9995,0.9992,1.0028
Cotton,155.7,1.5,1.0001,1.0036,0.9965
Cotton,172.5,12.17,0.9944,0.9967,0.9996
Cotton,168.5,2.28,0.9986,0.9946,0.9961
Cotton,53.1,14.12,1.0013,1.0,0.9981
Cotton,173.5,13.7,1.0005,0.9985,1.0021
Cotton,174.7,15.91,0.9944,1.0006,0.9985
Cotton,148.6,10.62,1.0028,0.9952,0.9998
Cotton,102.6,13.46,1.0016,1.0035,0.9975
Cotton,34.8,10.33,0.9968,0.998,1.0008
Cotton,96.4,16.16,1.0012,1.0043,1.0026
Cotton,55.4,7.73,1.0029,1.0032,1.0045
Cotton,92.6,5.56,1.0038,1.0029,1.0039
Cotton,142.7,16.14,1.0012,1.0019,1.0002
Cotton,89.8,1.93,0.9982,0.9989,1.0021
Cotton,179.5,14.73,0.9977,0.9986,0.9975
Cotton,50.5,3.48,0.996,1.0021,0.9975
Cotton,106.4,19.63,0.9991,1.0004,0.998
Cotton,197.4,18.64,0.9999,1.0031,1.0001
Cotton,82.2,11.2,0.9982,1.0006,1.0005
Cotton,157.8,4.37,0.9954,0.9945,0.995
Cotton,64.0,14.24,1.0035,0.9989,1.0004
Cotton,55.3,16.39,0.9957,0.9956,0.9988
Cotton,129.5,4.59,0.9979,1.0012,0.9965
Cotton,43.0,15.53,0.9995,0.9969,0.9979
Cotton,96.9,3.52,1.0025,1.0018,0.9994
Cotton,69.5,7.26,0.998,0.9989,0.9964
Cotton,53.1,13.84,1.0024,1.0043,0.9972
Cotton,115.7,3.16,1.0,0.9985,1.003
Cotton,130.2,6.52,0.9979,0.9989,1.0
Cotton,58.1,3.42,1.0006,0.9957,1.0013
Cotton,116.8,7.38,1.0036,1.0023,1.0001
Cotton,77.1,14.7,1.0029,0.9983,1.0021
Cotton,140.2,7.01,1.0038,1.0012,0.9992
Cotton,112.0,17.06,0.9949,0.9973,0.995
Cotton,51.3,6.72,0.9978,0.998,0.9983
Cotton,115.5,14.22,0.9949,0.9976,0.9978
Cotton,175.7,3.67,1.0035,0.9956,1.0003
Cotton,117.6,14.93,0.996,1.0002,1.0028
Cotton,106.6,7.69,0.9985,1.0033,0.997
Cotton,63.9,2.91,1.0001,1.0037,1.0027
Cotton,196.0,16.33,0.9987,0.9969,0.9976
Cotton,159.0,5.33,1.0032,1.0006,0.9969
Cotton,166.3,2.15,1.0011,0.9943,0.9956
Cotton,112.8,15.22,0.9989,1.0006,0.9978
Cotton,173.1,3.85,1.0031,0.9941,1.0026
Cotton,165.9,10.59,1.0026,1.0002,1.0001
Cotton,189.5,13.19,0.9956,0.9953,1.0022
Cotton,136.7,5.66,0.9986,1.0038,0.9964
Cotton,82.1,10.55,1.0008,0.9956,0.9978
Cotton,114.9,17.25,0.9971,0.998,0.9948
Cotton,45.7,19.58,0.9987,1.0031,1.0034
Cotton,57.4,4.56,1.0031,0.9982,0.998
Cotton,100.8,4.09,1.0036,1.0042,1.0029
Cotton,88.1,5.76,0.9984,1.0017,0.9963
Cotton,142.8,11.82,0.994,1.0025,0.995
Cotton,105.6,13.66,0.9966,0.9983,1.0035
Cotton,186.1,16.23,1.0027,1.0021,0.9963
Cotton,146.5,14.69,0.9944,0.9946,1.002
Cotton,187.5,10.98,1.0034,0.9944,0.9996
Cotton,161.5,3.06,0.9959,0.9955,0.9968
Cotton,159.6,2.62,0.9958,1.0033,0.9959
Cotton,137.6,10.26,0.9981,0.9981,0.9946
Cotton,133.3,9.29,1.0008,0.9951,1.0016
Cotton,184.2,6.13,0.9956,1.0007,0.9983
Cotton,91.1,16.27,0.9957,0.9979,1.0038
Cotton,166.0,2.28,1.003,1.0011,1.003
Cotton,123.8,9.35,1.0003,1.001,1.0016
Cotton,123.3,11.75,1.0012,0.9961,1.0023
Cotton,130.8,4.23,1.0024,1.003,1.0008
Cotton,47.4,6.38,1.0005,1.0039,0.9975
Cotton,49.2,3.09,0.9949,0.9957,1.003
Cotton,193.5,14.17,0.9974,0.9995,0.9956
Cotton,50.6,17.24,0.9987,0.9962,1.0037
Cotton,170.9,16.6,0.9939,0.9984,1.0028
Cotton,55.9,12.77,0.9997,0.9977,0.9978
Cotton,135.1,10.56,1.0037,0.9982,0.9979
Cotton,80.5,2.41,1.0001,0.9993,1.0041
Cotton,132.0,5.7,0.998,1.0032,0.9976
Cotton,133.1,2.93,0.9984,1.0039,1.0013
Cotton,128.0,19.93,1.0036,0.9961,0.9956
Cotton,49.3,13.44,1.0036,0.9957,0.9953
Cotton,83.5,3.61,0.9956,0.9987,1.0035
Cotton,160.5,17.86,0.9961,0.9958,0.9964
Cotton,151.6,1.24,0.9954,1.0031,1.0031
Cotton,186.6,8.5,1.003,0.9987,0.9947
Cotton,71.3,15.83,0.9946,0.996,0.997
Cotton,172.0,15.39,0.9962,0.9963,0.9981
Cotton,166.0,16.46,0.9984,0.9942,1.0016
Cotton,135.2,14.9,1.0005,1.0005,1.0008
Cotton,130.3,11.17,1.0005,1.0034,0.9985
Cotton,97.2,9.93,0.9949,0.9999,1.0033
Cotton,177.1,10.25,0.995,0.9943,1.0004
Cotton,60.3,6.55,1.0016,0.995,1.0031
Cotton,148.8,17.77,0.9975,0.9948,1.0009
Cotton,168.4,15.33,1.0008,0.9989,1.0031
Cotton,78.2,9.78,1.0043,0.9981,0.9964
Cotton,88.9,17.82,0.9987,1.0026,1.0043
Cotton,130.7,4.94,0.996,1.0043,0.9987
Cotton,153.1,15.32,1.0009,0.9999,0.9972
Cotton,61.5,11.56,0.9957,1.0002,1.0026
Cotton,116.9,4.62,0.9982,0.9964,1.0012
Cotton,58.3,16.85,1.0001,0.9989,0.9948
Cotton,180.4,15.01,0.9939,0.9956,1.0026
Cotton,89.9,18.37,1.002,0.9968,0.9996
Cotton,132.4,12.0,0.9948,0.9951,0.9985
Cotton,128.4,4.55,0.9951,0.9963,0.9969
Cotton,150.2,14.68,0.9973,1.0022,1.0039
Cotton,199.4,1.06,0.9984,0.994,0.9995
Cotton,186.2,18.15,0.9991,1.0003,0.9998
Cotton,164.7,8.59,1.0017,0.9986,0.9991
Cotton,149.7,8.88,1.0017,0.9965,1.0035
Cotton,168.0,18.33,0.9972,1.0,1.0021
Cotton,123.9,15.06,0.9969,0.996,1.0032
Cotton,129.1,7.4,0.9961,1.0028,0.9962
Cotton,35.9,7.22,0.9955,0.9978,1.0007
Cotton,65.4,14.09,0.9957,1.0021,1.0038
Cotton,46.9,12.34,0.9997,0.9982,1.0015
Cotton,196.1,16.33,0.9976,0.9977,0.9972
Cotton,132.9,18.91,0.9973,0.9944,0.9947
Cotton,70.3,17.78,1.0035,0.996,0.9971
Cotton,101.4,14.34,1.0027,1.0023,0.9991
Cotton,193.3,1.75,1.0008,1.0028,1.0022
Cotton,59.3,13.03,1.0001,0.9961,0.9955
Cotton,40.7,16.06,0.9999,1.001,1.002
Cotton,157.5,7.71,1.0025,1.0009,1.0015
Cotton,174.8,7.08,0.9952,1.0022,0.9947
Cotton,57.4,15.23,1.0041,0.9989,1.0022
Cotton,114.7,16.52,0.9948,0.9974,1.0027
Cotton,65.0,19.82,0.9955,0.9947,0.9999
Cotton,98.5,19.51,0.9948,0.9987,1.002
Cotton,162.8,12.05,0.9964,1.0023,0.9943
Cotton,168.4,11.12,0.9988,0.9942,1.001
Cotton,80.6,19.08,1.0015,1.0013,1.0036
Cotton,51.9,10.52,0.9978,1.0018,0.995
Cotton,44.8,1.87,1.0001,1.0046,0.9955
Cotton,137.8,9.94,0.9985,1.0022,0.9961
Cotton,159.1,6.35,1.0,0.9989,1.0033
Cotton,31.8,13.63,1.0044,0.9976,1.0012
Cotton,142.9,5.86,1.0013,0.9973,0.9956
Cotton,37.4,7.86,1.0035,1.0029,0.9978
Cotton,97.2,2.25,1.0008,0.9957,0.9958
Cotton,87.2,7.35,1.002,1.0003,0.9959
Cotton,152.5,15.44,1.0038,1.0009,0.9953
Cotton,69.4,19.24,0.9987,1.0032,1.0014
Cotton,52.2,2.62,0.9986,1.0027,1.002
Cotton,166.1,12.4,1.0013,1.0034,0.9995
Cotton,151.6,18.22,1.002,0.9989,0.9987
Cotton,104.5,8.05,0.995,0.9995,0.9991
Cotton,43.0,16.01,1.0007,0.9956,1.0044
Cotton,67.9,9.67,1.001,0.9963,0.9974
Cotton,111.0,1.74,0.9981,1.0004,0.9977
Cotton,155.7,8.79,0.999,1.0024,1.0006
Cotton,164.4,16.74,0.9959,0.9951,0.9995
Cotton,146.6,10.47,1.0037,1.0007,1.0019
Cotton,153.7,1.76,1.0003,1.0022,0.9977
Cotton,112.4,7.06,0.9976,0.9964,1.0001
Cotton,160.4,11.25,0.9971,1.0007,1.0012
Cotton,35.6,18.11,1.003,1.0008,1.0024
Cotton,129.2,9.51,1.0009,0.9975,0.9946
Cotton,99.8,10.81,1.0028,1.0034,0.9946
Cotton,196.1,15.04,1.003,0.9944,0.9972
Cotton,108.0,13.48,0.9961,1.0013,0.9978
Cotton,146.0,7.62,0.9974,0.9964,0.9974
Cotton,78.0,15.43,0.9948,1.0021,1.0037
Cotton,150.4,13.87,0.9984,1.0011,0.9991
Cotton,119.4,19.47,0.9999,1.003,1.0006
Cotton,182.6,3.57,1.0035,0.9951,1.0033
Cotton,155.8,9.66,0.9953,1.0008,1.0034
Cotton,33.7,15.37,0.9978,1.0024,0.9954
Cotton,51.2,4.3,0.9988,1.0017,0.9985
Cotton,113.6,14.16,1.0031,0.9971,1.0037
Cotton,33.9,14.19,0.9979,0.9991,0.9996
Cotton,118.7,5.89,0.997,1.004,0.9957
Cotton,79.7,16.65,1.004,0.9951,0.9971
Cotton,123.3,9.93,0.9953,0.9945,0.9955
Cotton,108.7,15.79,0.9965,0.9959,0.999
Cotton,38.0,6.42,0.9978,1.0028,0.9952
Cotton,71.5,6.85,0.9984,0.9989,1.0
Cotton,198.6,17.62,0.9999,0.9962,1.0017
Cotton,145.5,15.34,1.0003,0.9947,1.0021
Cotton,68.7,19.67,1.0025,0.999,1.0004
Cotton,155.9,18.74,0.9995,0.9966,1.0023
Cotton,57.3,9.88,0.9975,1.0,0.9958
Cotton,188.9,4.64,0.9946,0.9982,1.0037
Cotton,71.7,5.7,1.0028,1.0039,1.0016
Cotton,168.7,2.84,1.0018,0.9958,0.9978
Cotton,43.7,16.52,0.9952,0.9972,0.9971
Cotton,159.0,6.15,1.0012,0.9957,1.003
Cotton,167.0,9.91,0.9941,1.0021,1.0037
Cotton,147.1,4.99,0.9955,0.9952,1.0007
Cotton,56.3,3.35,1.003,0.9974,1.0012
Cotton,49.3,16.88,1.0036,1.0011,0.9949
Cotton,32.0,2.95,1.0023,1.0015,0.997
Cotton,163.3,7.85,0.9952,0.9948,1.0008
Cotton,75.0,13.29,0.9987,1.0039,1.0011
Cotton,190.9,15.22,0.9971,0.9957,0.9964
Cotton,53.1,15.72,0.9958,1.003,0.9957
Cotton,146.5,13.69,1.0001,1.0013,0.9972
Cotton,154.9,8.85,1.0009,0.9995,1.0026
Cotton,86.0,4.98,1.0022,1.0046,0.9978
Cotton,195.1,8.63,0.9948,1.0002,0.9975
Cotton,120.8,6.12,1.0004,1.0026,1.001
Cotton,194.5,4.48,0.9955,0.9958,0.9995
Cotton,130.8,16.68,0.9991,1.0011,1.0036
Cotton,155.3,12.94,1.0026,0.9958,0.9992
Cotton,87.1,18.6,0.9993,0.9949,0.9994
Cotton,143.2,2.67,1.001,1.0032,1.0025
Cotton,167.4,7.85,1.0017,1.0023,1.0032
Cotton,90.9,6.33,1.0015,0.9995,0.9994
Cotton,78.5,18.29,1.0,0.9972,1.0003
Cotton,35.8,9.12,1.0029,0.9954,0.9949
Cotton,126.6,17.6,1.0033,0.9981,0.9996
Cotton,51.4,15.09,0.9992,1.0028,1.0027
Cotton,114.5,12.28,1.0021,1.0025,1.0
Cotton,183.5,17.44,1.0,0.9976,0.9996
Cotton,53.8,1.42,1.0033,0.9951,0.9965
Cotton,91.3,16.39,0.9979,0.9964,0.9988
Cotton,45.7,9.25,1.0005,1.0047,1.0033
Cotton,168.4,3.69,1.0002,0.9966,0.9944
Cotton,125.8,8.55,0.9956,1.001,1.0033
Cotton,47.7,10.06,0.9968,1.0017,1.0025
Cotton,67.0,8.06,1.0011,0.997,1.0015
Cotton,147.7,12.11,0.9964,1.0005,0.9992
Cotton,120.3,19.01,1.0034,0.9988,0.9999
Cotton,56.4,18.57,0.9988,1.0025,0.9996
Cotton,184.8,11.83,1.0008,0.9972,1.0018
Cotton,132.8,15.22,0.9976,1.0004,1.0026
Cotton,154.6,17.64,0.9955,1.0013,1.0012
Cotton,113.8,17.61,1.0009,1.0029,1.0023
Cotton,104.7,3.02,0.9968,1.0031,1.0039
Cotton,77.6,1.45,0.9968,1.0044,0.9987
Cotton,143.2,3.46,0.998,0.9989,1.0035
Cotton,76.0,1.58,1.0014,1.0045,0.9975
Cotton,186.9,7.39,0.9973,0.9947,0.9994
Cotton,69.3,2.51,0.996,0.9949,0.9948
Cotton,53.1,17.52,0.9959,1.0019,0.9962
Cotton,111.1,13.35,1.001,0.9978,0.9979
Cotton,164.8,18.71,1.0034,1.0034,0.9983
Cotton,188.3,8.98,0.9984,0.9966,0.9959
Cotton,65.7,14.29,0.9967,1.0022,1.0028
Cotton,199.1,9.68,1.0008,0.9951,0.9982
Cotton,193.8,12.55,1.0012,0.9995,0.9945
Cotton,192.9,3.27,0.9938,0.9977,0.9988
Cotton,158.6,2.29,0.996,1.0005,0.9967
Cotton,199.4,10.92,1.003,0.9994,1.0016
Cotton,195.1,18.6,0.9967,1.0024,0.9943
Cotton,183.4,10.05,0.9947,0.9941,0.9957
Cotton,125.3,11.63,0.9948,0.9988,0.9946
Cotton,167.7,19.77,0.9941,1.0001,1.0022
Cotton,109.4,17.15,1.0032,0.9954,0.9956
Cotton,111.0,4.66,1.0039,1.0039,1.0019
Cotton,117.9,1.98,1.0042,0.9961,1.0014
Cotton,143.9,19.96,0.9999,1.0023,1.001
Cotton,119.3,8.83,1.0014,0.9944,0.995
Cotton,55.6,1.52,1.0014,0.9996,1.0036
Cotton,190.4,3.3,0.9995,1.0015,0.9967
Cotton,60.6,12.33,1.0011,0.9979,0.9988
Cotton,36.4,5.46,0.9956,0.9982,1.0011
Cotton,162.6,12.85,1.001,1.0035,0.9951
Cotton,91.3,16.0,0.9946,0.9961,0.9946
Cotton,189.1,10.99,0.9941,0.9982,0.9938
Cotton,132.9,18.84,0.9986,0.9943,1.0037
Cotton,154.8,3.31,0.9962,0.9944,0.9987
Cotton,136.3,9.04,1.0006,0.9994,1.0021
Cotton,85.2,13.97,0.9978,1.0044,1.0004
Cotton,127.8,2.84,0.9976,0.9974,1.0027
Cotton,104.4,18.12,0.9981,1.0006,1.0011
Cotton,51.7,4.38,0.9991,0.9982,1.0002
Cotton,51.2,15.58,0.996,0.9978,1.0043
Cotton,68.4,11.52,1.0022,0.9979,0.9951
Cotton,192.3,5.93,0.9976,0.9949,1.0027
Cotton,74.3,4.67,0.9976,1.0034,1.0033
Cotton,183.7,3.03,1.0016,1.0032,1.0012
Cotton,180.7,9.53,1.0033,0.9983,1.0029
Cotton,125.2,17.66,0.9982,0.9993,1.0025
Cotton,189.1,18.07,1.0029,0.999,0.9981
Cotton,135.5,19.2,0.9948,0.9981,1.0022
Cotton,104.2,13.18,1.0041,0.9973,0.9953
Cotton,106.1,5.49,1.0002,0.9999,1.0034
Cotton,66.8,9.98,0.9953,0.9963,1.0004
Cotton,179.4,3.08,1.0012,0.9976,1.0007
Cotton,118.7,3.8,1.0033,1.0043,1.0043
Cotton,104.6,1.28,0.9989,0.9975,0.9994
Cotton,130.2,8.39,0.9948,0.9994,0.9988
Cotton,97.0,12.02,1.0042,1.0035,1.0035
Cotton,53.7,1.95,1.0045,1.0026,1.0045
Cotton,143.6,19.02,0.9954,1.0036,1.0037
Cotton,162.0,3.24,0.9976,1.0031,1.0041
Cotton,198.1,3.93,0.9961,0.9941,1.0017
Cotton,107.8,10.61,1.0001,1.0023,0.9956
Cotton,69.8,14.41,0.9963,1.0024,0.9984
Cotton,31.2,11.25,1.0021,0.9949,1.0036
Cotton,185.9,16.41,0.9956,1.0003,0.9942
Cotton,192.1,1.59,1.0027,0.9966,1.0022
Cotton,195.8,16.61,0.9974,1.0002,0.9949
Cotton,117.6,9.24,1.0036,0.9971,1.0033
Cotton,132.4,17.32,1.0026,1.0022,1.0023
Cotton,34.7,10.47,0.9952,0.9953,0.9998
Cotton,189.6,2.89,0.9965,0.9963,1.0027
Cotton,35.3,1.97,0.9977,1.0009,1.0023
Cotton,142.3,19.84,1.0027,0.9969,0.9979
Cotton,104.4,13.55,1.0006,1.0029,0.9982
Cotton,115.6,14.35,0.9985,1.0031,1.0034
Cotton,181.6,14.45,1.0015,1.0022,1.0012
Cotton,73.3,8.12,0.9996,0.999,0.9999
Cotton,79.4,11.25,0.9995,0.9953,0.9963
Cotton,116.0,17.77,1.0004,0.9968,1.0015
Cotton,132.7,10.51,0.9958,0.9963,0.9968
Cotton,127.2,2.56,0.9959,0.9965,0.9966
Cotton,177.8,16.86,0.9988,1.0022,1.003
Cotton,50.9,11.7,0.9949,0.9994,1.0029
Cotton,66.0,19.43,1.0011,0.9946,1.0017
Cotton,191.2,5.91,1.0014,0.9981,1.0031
Cotton,112.1,7.9,1.0026,0.9971,1.0018
Cotton,109.0,14.22,0.9981,0.9973,0.9985
Cotton,130.1,5.38,0.9951,0.9953,1.0012
Cotton,155.6,8.04,1.0005,0.999,1.002
Cotton,143.5,9.55,1.0022,1.0035,1.0024
Cotton,152.3,8.31,1.0026,0.999,0.9981
Cotton,125.6,3.39,0.9993,1.0018,0.9978
Cotton,138.9,12.14,0.9971,1.003,1.0034
Cotton,42.0,7.91,0.9977,1.0011,1.0
Cotton,120.0,12.27,0.9992,1.0043,0.999
Cotton,80.8,6.24,0.9963,0.999,1.0015
Cotton,124.2,14.15,0.9982,1.0003,1.0002
Cotton,121.2,15.89,0.9964,0.9995,1.0021
Cotton,76.9,2.17,1.0027,0.9961,0.9989
Cotton,193.2,4.84,0.994,0.9955,1.0026
Cotton,73.7,2.06,0.9956,1.0017,1.0048
Cotton,169.5,5.54,1.0021,1.003,0.9952
Cotton,49.0,17.51,0.9972,0.9949,0.9982
Cotton,115.3,7.14,0.9995,0.9976,0.9958
Cotton,79.2,3.92,0.9986,0.9981,0.9975
Cotton,100.1,9.69,0.9969,0.999,1.004
Cotton,65.9,2.38,0.9993,1.0005,1.0003
Cotton,140.5,9.67,1.0033,1.0008,0.9975
Cotton,194.7,19.15,1.0024,0.998,1.0024
Cotton,141.7,4.86,1.0025,1.0014,1.0
Cotton,150.8,15.15,0.9982,0.9966,0.9987
Cotton,120.8,3.68,1.0038,0.9983,0.9949
Cotton,50.9,12.68,1.0005,0.9959,1.0029
Cotton,154.9,3.45,1.0026,1.0035,0.9973
Cotton,110.0,14.37,0.9959,0.9963,1.0024
Cotton,146.3,11.2,0.9953,0.9994,0.9978
Cotton,49.9,19.36,0.9991,0.999,1.0003
Cotton,172.5,17.84,0.9941,1.002,0.9939
Cotton,141.3,18.68,1.0024,1.0022,1.0001
Cotton,39.9,15.95,1.0009,1.0033,1.0021
Cotton,176.9,16.9,0.9954,1.0034,0.9983
Cotton,47.1,3.44,1.0026,1.0029,1.0012
Cotton,127.3,13.04,1.0031,1.0016,0.9981
Cotton,170.5,16.49,1.0009,0.9981,0.9957
Cotton,36.1,8.42,0.9991,0.997,1.0028
Cotton,132.3,19.72,0.9975,0.9994,0.997
Cotton,154.4,8.28,0.9972,1.0009,0.9951
Cotton,77.0,5.47,1.0011,0.9978,1.0041
Cotton,131.2,11.01,0.9969,1.001,1.0032
Cotton,40.4,17.8,0.9999,0.9966,1.0042
Cotton,38.4,6.32,0.995,1.0044,1.0009
Cotton,155.4,5.69,0.9958,0.9947,1.0
Cotton,189.8,11.74,1.0014,0.9941,0.9964
Cotton,30.7,18.63,0.9967,0.995,1.0009
Cotton,109.6,2.83,1.0,0.9969,0.9978
Cotton,147.2,18.84,0.9951,1.0027,0.9987
Cotton,139.3,10.3,0.9976,0.9968,0.9982
Cotton,104.4,9.43,0.9991,0.9967,0.9977
Cotton,124.8,3.03,0.999,0.9954,1.0035
Cotton,99.1,3.01,1.0034,0.9971,0.9968
Cotton,161.2,15.15,0.995,0.9966,0.9986
Cotton,38.7,3.64,0.9956,0.9955,1.0013
Cotton,65.3,5.84,1.0032,1.0011,1.0004
Cotton,104.2,9.98,1.0029,0.9999,1.0006
Cotton,180.5,10.58,1.0026,1.002,0.9986
Cotton,66.6,17.81,1.0001,1.0029,1.0006
Cotton,132.6,1.82,0.9988,0.9955,1.0004
Cotton,55.2,9.39,1.0007,1.0004,1.0026
Cotton,83.6,13.69,0.9953,0.9974,0.9963
Cotton,164.3,2.7,1.0034,0.996,0.9959
Cotton,171.6,14.42,1.0022,1.0011,0.9971
Cotton,45.1,1.07,0.9977,0.9974,0.9989
Cotton,179.0,8.45,0.9966,0.996,0.9955
Cotton,162.3,16.36,0.9979,0.9949,0.9954
Cotton,147.3,19.63,1.0009,1.0003,0.9986
Cotton,55.5,18.48,1.0041,0.9986,0.9996
Cotton,84.3,9.77,0.995,1.0009,1.0036
Cotton,186.4,18.51,0.9966,0.9985,0.9942
Cotton,185.7,4.58,1.0012,0.9961,0.9941
Cotton,130.0,18.09,1.0006,0.9963,1.0039
Cotton,88.2,14.89,0.9986,1.0041,1.0038
Cotton,180.4,6.39,0.9974,0.9981,0.9988
Cotton,124.0,6.87,0.9989,0.9947,0.9973
Cotton,166.6,13.12,0.9959,1.0011,1.0022
Cotton,90.1,15.99,1.002,0.9986,1.0031
Cotton,78.5,16.62,0.9951,0.9975,0.9986
Cotton,64.1,3.3,0.9979,0.9968,1.0045
Cotton,158.6,16.53,0.9989,0.9951,1.0012
Cotton,198.7,8.52,1.0002,0.9974,1.002
Cotton,91.4,12.02,0.9977,0.9986,0.9949
Cotton,187.9,18.51,1.0026,0.996,0.9959
Cotton,156.5,3.92,0.9997,0.9981,0.9969
Cotton,73.6,3.65,0.9948,0.9963,1.0044
Cotton,51.7,2.76,0.9975,0.9984,1.004
Cotton,137.8,16.94,0.9959,1.0005,0.9964
Cotton,97.4,1.86,0.9952,0.9961,0.9989
Cotton,66.4,4.51,1.0032,0.9952,0.9955
Cotton,164.3,3.95,0.9998,0.9956,0.9943
Cotton,162.5,7.87,1.0014,0.9972,1.0039
Cotton,62.3,3.9,1.0008,0.9985,0.9957
Cotton,198.2,13.67,1.0027,0.9994,1.0027
Cotton,124.7,1.49,1.0024,1.0012,1.0011
Cotton,167.7,4.76,0.9944,0.9995,0.9995
Cotton,66.1,19.98,0.9974,0.9996,0.9991
Cotton,136.0,1.96,1.004,0.9994,0.9975
Cotton,97.9,19.63,0.998,0.9975,0.9999
Cotton,103.3,14.0,0.9943,1.0041,1.0007
Cotton,65.8,8.76,0.9962,1.0015,0.9983
Cotton,153.9,11.06,0.9972,0.9959,1.002
Cotton,102.6,11.85,1.0023,0.9982,1.0001
Cotton,174.5,5.0,1.0029,0.9955,0.9985
Cotton,168.5,10.27,1.0001,0.997,1.0023
Cotton,100.2,11.27,1.0015,1.0016,0.9992
Cotton,39.3,13.96,0.9994,0.9967,1.0015
Cotton,71.0,13.12,1.0033,1.0044,0.9988
Cotton,47.9,7.72,1.0042,0.9978,1.0021
Cotton,95.7,11.39,1.0042,1.0032,0.9984
Cotton,115.4,11.43,1.0018,1.0018,1.0013
Cotton,192.5,18.91,0.9995,0.9954,1.0033
Cotton,132.7,19.71,1.0028,1.0017,1.0009
Cotton,165.4,13.35,1.0028,0.9976,0.9992
Cotton,102.6,14.44,0.9984,0.9953,1.0011
Cotton,76.4,17.15,1.0042,0.9968,1.0011
Cotton,177.7,11.34,0.9991,0.9951,0.9997
Cotton,62.4,9.91,1.0005,1.0028,1.0012
Cotton,164.3,4.87,1.0036,1.0001,1.002
Cotton,137.4,12.59,1.0021,0.9951,1.0009
Cotton,56.8,18.68,0.9948,0.9985,0.9955
Cotton,159.9,4.43,0.994,0.9957,1.0
Cotton,91.8,5.11,1.0038,0.997,1.0029
Cotton,138.3,14.03,1.0008,0.9971,0.9942
Cotton,124.1,2.51,0.9992,0.9963,0.9957
Cotton,131.1,9.1,0.996,1.0026,0.9961
Cotton,89.1,1.35,1.0031,0.9971,1.0013
Cotton,107.6,13.08,0.9983,1.0002,1.0013
Cotton,31.3,1.11,0.996,1.0008,1.005
Cotton,157.3,19.07,0.9975,0.9974,1.0035
Cotton,66.1,15.4,1.0039,1.0031,0.9999
Cotton,73.7,5.16,1.0033,1.0038,0.9995
Cotton,93.4,2.38,0.9974,0.9996,0.999
Cotton,49.6,9.84,1.001,1.0038,1.0017
Cotton,106.9,3.53,0.9958,1.0042,1.0036
Cotton,173.4,2.01,1.0001,1.0007,1.0014
Cotton,118.3,17.36,0.9995,1.0015,0.9971
Cotton,151.3,13.19,0.9957,0.9961,0.9952
Cotton,143.2,1.24,0.9979,1.0003,1.0014
Cotton,60.3,14.26,1.0001,0.9961,1.002
Cotton,89.6,14.52,0.9982,0.9981,1.001
Cotton,37.3,4.12,0.9971,0.9959,0.9996
Cotton,88.9,6.51,0.9998,1.0037,0.9968
Cotton,181.4,10.39,0.9939,1.0014,0.9947
Cotton,105.8,3.11,1.0025,1.0044,0.9992
Cotton,171.0,11.2,1.0011,1.0035,0.994
Cotton,84.4,7.33,0.9996,1.0034,1.0022
Cotton,103.5,5.44,0.9946,0.9962,1.0007
Cotton,80.8,10.18,1.0026,1.004,0.9967
Cotton,175.7,6.38,1.0005,0.9976,0.996
Cotton,133.4,6.34,0.9949,1.001,0.9946
Cotton,84.8,7.07,0.9998,0.9996,0.9963
Cotton,79.5,18.65,0.9988,0.9968,0.9994
Cotton,72.6,9.59,0.9995,1.002,1.0002
Cotton,153.4,19.93,1.0002,0.9979,1.0005
Cotton,171.2,7.46,0.9989,0.9972,1.0012
Cotton,31.3,10.45,0.9965,0.9965,1.0013
Cotton,196.9,5.61,1.0008,0.9993,0.9995
Cotton,50.0,14.1,1.0037,0.996,0.9983
Cotton,45.3,4.0,1.0031,0.9974,0.9992
Cotton,63.2,8.28,0.995,1.0036,1.0007
Cotton,91.9,4.4,0.995,0.9978,0.9953
Cotton,109.7,14.55,0.9969,1.0039,1.0024
Cotton,152.2,9.76,1.0006,0.9968,0.9976
Cotton,168.0,9.36,0.9981,0.9991,0.9981
Cotton,63.2,13.49,0.9962,1.0042,1.0026
Cotton,171.0,9.51,1.0004,0.9942,1.0003
Cotton,122.3,2.52,0.9968,1.0043,0.9997
Cotton,128.2,18.36,0.995,1.0017,1.0026
Cotton,169.6,7.37,0.9979,1.002,0.9981
Cotton,104.6,18.14,1.0,0.9977,0.997
Cotton,97.8,1.55,0.9994,1.0003,1.0025
Cotton,106.5,6.82,0.9951,1.0035,1.0032
Cotton,109.3,16.17,0.9955,0.9959,0.9964
Cotton,30.7,14.38,0.9983,0.9971,0.9993
Cotton,178.6,9.37,1.0003,0.9972,0.9958
Cotton,55.3,12.73,0.9982,1.0006,1.0016
Cotton,120.5,10.96,0.9998,1.0022,0.9979
Cotton,115.3,4.32,0.9989,0.9962,1.0006
Cotton,191.4,5.08,1.0009,1.0009,1.0028
Cotton,136.6,4.1,1.0032,0.9946,1.0025
Cotton,71.3,10.56,1.0012,0.9966,1.0007
Cotton,119.8,15.55,0.997,0.9971,0.9956
Cotton,107.3,12.13,0.9966,1.0016,0.9983
Cotton,145.1,3.49,0.9965,0.995,1.0016
Cotton,100.8,9.63,0.996,1.0042,0.9992
Cotton,86.7,19.63,0.9966,0.9968,0.9975
Cotton,30.5,8.42,0.9965,1.0034,0.999
Cotton,63.1,6.13,0.9953,0.9974,1.0035
Cotton,45.6,8.57,0.9967,1.0036,1.0047
Cotton,60.1,17.6,0.9967,0.9963,1.0033
Cotton,124.6,4.46,0.9965,0.998,0.9947
Cotton,76.9,7.91,1.0026,0.9958,1.0037
Cotton,140.9,6.82,0.9968,0.9972,0.9957
Cotton,43.2,9.88,0.9974,1.0006,0.9977
Cotton,126.5,10.08,0.997,1.002,0.9951
Cotton,124.2,14.65,0.9959,1.0005,0.9972
Cotton,70.4,3.08,0.9984,0.9964,0.9959
Cotton,196.4,8.75,1.001,1.0002,0.9955
Cotton,72.8,8.36,0.9964,1.0006,0.9997
Cotton,105.2,5.81,1.0017,0.9977,1.001
Cotton,135.7,11.04,0.999,1.0019,0.9999
Cotton,50.1,5.56,0.9948,0.9995,1.0029
Cotton,74.4,19.65,1.0009,1.0025,0.9967
Cotton,77.3,17.79,0.9962,1.0014,0.9968
Cotton,87.7,9.85,1.0034,0.9963,0.9978
Cotton,63.4,2.45,1.002,0.9957,0.9973
Cotton,196.5,18.18,0.9957,0.9984,1.0
Cotton,170.4,8.29,0.9955,0.9961,0.9945
Cotton,169.1,2.35,0.9966,0.9983,0.9984
Cotton,155.2,12.22,0.995,0.9943,1.0022
Cotton,131.1,8.85,1.0016,1.0034,1.0004
Cotton,179.8,3.79,1.0024,0.9947,1.0032
Cotton,131.6,14.3,0.9944,0.9976,0.9984
Cotton,174.4,6.06,0.9946,0.9998,0.9951
Cotton,183.1,7.05,0.9951,1.0038,0.9948
Cotton,37.5,18.29,1.0023,0.9966,1.0045
Cotton,58.1,18.64,1.0007,0.9988,1.0045
Cotton,176.2,19.28,0.9999,0.9949,0.9955
Cotton,124.2,17.88,0.9967,1.0012,0.9997
Cotton,54.0,1.7,0.9995,0.9988,0.9987
Cotton,132.8,13.1,1.0037,0.9993,0.9968
Cotton,35.5,2.17,0.9956,0.9958,1.0033
Cotton,53.2,8.45,1.0012,0.997,0.9997
Cotton,71.9,17.03,1.0036,0.9953,1.0043
Cotton,128.4,4.22,1.0013,1.0028,1.0018
Cotton,150.5,12.39,0.9985,0.9973,0.9988
Cotton,104.3,18.01,1.0032,1.0014,1.0004
Cotton,59.0,5.36,0.9982,0.9998,1.0005
Cotton,142.2,12.42,0.9993,1.0025,0.9981
Cotton,103.9,9.91,1.0015,0.9955,0.9981
Cotton,67.1,6.18,1.0014,0.9958,0.9948
Cotton,77.7,17.09,1.0001,1.0043,0.9979
Cotton,167.4,15.1,1.0024,0.9992,1.0016
Cotton,137.6,12.76,1.0037,0.9985,0.9943
Cotton,135.0,5.02,0.9973,0.999,1.0035
Cotton,32.9,10.24,1.0033,1.0028,0.9957
Cotton,45.1,6.53,0.9987,1.0015,0.9986
Cotton,172.5,6.43,0.9948,0.9943,1.0019
Cotton,175.3,7.56,0.9967,0.999,1.0038
Cotton,133.1,5.45,0.9982,0.9967,0.9959
Cotton,77.0,5.64,1.0024,1.0023,1.0041
Cotton,86.2,16.64,1.0016,0.9987,1.0013
Cotton,91.6,15.71,0.9989,0.9967,1.0032
Cotton,72.8,16.44,1.0025,0.9981,1.0037
Cotton,56.3,2.44,0.9965,0.9982,1.003
Cotton,123.6,6.52,0.9988,1.0003,1.0008
Cotton,44.0,10.34,0.998,0.9965,0.9964
Cotton,111.7,15.28,1.0033,1.0006,0.9999
Cotton,159.3,19.85,0.9969,0.9955,1.0017
Cotton,97.6,5.84,1.0032,1.0041,1.0002
Cotton,39.0,2.14,0.9972,1.0001,0.9976
Cotton,104.4,2.12,0.9971,0.9955,1.0003
Cotton,44.0,3.45,0.9963,1.0005,0.9981
Cotton,181.1,5.21,1.0007,0.9974,1.0011
Cotton,64.3,18.89,1.0032,0.9983,0.997
Cotton,57.4,6.4,0.9954,0.9961,0.9991
Cotton,58.5,6.15,0.9999,0.9962,0.9988
Cotton,71.8,6.01,0.9987,0.9954,1.0007
Cotton,119.3,4.59,0.9958,0.9962,0.9983
Cotton,89.4,12.46,1.0027,1.0011,1.0014
Cotton,37.0,2.95,1.0045,0.9956,0.9958
Cotton,180.3,8.31,1.0036,0.996,1.0022
Cotton,166.6,5.4,0.9989,0.9978,0.9969
Cotton,120.0,6.73,0.9985,1.0024,0.9987
Cotton,143.0,13.86,1.0002,1.0033,0.995
Cotton,110.1,11.51,0.9948,0.996,1.0035
Cotton,35.3,5.57,0.999,1.0022,1.0021
Cotton,100.2,18.85,1.002,0.9989,1.0029
Cotton,88.2,19.13,0.9981,0.998,0.9974
Cotton,135.0,2.11,0.9967,1.004,0.9955
Cotton,86.2,17.36,0.9969,0.9981,1.0018
Cotton,48.9,18.13,0.996,1.0009,1.0004
Cotton,93.1,5.47,0.995,1.0008,1.0021
Cotton,62.7,5.74,1.0012,1.0036,0.9968
Cotton,145.4,19.68,0.9969,1.0006,0.9971
Cotton,156.9,1.54,0.9943,0.998,0.9944
Cotton,53.6,16.12,0.9947,0.9991,1.0018
Cotton,84.4,19.98,1.0018,0.9974,1.0026
Cotton,111.2,3.99,1.0037,1.0035,0.9987
Cotton,78.6,19.7,1.0017,0.997,0.9958
Cotton,148.5,16.87,0.9996,0.9965,0.9958
Cotton,77.9,9.3,0.9978,0.9994,0.9963
Cotton,58.5,1.64,0.9971,1.0028,1.0044
Cotton,116.2,4.92,0.999,0.9956,0.9982
Cotton,60.7,6.02,1.0046,1.0004,1.0037
Cotton,130.6,17.92,1.0012,1.0037,0.9971
Cotton,132.6,19.08,0.9978,1.0014,1.0003
Cotton,41.4,14.43,1.0005,0.9979,1.0029
Cotton,141.7,6.57,0.9971,0.9968,0.9975
Cotton,70.5,12.1,0.9949,0.9954,0.9983
Cotton,81.5,3.97,1.0034,1.0032,1.0
Cotton,114.2,7.94,0.9969,1.0033,1.0023
Cotton,115.4,9.93,0.9991,1.0013,1.002
Cotton,51.2,14.01,0.9984,1.0041,1.0022
Cotton,134.7,15.32,0.9982,0.9956,1.0006
Cotton,88.4,1.84,0.9959,0.9997,0.995
Cotton,165.6,6.88,0.9946,0.9989,1.0012
Cotton,170.9,10.41,0.9964,1.0025,0.9944
Cotton,72.2,8.86,0.9968,0.9977,1.0021
Cotton,129.9,3.42,1.0011,0.9953,1.0033
Cotton,89.5,7.15,0.9963,0.998,1.0011
Cotton,152.0,14.52,1.0005,0.9961,0.9953
Cotton,125.5,8.59,1.0011,0.9994,1.0035
Cotton,193.1,13.92,0.9977,1.0026,0.9989
Cotton,116.4,7.6,1.0017,0.9955,0.9977
Cotton,172.1,13.87,0.9945,0.9981,0.9995
Cotton,129.0,6.73,0.9946,0.9967,1.0037
Cotton,70.6,5.77,1.0011,0.9981,1.0035
Cotton,83.3,14.22,0.9956,1.0036,0.9967
Cotton,129.8,8.89,0.996,0.9956,1.0034
Cotton,188.3,10.7,0.9973,0.9999,0.9945
Cotton,51.9,19.03,1.001,0.999,1.0003
Cotton,173.8,17.95,0.9991,1.0014,1.0026
Cotton,128.6,11.52,0.9994,1.0,1.0025
Cotton,136.7,19.82,1.0013,0.995,0.9983
Cotton,68.2,7.6,0.9996,0.9952,1.0018
Cotton,96.1,17.63,1.0042,0.9962,0.9978
Cotton,125.8,2.49,0.9968,0.9968,1.0039
Cotton,52.8,6.35,1.0006,1.002,0.9949
Cotton,112.9,4.87,0.9954,1.0005,1.0002
Cotton,115.4,9.08,0.9989,1.0012,0.9946
Cotton,119.1,13.68,0.9964,0.9982,0.9985
Cotton,55.5,4.66,0.9989,0.9983,0.9995
Cotton,139.0,7.7,0.9986,0.9982,1.0016
Cotton,58.3,12.55,0.9977,0.9954,1.0027
Cotton,179.6,16.92,1.0006,0.996,1.0012
Cotton,109.7,1.35,1.002,0.9976,0.9998
Cotton,150.6,6.79,1.001,0.998,1.0017
Cotton,85.2,13.99,0.9967,0.9979,0.9986
Cotton,49.7,10.78,1.0022,0.9949,0.9972
Cotton,195.9,1.06,1.0021,1.0025,1.0007
Cotton,152.4,7.26,1.0006,0.9983,0.9956
Cotton,41.4,7.36,1.004,1.0045,1.0036
Cotton,150.7,2.78,1.0034,0.9993,0.9951
Cotton,112.4,12.46,1.0023,0.9965,0.9983
Cotton,95.4,5.34,1.001,1.004,0.9976
Cotton,59.8,2.4,0.9973,0.999,1.0033
Cotton,128.9,6.32,0.9943,0.9964,1.0012
Cotton,133.9,14.63,1.0007,1.0002,1.0041
Cotton,35.2,5.27,0.9985,0.9984,1.0018
Cotton,143.3,3.05,0.9962,1.0014,1.0017
Cotton,51.4,14.1,1.0042,0.998,0.9992
Cotton,46.7,13.0,0.9952,1.0028,1.0026
Cotton,72.4,8.01,0.9996,1.0002,0.9992
Cotton,41.4,14.32,1.0024,0.9981,0.9976
Cotton,175.2,6.55,0.9992,0.9947,0.9976
Cotton,165.9,12.39,0.9988,0.9991,1.003
Cotton,184.6,18.23,0.9942,0.995,0.9996
Cotton,105.1,8.86,1.0001,0.9969,1.0017
Cotton,99.4,7.69,0.9986,0.998,0.9996
Cotton,199.2,19.22,1.0003,1.0017,0.9974
Cotton,172.7,13.45,1.0002,1.001,0.9995
Cotton,168.5,17.9,1.0032,0.9995,0.9995
Cotton,74.8,15.8,0.9964,1.0031,1.0027
Cotton,155.9,7.08,0.9988,1.0022,0.9982
Cotton,97.2,14.71,0.9967,0.9999,1.0029
Cotton,88.4,7.46,1.0023,1.0042,1.0037
Cotton,150.2,12.07,0.9948,0.9978,0.9976
Cotton,98.0,9.43,0.9963,1.004,1.0001
Cotton,140.7,15.08,1.0016,1.0037,1.0017
Cotton,158.6,8.29,0.9941,0.9953,1.0019
Cotton,44.8,13.11,0.995,0.9986,1.0004
Cotton,85.6,5.37,0.9949,1.0,1.0
Cotton,199.2,9.33,0.9935,0.9952,1.0028
Cotton,183.5,18.6,1.0006,0.9993,0.9992
Cotton,190.4,4.0,1.0013,0.9997,0.9982
Cotton,174.9,9.14,0.9959,0.9956,0.9941
Cotton,140.0,5.25,1.0019,0.9993,1.0042
Cotton,93.8,8.99,0.9945,1.0009,1.0003
Cotton,148.4,7.6,1.0006,0.9975,1.0023
Cotton,172.6,17.08,0.9995,0.9988,0.9942
Cotton,74.3,16.56,0.9965,0.997,0.9984
Cotton,153.4,1.11,1.0036,1.0042,0.997
Cotton,102.4,11.45,0.9997,1.0019,0.9969
Cotton,142.4,15.35,0.9991,0.9992,0.9994
Cotton,39.9,4.06,0.997,0.9959,1.0046
Cotton,166.1,9.03,1.0026,0.9953,0.9968
Cotton,114.2,10.66,0.9947,0.9947,0.9977
Cotton,38.8,1.27,0.9959,0.9979,0.9962
Cotton,83.6,15.96,1.0021,0.9946,0.9947
Cotton,185.8,13.76,1.0032,1.0031,0.9983
Cotton,118.2,18.83,0.9966,0.9987,1.0018
Cotton,69.4,6.87,0.9996,0.9972,0.9987
Cotton,127.3,16.59,1.0004,0.9945,1.0002
Cotton,47.8,3.04,1.0002,1.0043,0.9987
Cotton,41.5,5.16,0.996,1.0045,0.9984
Cotton,51.4,13.55,1.001,1.0013,1.0018
Cotton,90.9,2.29,0.9954,1.0037,1.0012
Cotton,63.4,7.71,0.9977,1.0022,1.0005
Cotton,58.2,11.97,0.9953,0.9965,1.0003
Cotton,135.6,15.03,0.9999,1.0015,0.9964
Cotton,161.2,5.69,0.9994,0.9986,0.9983
Cotton,109.6,17.2,0.9945,1.0007,1.0026
Cotton,173.1,10.95,1.0031,1.0029,1.0023
Cotton,182.0,15.84,1.0018,0.994,0.9959
Cotton,134.0,19.5,0.9994,0.9995,0.9969
Cotton,143.8,13.4,0.9942,0.9951,0.9961
Cotton,70.6,14.12,1.0002,0.9967,1.0008
Cotton,146.3,9.51,0.9941,0.998,0.998
Cotton,116.7,17.67,0.9988,0.9978,0.9973
Cotton,43.6,7.19,0.997,1.0031,0.9959
Cotton,168.2,10.68,0.9943,0.9984,0.9985
Cotton,173.2,10.37,0.9996,1.0038,1.0018
Cotton,168.2,11.61,0.9998,1.0016,1.0027
Cotton,40.0,3.97,1.0046,1.0048,0.9981
Cotton,104.4,1.64,0.9995,1.0021,0.9965
Cotton,145.5,1.25,0.9983,0.9981,0.9992
Cotton,112.0,12.3,1.0007,0.997,1.0003
Cotton,142.6,4.32,0.9974,1.0018,0.9989
Cotton,62.2,8.69,1.0004,0.9989,1.0042
Cotton,148.7,2.8,1.0016,0.9974,0.9988
Cotton,160.1,7.75,1.0011,1.0038,0.9971
Cotton,167.8,16.65,0.999,1.0037,0.9971
Cotton,152.5,13.44,1.0033,0.9998,0.9945
Cotton,49.1,10.89,1.0042,1.0024,0.9958
Cotton,49.1,14.98,0.9994,0.9972,0.997
Cotton,177.0,2.42,0.9984,0.9969,0.9983
Cotton,198.8,13.33,0.994,0.9978,1.0023
Cotton,198.3,1.18,0.9997,0.9959,1.0013
Cotton,198.7,17.33,0.9955,0.998,1.0006
Cotton,60.2,10.21,0.9998,0.999,0.9972
Cotton,136.4,15.18,1.003,0.9979,1.001
Cotton,175.2,15.77,0.9994,0.9963,1.0001
Cotton,180.6,3.63,1.0015,0.9985,0.9974
Cotton,83.9,17.73,0.9977,0.9992,0.9997
Cotton,192.0,3.54,0.9956,0.9994,1.0022
Cotton,64.4,4.16,0.9974,1.0016,1.0035
Cotton,54.7,2.68,0.9959,1.0001,1.0016
Cotton,161.4,14.59,1.0006,1.0031,0.9977
Cotton,189.0,19.21,0.9959,0.9979,1.0017
Cotton,192.0,19.96,0.9996,0.9939,1.0004
Cotton,88.6,19.88,0.999,1.002,1.0019
Cotton,148.2,8.85,0.9949,1.0041,0.9961
Cotton,50.9,12.6,0.9965,1.0005,0.9975
Cotton,161.2,14.54,0.9955,1.0036,0.9962
Cotton,116.8,14.25,1.0028,1.002,1.0029
Cotton,61.5,5.57,1.0005,1.0035,0.9957
Cotton,115.3,6.22,0.998,0.9951,0.9998
Cotton,57.9,11.24,1.0,1.004,0.9971
Cotton,74.4,1.07,1.0036,0.9982,0.997
Cotton,64.5,18.38,0.9995,0.9989,0.9965
Cotton,143.5,17.55,0.994,1.0039,0.9998
Cotton,158.4,19.07,0.9973,0.995,1.0022
Cotton,115.6,14.56,1.0007,0.9953,0.9958
Cotton,155.7,7.97,0.9992,0.9959,0.9995
Cotton,184.2,6.96,0.9966,1.0002,0.9969
Cotton,95.7,14.02,0.9996,1.0032,0.9998
Cotton,65.9,11.96,1.0031,1.0001,0.9964
Cotton,131.7,13.37,0.9969,0.9989,1.003
Cotton,66.3,4.98,0.9987,0.9972,1.0033
Cotton,79.9,1.8,0.9994,1.0022,1.0044
Cotton,55.9,15.62,0.997,0.9968,1.0035
Cotton,83.0,1.93,1.0029,0.9975,1.0036
Cotton,114.9,11.85,1.0005,0.9987,1.0043
Cotton,73.2,13.39,0.9967,1.0046,0.9949
Cotton,190.3,2.16,1.0032,0.9949,0.9981
Cotton,160.7,9.2,1.0037,1.0038,0.9993
Cotton,91.7,7.04,0.9952,1.0021,0.9999
Cotton,86.3,12.69,1.0037,1.0041,0.996
Cotton,182.2,7.69,1.0013,0.995,0.994
Cotton,83.1,9.11,0.9949,1.0019,1.0023
Cotton,157.1,15.06,1.0017,0.9958,0.9979
Cotton,31.0,8.96,0.995,0.9959,0.9975
Cotton,142.2,4.79,1.0024,1.0005,1.0034
Cotton,152.2,17.93,0.9951,0.9971,0.9947
Cotton,34.1,8.39,0.9998,1.0003,0.9981
Cotton,110.0,18.67,1.0026,0.9958,0.995
Cotton,89.4,17.62,1.0034,0.9972,1.0034
Cotton,161.6,11.87,0.9973,1.0015,1.0025
Cotton,32.4,2.45,0.9956,1.0042,1.0018
Cotton,158.5,12.71,0.9976,0.9957,1.0006
Cotton,34.3,7.58,1.0042,0.9952,0.9991
Cotton,105.6,5.8,0.9978,1.0038,1.0011
Cotton,162.0,10.49,0.9946,0.9986,1.0016
Cotton,90.7,14.98,0.995,1.0001,1.0024
Cotton,123.9,4.15,1.0018,1.0002,0.996
Cotton,169.5,4.42,1.0035,1.0031,0.9948
Cotton,163.6,4.44,0.999,1.0027,1.0009
Cotton,53.6,17.05,1.0033,1.0002,0.9958
Cotton,168.6,8.92,0.9981,0.9974,0.9945
Cotton,85.7,2.08,1.002,1.0046,0.9961
Cotton,157.5,12.4,0.9961,1.0001,0.9964
Cotton,72.0,19.32,1.0019,0.9982,1.0019
Cotton,58.6,5.76,0.9987,0.9963,1.0045
Cotton,125.4,10.61,0.997,0.9948,1.0034
Cotton,191.3,19.42,1.0017,0.9985,0.9976
Cotton,73.7,12.33,1.0005,0.9962,1.0019
Cotton,158.8,15.01,0.994,0.9963,0.9942
Cotton,99.9,5.84,0.9954,1.0001,1.0011
Cotton,171.0,12.22,0.9942,0.9971,0.9941
Cotton,195.7,15.33,0.9961,1.0004,1.0022
Cotton,142.3,7.36,0.9943,0.9974,0.9998
Cotton,184.9,9.87,0.9953,0.9945,0.9944
Cotton,73.0,5.89,1.0004,0.997,0.9958
Cotton,42.2,3.37,1.0043,1.0034,0.995
Cotton,64.1,5.87,0.9987,1.0016,0.9998
Cotton,77.1,19.01,0.9984,1.0013,0.9993
Cotton,65.4,6.58,0.9975,0.9985,0.9985
Cotton,30.8,3.57,0.9989,1.0023,1.0026
Cotton,174.7,16.1,0.9962,0.9953,0.9994
Cotton,122.3,4.67,0.9995,0.9965,1.0008
Cotton,90.5,17.29,1.0022,1.0012,1.0003
Cotton,77.9,6.82,1.0004,1.0024,0.9958
Cotton,33.1,8.52,1.0026,0.9982,1.0046
Cotton,93.5,14.11,0.9987,1.0001,1.0039
Cotton,189.0,5.12,1.0011,0.9982,0.9979
Cotton,119.0,9.74,0.9957,1.0027,0.9999
Cotton,72.2,5.64,0.9985,0.9974,1.0008
Cotton,179.5,10.79,1.0012,0.9961,0.996
Cotton,136.1,19.58,0.9963,0.9978,1.0015
Cotton,180.0,8.55,0.9989,0.9993,0.9974
Cotton,60.7,16.31,1.0029,1.0034,0.9975
Cotton,177.1,2.77,0.9964,1.0021,0.999
Cotton,152.4,9.65,0.9972,1.0014,0.9961
Cotton,177.8,9.54,0.9983,0.9967,0.9998
Cotton,134.7,11.94,0.9982,0.9996,1.0002
Cotton,92.0,16.05,1.0041,0.9978,0.9992
Cotton,106.6,12.58,0.9952,1.0037,1.001
Cotton,161.5,5.77,0.9974,0.9962,1.0031
Cotton,122.0,17.13,0.9999,1.0035,0.9994
Cotton,156.8,6.57,0.995,1.0009,1.0038
Cotton,83.3,12.87,0.9972,0.9967,0.9993
Cotton,151.3,4.07,0.9951,1.0011,1.0008
Cotton,116.1,13.57,1.0022,1.0011,0.9986
Cotton,186.9,12.18,0.9974,0.9989,0.9956
Cotton,99.7,6.86,0.9951,0.9949,0.9999
Cotton,86.4,19.94,1.0035,0.9986,1.0037
Cotton,48.8,3.76,0.9981,0.9996,0.9965
Cotton,171.4,11.51,0.9951,1.0017,1.0023
Cotton,58.3,10.32,1.0003,1.0011,1.0001
Cotton,92.4,13.32,0.997,1.004,1.0003
Cotton,136.2,8.68,1.0005,0.9972,1.0015
Cotton,89.1,19.99,1.0021,1.0032,0.9963
Cotton,151.3,2.17,1.002,0.9964,1.0033
Cotton,64.5,11.06,0.9983,0.9987,0.9996
Cotton,113.8,3.34,1.0019,1.0028,0.9971
Cotton,150.7,17.1,0.9965,0.9971,0.9941
Cotton,156.9,6.16,1.0018,0.9978,0.9946
Cotton,70.5,17.37,0.9957,1.0018,0.9977
Cotton,161.8,9.45,1.0038,0.9989,0.9999
Cotton,119.1,4.07,1.0017,0.9995,1.0034
Cotton,157.4,6.8,0.9985,0.9962,0.9968
Cotton,199.1,14.51,0.9991,1.0011,0.9951
Cotton,176.8,3.18,1.0024,1.0032,0.9989
Cotton,63.1,8.81,1.001,1.0035,1.0046
Cotton,105.7,18.85,0.9993,1.0027,1.0027
Cotton,149.4,18.86,1.0035,0.9965,1.0006
Cotton,184.7,18.29,1.0018,0.997,1.0034
Cotton,156.6,3.71,1.0005,1.0001,1.0022
Cotton,147.8,10.42,0.9952,0.9974,1.0013
Cotton,30.3,13.07,0.9995,1.0041,1.0018
Cotton,73.7,19.3,0.996,0.9983,1.0024
Cotton,37.9,3.3,1.0039,0.999,0.9989
Cotton,114.0,7.69,0.9991,1.0044,0.9988
Cotton,198.4,17.75,0.999,1.0007,1.0005
Cotton,47.4,9.17,1.0022,0.9981,0.9989
Cotton,165.4,6.62,1.0039,0.9987,0.9998
Cotton,133.3,1.45,0.9972,0.9995,1.0007
Cotton,112.8,14.67,0.9988,0.9957,1.003
Cotton,174.2,9.33,0.9952,0.9974,0.9964
Cotton,42.2,13.17,1.0046,1.0005,0.9979
Cotton,82.5,9.0,1.0034,0.9959,0.9988
Cotton,170.4,8.3,0.9985,1.0029,0.9956
Cotton,141.1,13.96,0.9983,0.9944,1.0011
Cotton,48.3,14.49,1.0017,0.9951,1.0028
Cotton,96.8,2.23,0.9971,1.0016,1.0033
Cotton,110.1,2.78,0.9958,1.0025,1.0013
Cotton,168.6,14.53,0.9975,0.9983,1.0036
Cotton,78.7,1.08,0.997,1.0011,0.9975
Cotton,136.6,13.39,1.0009,0.9983,0.9998
Cotton,67.6,5.25,0.9964,1.0044,1.0022
Cotton,185.3,9.86,1.0003,0.9975,1.0028
Cotton,70.8,19.37,0.9947,0.9979,0.9967
Cotton,49.7,8.19,1.0028,1.0034,1.0024
Cotton,185.1,11.64,0.9965,0.9972,0.9976
Cotton,99.5,6.99,0.9947,0.9946,1.0019
Cotton,143.2,19.65,0.9939,1.0037,0.9956
Cotton,190.9,1.69,0.9977,0.9989,1.002
Cotton,79.2,3.41,0.9966,1.004,1.0006
Cotton,172.4,19.38,0.999,0.9982,0.9955
Cotton,188.7,11.67,0.9995,1.0026,0.9963
Cotton,103.3,1.66,1.001,0.9979,0.9981
Cotton,92.3,10.17,1.002,1.0004,1.0021
Cotton,148.1,7.9,1.0027,0.9962,1.003
Cotton,72.6,7.36,0.9953,1.0045,0.9992
Cotton,63.6,15.54,0.9971,1.0033,0.9999
Cotton,33.4,2.26,1.0049,0.9992,0.9966
Cotton,63.6,6.11,1.0023,0.9987,1.0016
Cotton,43.1,3.83,1.0019,1.0041,1.0026
Cotton,72.2,16.44,0.9957,1.0013,0.9972
Cotton,179.4,9.54,1.0011,0.999,1.0037
Cotton,30.4,6.13,1.0018,0.9966,1.0021
Cotton,42.3,11.61,0.9975,1.0026,1.0003
Cotton,179.6,13.51,0.9961,1.0015,1.0033
Cotton,124.1,15.52,1.0027,1.0015,1.0016
Cotton,50.3,3.58,0.9989,0.996,1.0024
Cotton,132.3,1.16,0.9944,1.0029,0.9977
Cotton,122.1,12.26,1.0029,0.9976,1.0008
Cotton,198.2,1.79,0.9948,0.9941,0.9961
Cotton,151.1,1.48,1.004,0.9998,1.0017
Cotton,148.1,17.97,0.9972,1.0039,1.0011
Cotton,88.0,13.19,1.0016,1.0011,1.0026
Cotton,130.5,1.72,0.9961,0.9955,0.9968
Cotton,41.6,8.81,0.9989,0.9979,0.995
Cotton,53.3,13.09,0.9963,1.0043,0.9976
Cotton,103.1,9.51,0.9986,0.9971,0.9995
Cotton,55.3,14.02,1.0019,1.0004,1.0033
Cotton,97.4,4.02,0.9991,1.0027,1.0008
Cotton,170.0,15.89,0.9963,1.0029,1.0011
Cotton,131.8,17.1,0.9979,1.0028,0.9956
Cotton,71.6,2.5,1.0031,1.0022,0.9985
Cotton,194.7,7.73,1.0007,1.0025,1.0014
Cotton,96.4,10.33,1.003,0.9996,0.9955
Cotton,33.9,19.62,1.0009,1.0032,0.9977
Cotton,187.6,11.83,1.0011,0.9967,0.9948
Cotton,76.0,1.75,0.9986,1.0035,1.0018
Cotton,125.8,7.14,1.0022,0.9957,0.9956
Cotton,68.4,9.96,0.9961,0.9974,1.0019
Cotton,197.0,18.43,0.9971,0.9946,0.9955
Cotton,46.8,5.13,1.0035,0.9985,1.0033
Cotton,162.5,10.31,0.997,0.998,0.9991
Cotton,32.3,7.14,0.9999,1.0007,0.998
Cotton,193.9,10.84,0.9972,1.0001,1.003
Cotton,172.9,13.83,0.9984,0.9992,0.9995
Cotton,187.7,3.37,0.9954,0.9983,0.9978
Cotton,94.8,4.73,0.9982,1.0037,0.9987
Cotton,54.2,9.71,1.0016,0.9962,0.9989
Cotton,70.1,16.32,0.9992,0.9969,0.9971
Cotton,120.5,12.65,1.0002,1.0018,0.9977
Cotton,87.7,19.81,1.0026,1.0027,1.0022
Cotton,35.6,18.2,1.0025,1.003,1.0031
Cotton,182.0,1.34,1.0024,0.999,1.0008
Cotton,34.5,3.47,0.9979,1.0036,0.9951
Cotton,157.3,13.55,0.9995,0.9967,0.9963
Cotton,92.0,5.06,0.9955,1.0034,1.001
Cotton,148.4,12.8,0.9942,0.9963,1.0036
Cotton,155.1,3.35,0.9993,1.0026,1.0017
Cotton,194.3,17.28,0.9997,1.0026,0.9979
Cotton,112.7,15.15,0.9989,1.0008,0.9957
Cotton,38.8,18.61,0.9954,1.0035,0.9976
Cotton,123.7,10.68,0.9966,0.999,0.9999
Cotton,97.0,16.05,1.0007,0.9989,1.0015
Cotton,163.6,15.31,1.0002,0.9958,1.0033
Cotton,188.5,3.71,0.9969,0.9999,1.0034
Cotton,52.0,6.01,0.9984,1.0025,0.9996
Cotton,160.9,9.66,0.9964,0.9985,0.9975
Cotton,58.0,3.03,1.0028,1.0001,0.9983
Cotton,45.8,18.78,0.9974,0.9978,1.0046
Cotton,68.6,8.19,1.0,1.0005,0.9987
Cotton,160.2,10.29,1.0022,1.0028,0.9958
Cotton,163.2,15.4,1.0017,0.9968,0.9972
Cotton,147.0,14.15,0.9998,0.9997,0.9978
Cotton,115.5,12.29,0.9987,0.9991,1.0031
Cotton,128.0,19.09,1.0023,1.001,0.9959
Cotton,87.9,3.49,1.001,0.9962,1.0044
Cotton,83.9,8.74,1.003,1.0017,1.0016
Cotton,110.6,19.05,0.9982,1.0042,1.0007
Cotton,119.3,16.07,0.9993,1.0019,0.9994
Cotton,103.9,14.63,1.0017,0.9952,0.9966
Cotton,127.6,12.75,0.997,1.0006,1.004
Cotton,129.6,14.38,0.9947,1.0014,0.9976
Cotton,104.5,5.36,1.0008,1.0041,0.995
Cotton,135.2,9.75,0.999,1.0,0.9956
Cotton,144.7,10.6,1.0018,0.998,1.0025
Cotton,79.7,19.24,1.0038,1.0033,1.0012
Cotton,126.9,14.45,0.9996,1.0006,1.0023
Cotton,165.0,1.39,0.9995,1.0006,0.9944
Cotton,35.1,15.1,0.9965,1.003,1.0014
Cotton,131.3,8.51,0.9973,0.9975,0.9975
Cotton,87.8,5.81,1.0004,1.0022,0.995
Cotton,148.9,9.46,1.0003,1.002,1.0041
Cotton,32.4,10.71,0.9948,0.9975,1.0042
Cotton,117.5,10.19,0.9961,0.9959,0.9961
Cotton,175.8,18.1,0.9965,1.0036,1.0007
Cotton,193.0,9.05,1.0006,0.9951,0.9968
Cotton,117.8,17.22,1.0036,0.9977,0.9988
Cotton,129.7,3.95,0.9976,0.9962,0.9966
Cotton,184.7,4.91,1.0031,0.9972,1.0034
Cotton,108.8,13.83,1.001,0.9994,0.9965
Cotton,183.5,15.95,0.9948,1.0018,1.0015
Cotton,120.4,10.16,0.9947,1.001,0.9944
Cotton,150.5,12.22,0.9999,0.9967,0.9988
Cotton,111.2,12.96,1.0011,0.9962,0.9995
Cotton,192.4,8.85,1.003,1.0037,0.9998
Cotton,111.8,6.02,0.9983,1.0033,1.0043
Cotton,132.7,10.45,1.0008,0.999,1.0022
Cotton,182.6,15.25,0.9981,1.0013,0.9955
Cotton,160.6,8.0,0.9981,1.0007,0.9965
Cotton,198.2,1.96,0.9952,1.0015,0.9978
Cotton,198.1,18.43,0.997,0.9951,0.9972
Cotton,120.4,14.83,1.003,0.9992,0.9975
Cotton,31.8,19.42,1.0023,1.0022,1.0013
Cotton,59.9,14.08,1.0011,0.9977,0.9993
Cotton,95.6,19.0,0.9984,1.0012,1.0037
Cotton,61.2,8.2,0.9973,1.0017,1.0026
Cotton,64.8,8.69,1.004,0.9958,1.0004
Cotton,59.9,19.28,0.9989,0.9986,0.9975
Cotton,67.9,17.48,0.9949,0.9978,1.0008
Cotton,172.3,8.47,1.0037,0.9962,0.9942
Cotton,140.8,4.82,0.9956,1.0035,1.0022
Cotton,39.1,13.9,0.9986,0.9954,0.9999
Cotton,177.9,19.34,1.0016,1.0023,0.9943
Cotton,81.1,18.28,0.9955,0.9965,1.001
Cotton,160.1,17.95,0.9956,1.0033,1.0012
Cotton,157.3,19.88,1.0,1.0,0.9975
Cotton,57.2,18.52,1.0034,1.0023,1.0005
Cotton,128.7,11.34,0.9985,0.999,0.9949
Cotton,91.3,10.82,1.0003,1.0022,0.9993
Cotton,197.6,14.17,1.0026,0.9975,1.0013
Cotton,188.2,7.19,1.0007,0.9957,1.0021
Cotton,111.3,1.94,0.9957,0.997,1.0023
Cotton,170.3,5.03,0.9951,0.9992,0.996
Cotton,168.6,8.99,0.9954,0.9965,1.0016
Cotton,173.5,6.46,0.9974,0.9988,1.001
Cotton,156.1,19.83,0.999,0.9957,1.0002
Cotton,93.6,14.73,0.9979,0.9986,0.9953
Cotton,104.1,19.77,0.9978,0.9999,0.9958
Cotton,67.4,8.0,1.0035,1.0016,0.9979
Cotton,113.3,1.49,1.0043,0.9989,0.9946
Cotton,143.4,15.59,0.9994,1.0028,0.9959
Cotton,187.8,16.15,0.997,0.9952,1.0023
Cotton,119.6,10.46,0.998,1.0033,0.9979
Cotton,183.9,13.33,0.9965,1.0033,0.9979
Cotton,142.9,17.16,0.9989,0.9982,1.0008
Cotton,84.6,9.64,0.996,0.9998,0.9956
Cotton,31.7,19.33,1.0047,1.0043,1.002
Cotton,38.4,11.38,1.0041,0.9996,0.9988
Cotton,82.8,18.78,0.9979,0.9947,1.0012
Cotton,122.3,13.36,0.9973,0.9944,0.9943
Cotton,183.8,11.57,1.0004,0.9981,0.9998
Cotton,166.6,5.94,0.9989,0.9949,0.9962
Cotton,120.3,15.67,0.9996,0.9985,0.9962
Cotton,95.3,13.05,0.9982,0.9978,1.0038
Cotton,69.8,16.53,0.9989,1.002,0.9986
Cotton,68.9,19.1,1.0002,1.0032,0.9961
Cotton,177.1,14.16,1.0028,0.9956,0.995
Cotton,187.2,7.55,0.9954,0.9987,0.996
Cotton,180.6,10.48,0.9965,0.997,0.9971
Cotton,58.0,12.41,0.9947,1.0038,0.9947
Cotton,110.5,15.28,0.9945,0.9991,1.0034
Cotton,125.8,4.11,0.995,0.998,1.0003
Cotton,106.7,19.55,0.9982,0.9945,0.9996
Cotton,156.1,7.02,0.9951,0.9997,0.9985
Cotton,80.7,19.56,0.9967,0.9988,0.9965
Cotton,105.0,11.05,0.9978,0.9989,0.9974
Cotton,157.1,13.98,0.9973,1.0006,0.9976
Cotton,49.8,3.15,1.0012,1.0002,1.0045
Cotton,74.9,16.06,1.0005,0.9985,1.0037
Cotton,71.3,11.73,0.9964,0.9994,0.9994
Cotton,112.2,5.5,1.0008,0.9953,0.9967
Cotton,76.6,9.65,0.9982,1.0037,0.9953
Cotton,175.7,12.8,1.0029,1.0015,1.0022
Cotton,109.7,8.09,1.0003,1.0011,1.0029
Cotton,67.6,14.88,1.0027,0.995,1.0024
Cotton,186.1,7.15,0.9938,0.9968,1.0013
Cotton,104.5,8.22,0.9999,0.9973,0.9977
Cotton,126.4,11.86,0.9969,1.0035,0.9972
Cotton,51.4,13.5,1.0034,0.9958,0.996
Cotton,133.7,5.69,1.003,0.9949,1.0041
Cotton,99.1,5.5,0.9982,1.0025,1.0033
Cotton,92.6,18.95,0.9974,1.0035,1.0002
Cotton,122.1,11.84,1.0041,0.9959,0.9962
Cotton,149.7,12.29,1.0031,0.9994,0.9997
Cotton,159.9,7.18,0.9986,1.0006,0.9996
Cotton,162.3,15.95,1.0036,0.9986,1.0033
Cotton,72.1,12.17,0.9992,0.9968,1.001
Cotton,117.6,5.7,0.9987,0.9983,0.9947
Cotton,114.9,11.82,0.9992,1.0025,1.0037
Cotton,195.9,16.03,1.0009,1.0005,0.9966
Cotton,199.3,13.57,0.9978,0.9951,0.9977
Cotton,190.7,18.0,1.0007,1.0034,1.0011
Cotton,146.7,1.33,0.9986,0.9966,0.9961
Cotton,191.4,8.69,0.995,0.999,0.9973
Cotton,95.6,1.3,1.0008,1.0013,1.002
Cotton,102.3,3.3,0.9991,0.9978,1.0004
Cotton,172.8,19.19,1.003,0.9983,0.9966
Cotton,138.4,11.52,1.0012,1.0001,1.0027
Cotton,124.0,13.74,1.0039,1.001,0.9973
Cotton,114.1,14.52,1.0018,1.0012,1.0024
Cotton,92.0,15.09,0.9977,1.0007,0.9959
Cotton,118.7,17.54,1.0035,0.9946,0.9988
Cotton,148.7,1.46,0.9949,0.9962,0.9948
Cotton,133.0,9.52,0.9948,0.9956,0.9953
Cotton,96.0,5.6,0.999,0.9949,1.0039
Cotton,112.2,18.94,1.0035,0.9965,0.9999
Cotton,168.4,15.65,0.9948,1.0037,1.0011
Cotton,59.0,2.6,0.9995,0.9996,0.9949
Cotton,180.7,14.08,0.9992,1.0021,0.9991
Cotton,120.2,1.63,1.0,1.0013,0.9995
Cotton,196.2,9.08,1.0028,0.999,0.995
Cotton,105.3,4.78,0.9984,0.9979,0.9987
Cotton,188.8,10.02,0.9973,1.0032,0.9995
Cotton,106.3,5.63,1.0035,1.0024,0.9974
Cotton,167.9,7.05,1.0013,1.0004,1.0029
Cotton,111.8,13.52,0.9978,0.9945,0.9947
Cotton,85.8,16.68,1.0019,1.001,1.0018
Cotton,123.2,1.49,0.9998,0.9977,0.9977
Cotton,106.1,5.01,0.9993,0.9974,0.9981
Cotton,110.3,3.83,0.9997,0.996,1.0039
Cotton,32.8,6.44,0.9986,1.0028,1.0023
Cotton,189.2,6.76,0.9961,0.998,0.994
Cotton,144.1,9.13,1.0008,0.9953,0.9976
Cotton,92.3,8.27,0.9988,0.9969,0.9974
Cotton,149.8,9.37,1.0005,0.9946,0.9946
Cotton,171.0,7.38,0.9968,1.0035,0.9996
Cotton,53.4,12.9,0.9949,1.0035,1.0004
Cotton,145.9,18.61,0.9977,1.0001,0.9971
Cotton,71.1,9.3,0.9981,1.0016,1.0036
Cotton,170.1,18.96,1.0028,0.9961,1.0004
Cotton,65.9,5.13,0.9976,0.9962,0.9964
Cotton,91.7,15.65,1.0035,0.9954,0.9948
Cotton,154.0,5.48,0.9946,1.0018,0.9972
Cotton,139.3,4.5,0.9969,1.0007,1.0022
Cotton,137.2,14.49,0.998,0.9967,1.0002
Cotton,161.0,14.86,0.9963,0.9961,1.003
Cotton,150.7,1.35,1.0011,1.003,1.0015
Cotton,177.5,11.33,1.001,0.9989,0.9956
Cotton,83.8,6.73,1.0014,0.9984,1.002
Cotton,38.7,12.01,1.0042,0.9969,0.9998
Cotton,32.4,12.21,1.0045,1.0037,1.0045
Cotton,193.1,18.31,0.9944,1.0026,0.9959
Cotton,136.5,6.59,1.0002,1.0011,0.9998
Cotton,92.0,2.92,0.9971,0.9972,0.9987
Cotton,199.2,8.02,0.9958,0.9953,0.9973
Cotton,101.7,3.42,0.9985,0.9996,0.9985
Cotton,160.9,4.07,1.0015,1.003,0.9977
Cotton,114.7,15.17,1.0,0.9974,0.9971
Cotton,36.3,2.14,1.0006,1.0,1.0028
Cotton,50.4,18.17,1.0011,0.9956,0.998
Cotton,114.3,18.72,0.9945,0.9971,0.9981
Cotton,190.4,2.57,1.002,1.0016,0.9984
Cotton,182.4,7.33,1.0022,0.9966,0.995
Cotton,61.5,5.96,1.0044,1.0016,0.9998
Cotton,137.6,12.39,1.0019,1.0016,0.997
Cotton,197.6,5.88,1.0002,1.0022,1.0018
Cotton,49.5,5.16,1.0021,0.9995,0.9953
Cotton,131.1,10.22,0.9984,0.9945,0.9962
Cotton,123.1,4.65,0.9968,0.9983,0.9977
Cotton,58.0,18.08,1.0027,1.0013,0.9946
Cotton,166.3,6.35,1.0006,0.9972,0.9967
Cotton,159.7,6.13,1.0019,0.9985,0.9954
Cotton,89.9,6.37,0.9978,0.998,0.9955
Cotton,63.6,16.53,0.9988,0.9962,0.9955
Cotton,120.7,18.84,1.0027,0.9978,0.9949
Cotton,31.5,13.67,0.9975,0.9962,1.0045
Cotton,91.5,3.69,0.9994,0.9947,0.9987
Cotton,122.0,13.13,0.9992,0.997,1.003
Cotton,186.9,14.25,0.9979,0.9985,0.9953
Cotton,62.0,6.83,1.0016,0.9966,1.0009
Cotton,113.1,18.79,1.0014,0.9968,0.9983
Cotton,56.9,5.7,0.9963,0.9989,0.9993
Cotton,185.7,9.16,0.9965,1.0027,0.9972
Cotton,116.1,10.67,0.9955,1.0007,0.9973
Cotton,95.4,19.42,1.0006,0.999,0.9973
Cotton,146.6,19.54,0.9967,1.0001,0.9959
Cotton,42.4,8.92,0.9983,1.0037,0.9964
Cotton,177.3,14.83,1.0024,0.9979,0.9964
Cotton,168.5,19.31,0.9936,1.0007,0.9961
Cotton,140.4,18.05,1.0003,0.9962,0.9959
Cotton,62.5,8.54,1.0037,1.0018,0.9968
Cotton,48.2,9.55,0.9949,0.9972,0.9952
Cotton,65.3,13.93,0.9968,0.9966,1.0012
Cotton,165.2,13.63,1.0026,0.9949,0.9941
Cotton,97.7,6.31,1.0026,0.9961,0.9988
Cotton,121.4,17.51,1.0028,0.9965,0.9995
Cotton,147.8,18.37,1.0003,0.9977,0.9959
Cotton,48.8,6.24,1.0037,1.0038,1.0005
Cotton,122.5,2.79,0.9992,0.997,0.9953
Cotton,84.0,16.27,0.9946,0.9983,0.9987
Cotton,115.0,17.07,0.9965,0.9981,0.9949
Cotton,97.5,19.06,0.9983,1.0043,0.9961
Cotton,54.4,17.39,0.9995,1.0011,0.9959
Cotton,188.6,19.22,0.9944,1.0015,1.0036
Cotton,54.9,19.21,0.9988,1.0011,1.004
Cotton,162.0,7.41,1.0034,0.9953,0.9947
Cotton,79.1,2.47,1.0033,1.0032,1.0036
Cotton,114.4,13.38,0.9981,1.0014,1.0032
Cotton,40.9,11.72,1.0009,1.0012,0.9966
Cotton,192.5,11.09,0.9977,0.9975,1.0036
Cotton,66.5,11.49,1.0022,1.0002,1.0027
Cotton,188.6,3.16,0.9941,1.0035,0.9987
Cotton,63.3,10.98,1.0044,0.9955,0.9975
Cotton,63.6,1.34,1.001,1.0008,1.0044
Cotton,34.4,1.99,1.0034,1.0024,0.9989
Cotton,97.6,1.75,0.9946,0.9964,1.0012
Cotton,78.4,6.42,1.0029,1.0036,0.9992
Cotton,119.0,11.15,0.9995,0.9961,0.9966
Cotton,108.5,11.13,1.0032,1.0038,0.9959
Cotton,163.4,4.94,0.9953,0.9987,1.0009
Cotton,193.9,7.23,0.9939,0.9968,1.0006
Cotton,144.9,11.46,1.0035,1.0031,0.999
Cotton,180.2,6.54,1.0001,0.999,0.998
Cotton,82.9,12.4,0.999,0.9951,0.9993
Cotton,137.0,16.77,0.9957,1.004,1.0016
Cotton,66.8,8.81,1.0006,0.9999,0.9995
Cotton,89.6,19.58,1.0008,1.0009,0.9972
Cotton,186.1,11.34,0.999,0.9975,0.994
Cotton,156.1,15.21,1.0035,1.0002,0.9945
Cotton,62.0,9.43,0.9961,1.001,0.9955
Cotton,68.6,7.89,1.0005,0.9997,0.9975
Cotton,65.6,3.09,1.0023,1.0015,1.0006
Cotton,75.0,3.2,0.9955,0.9988,0.9956
Cotton,135.1,4.8,1.0034,0.9964,0.9962
Cotton,174.4,9.26,1.0036,1.0021,0.9978
Cotton,146.7,4.93,1.004,1.0017,0.9956
Cotton,95.7,16.92,0.9966,0.9956,0.9953
Cotton,38.9,11.44,0.9963,0.9959,0.9954
Cotton,44.6,9.53,1.0008,1.0006,0.998
Cotton,186.6,5.75,0.997,0.995,1.0006
Cotton,127.4,1.55,0.995,1.0034,0.9946
Cotton,173.1,15.38,0.9969,1.0016,1.0018
Cotton,69.6,7.8,1.0027,1.0047,0.9983
Cotton,92.7,9.97,0.9988,0.9982,0.9972
Cotton,70.8,18.96,0.9959,0.9964,1.0038
Cotton,119.6,15.38,0.9989,0.9953,0.9982
Cotton,85.5,9.05,0.9962,1.0004,1.0043
Cotton,92.3,9.47,0.9989,0.9954,0.9975
Cotton,37.5,9.95,0.9998,0.9968,0.9961
Cotton,114.3,13.96,1.0035,1.0028,0.9993
Cotton,164.7,15.6,0.9953,1.0038,0.9971
Cotton,109.0,18.34,1.0004,1.0034,1.0035
Cotton,131.1,14.57,0.998,1.0015,1.0028
Cotton,46.8,19.45,0.9978,1.0043,0.9956
Cotton,73.9,14.74,0.9956,0.9975,1.0026
Cotton,83.0,7.92,0.9976,0.9988,0.9968
Cotton,185.6,18.77,0.9978,1.003,0.9984
Cotton,173.1,14.57,0.9946,1.0028,0.9939
Cotton,99.7,12.35,0.9974,1.0039,1.001
Cotton,122.3,10.04,1.0023,0.9963,0.9944
Cotton,50.8,19.63,0.9955,0.9996,1.0034
Cotton,45.2,1.55,0.9959,1.0014,0.9953
Cotton,47.6,3.39,0.997,0.9971,0.9958
Cotton,191.9,13.0,1.0,0.9983,0.994
Cotton,71.5,7.04,1.0005,0.9983,1.0031
Cotton,74.1,1.58,1.0004,1.0014,1.0033
Cotton,188.1,18.31,0.9963,0.995,0.9977
Cotton,39.7,17.99,0.999,1.0029,0.9962
Cotton,79.5,3.34,1.0033,0.9968,1.0023
Cotton,59.3,19.25,1.0016,1.003,1.0029
Cotton,73.1,19.97,0.9976,0.9974,0.9984
Cotton,104.2,6.22,1.0019,0.996,0.9968
Cotton,173.3,13.24,1.0026,1.0027,0.9952
Cotton,42.5,2.51,1.0041,0.9975,0.9955
Cotton,118.1,19.04,1.0,0.9977,1.0005
Cotton,87.4,3.83,0.9974,1.0015,0.9986
Cotton,55.0,17.06,0.9995,0.9989,0.9979
Cotton,159.4,5.44,1.0034,1.0017,0.9969
Cotton,164.7,1.18,0.9943,0.9974,1.0024
Cotton,47.6,14.13,0.9968,1.0046,1.004
Cotton,47.7,5.25,1.0016,1.0013,1.0023
Cotton,164.3,13.02,1.0013,0.9941,0.9989
Cotton,131.8,13.99,1.0004,0.9996,1.0
Cotton,146.4,7.1,1.0015,0.9947,0.9998
Cotton,160.2,5.32,0.9941,0.9952,1.0009
Cotton,137.8,19.37,1.0003,0.999,1.0024
Cotton,70.9,6.08,0.9969,1.0046,1.003
Cotton,175.6,9.91,0.998,1.0,0.9943
Cotton,143.0,10.54,0.9976,1.0026,0.9978
Cotton,71.0,13.65,1.0029,0.9995,1.0032
Cotton,38.3,19.69,1.0026,0.9969,0.9948
Cotton,185.0,3.2,0.997,0.998,0.9997
Cotton,106.1,13.24,1.0016,0.998,1.0
Cotton,85.7,15.97,1.0038,0.9948,0.998
Cotton,186.7,3.91,0.9944,0.9966,1.0013
Cotton,96.4,10.6,0.9984,0.9966,1.0033
Cotton,133.0,17.94,0.9968,0.9984,1.0005
Cotton,45.4,7.58,0.9975,1.003,1.002
Cotton,186.8,13.09,1.0028,0.9976,1.0012
Cotton,117.2,17.95,1.0002,0.9994,0.9996
Cotton,155.1,13.47,0.9978,1.002,0.9949
Cotton,50.9,19.24,1.0028,0.9993,1.0004
Cotton,132.5,17.69,0.9954,1.0024,0.9957
Cotton,71.0,2.54,0.998,0.9996,0.9961
Cotton,30.4,14.11,1.0031,1.0,0.9982
Cotton,158.6,9.15,0.9981,1.001,1.0011
Cotton,192.9,5.96,0.9955,1.0018,0.9989
Cotton,150.4,4.58,0.9961,1.0007,0.9966
Cotton,113.3,5.83,1.0034,0.9955,1.0034
Cotton,152.8,1.23,0.9966,0.9946,1.0002
Cotton,182.4,5.96,0.9974,0.999,0.9946
Cotton,150.5,6.46,0.9974,1.004,1.0008
Cotton,199.4,3.58,1.0032,1.0018,0.9961
Cotton,177.9,13.18,1.0027,1.0025,0.9996
Cotton,91.0,17.12,1.0012,0.9994,1.0005
Cotton,194.5,12.53,0.9974,1.0005,0.9956
Cotton,65.8,12.11,0.9991,0.9969,1.0019
Cotton,46.9,19.26,1.0024,0.9954,1.0005
Cotton,44.5,7.09,0.9958,1.0037,0.9956
Cotton,141.5,1.96,0.9945,0.9976,0.9981
Cotton,160.0,1.84,1.0027,0.9982,1.0
Cotton,192.3,16.81,1.0015,1.0008,1.0024
Cotton,59.0,3.65,1.0021,0.9966,1.0034
Cotton,184.1,11.6,1.0014,0.9991,0.9971
Cotton,149.7,16.3,0.9944,1.0017,1.0017
Cotton,127.8,4.94,1.0026,0.9954,0.9992
Cotton,197.3,19.52,0.9989,0.998,0.9988
Cotton,111.6,4.22,0.9966,1.0044,0.9987
Cotton,190.9,11.52,0.9949,1.0003,0.9989
Cotton,134.9,16.38,0.9961,0.9948,0.9952
Cotton,69.4,18.58,1.0029,0.9976,1.0017
Cotton,122.6,15.95,1.0021,0.9997,0.9962
Cotton,138.5,19.71,0.9982,1.0015,0.9964
Cotton,51.0,5.24,0.9969,0.9955,0.9973
Cotton,75.3,4.21,1.0031,0.9978,0.995
Cotton,175.6,17.76,0.9937,0.997,0.9961
Cotton,90.5,13.35,0.9995,0.9958,0.9965
Cotton,74.8,14.75,1.0012,1.0024,0.9948
Cotton,124.4,4.4,1.0008,0.9967,1.0043
Cotton,39.9,18.68,1.0019,1.0001,0.9996
Cotton,130.6,11.51,0.9958,0.9977,0.9991
Cotton,90.2,9.83,1.0044,0.9988,0.9975
Cotton,84.6,17.15,1.0038,0.9967,0.9948
Cotton,161.2,8.25,0.998,1.003,0.9947
Cotton,181.3,14.26,0.9957,1.0029,0.9947
Cotton,127.4,19.75,1.0012,1.0011,1.0041
Cotton,198.2,12.22,0.9968,0.9959,0.9997
Cotton,113.3,14.8,1.0026,0.9969,0.9949
Cotton,112.9,12.83,1.0039,0.9945,1.0038
Cotton,112.6,12.99,0.9963,0.9985,1.0025
Cotton,128.7,17.7,1.003,0.9971,1.0033
Cotton,118.0,1.86,0.9958,0.9954,0.9963
Cotton,76.0,19.5,0.9974,0.9975,1.0
Cotton,188.4,5.63,0.9973,1.0018,0.9971
Cotton,160.5,18.96,1.002,0.9997,0.9999
Cotton,87.0,17.93,0.9982,1.0036,0.9988
Cotton,138.1,3.46,1.0023,1.0042,1.0034
Cotton,157.2,1.65,0.9975,0.9997,1.0009
Cotton,132.9,17.1,0.9971,1.0039,0.9973
Cotton,186.5,11.21,0.9992,1.0014,1.0017
Cotton,174.5,11.25,1.0017,1.0033,0.9966
Cotton,84.7,7.21,1.0016,1.0046,1.0021
Cotton,152.3,15.82,1.0021,0.9985,0.997
Cotton,61.5,19.42,0.9971,1.0039,1.0009
Cotton,183.7,19.5,1.0026,1.003,1.0003
Cotton,101.4,16.15,0.9971,1.0,0.9961
Cotton,49.9,8.48,0.9997,0.998,1.0021
Cotton,145.5,1.67,1.004,0.995,1.0032
Cotton,176.9,2.49,1.0026,0.9975,1.0004
Cotton,38.9,12.97,0.9949,0.9955,0.9973
Cotton,163.5,19.12,0.9972,0.9991,0.9939
Cotton,38.3,1.76,0.9979,0.9952,1.0021
Cotton,73.3,7.82,1.0008,0.9985,1.0026
Cotton,80.3,19.39,1.0025,0.998,0.9981
Cotton,33.2,19.88,1.0002,1.0008,1.0033
Cotton,97.4,3.56,0.9989,0.9952,1.0043
Cotton,120.2,14.24,1.0002,1.0017,0.9952
Cotton,116.2,4.24,1.0033,1.0024,0.9983
Cotton,60.1,13.5,0.9952,1.0014,0.9983
Cotton,86.1,1.43,0.997,0.9981,0.9949
Cotton,177.6,18.66,0.9942,0.9988,0.9945
Cotton,103.6,6.22,1.0039,0.9994,1.0022
Cotton,152.7,8.36,0.9958,1.0019,1.0023
Cotton,136.4,14.12,1.0029,1.002,0.9957
Cotton,72.1,12.09,0.9986,0.9952,0.9982
Cotton,193.8,2.89,0.9988,1.0031,0.9967
Cotton,130.9,6.37,1.0018,1.0008,1.0004
Cotton,159.0,5.77,0.997,1.0036,0.9996
Cotton,61.5,18.0,0.9952,0.9955,1.0026
Cotton,71.2,9.43,0.9959,1.0041,1.0015
Cotton,77.4,10.37,1.0017,1.0028,0.9962
Cotton,128.3,15.22,0.9973,1.0,1.0014
Cotton,75.2,16.85,1.0042,1.0037,1.0003
Cotton,82.0,17.89,1.0001,0.9976,0.9979
Cotton,159.3,11.34,1.0028,0.9964,1.0038
Cotton,128.6,13.24,0.997,1.0017,1.0022
Cotton,114.0,1.35,1.004,1.002,0.9993
Cotton,143.2,13.8,0.9987,1.0022,1.0027
Cotton,109.9,4.91,0.9997,0.9977,0.9972
Cotton,55.2,3.12,0.9958,1.0002,0.9961
Cotton,51.6,11.23,0.9992,0.9992,1.0028
Cotton,103.5,14.19,0.9983,0.995,1.0005
Cotton,130.0,12.43,1.003,0.9959,1.0026
Cotton,51.5,11.96,1.0012,0.9969,0.9992
Cotton,177.0,10.43,1.003,0.9941,1.0019
Cotton,101.5,17.29,0.9974,0.9956,1.0006
Cotton,173.8,9.29,1.0016,1.0019,1.0013
Cotton,140.9,16.66,0.9981,0.9946,0.9971
Cotton,77.2,9.46,1.0042,1.0038,1.0046
Cotton,76.2,7.75,0.9991,1.0031,1.0041
Cotton,39.4,19.42,1.0046,1.0022,1.0016
Cotton,91.2,19.29,0.9968,0.9972,1.0008
Cotton,163.3,14.15,1.0025,0.9972,1.0021
Cotton,52.5,8.4,1.001,0.9997,1.0043
Cotton,75.4,15.18,0.9972,0.9979,0.9979
Cotton,143.7,9.99,1.0034,1.0036,1.0009
Cotton,65.8,16.73,1.0014,1.0043,0.9946
Cotton,183.8,7.35,1.0037,1.0029,1.0034
Cotton,162.7,14.03,0.9954,1.0033,0.9987
Cotton,119.8,14.43,1.0019,0.999,1.0
Cotton,144.3,17.73,0.9988,1.0035,0.9996
Cotton,198.5,16.99,1.0019,1.001,1.0001
Cotton,102.5,8.66,0.9967,1.0037,1.0026
Cotton,121.9,15.97,0.996,0.9989,1.001
Cotton,82.1,11.28,1.0009,1.0023,1.0042
Cotton,166.7,6.42,1.0008,0.9945,1.0037
Cotton,132.5,8.56,0.9952,0.9978,0.9991
Cotton,178.0,9.87,0.9989,0.9953,0.9988
Cotton,101.4,6.47,1.0044,1.0004,0.9984
Cotton,190.6,9.14,0.9969,1.0024,1.0007
Cotton,166.5,7.52,0.9956,0.9944,0.9979
Cotton,42.6,9.11,0.9996,0.9955,1.0011
Cotton,54.1,2.02,1.0015,0.9951,0.9955
Cotton,66.7,17.15,0.9976,1.002,0.9947
Cotton,65.4,15.64,0.9975,0.9964,1.0045
Cotton,127.6,14.61,1.0016,0.997,0.997
Cotton,123.9,2.72,0.9981,1.0002,0.998
Cotton,133.8,3.24,1.0007,0.9961,1.0028
Cotton,101.5,5.99,0.9969,1.0044,1.0
Cotton,124.1,19.88,1.0031,0.9968,1.0033
Cotton,130.3,2.82,0.9951,0.9958,1.0025
Cotton,170.5,11.69,1.0028,1.0038,1.0039
Cotton,132.5,8.31,0.9985,0.9986,1.0001
Cotton,56.2,11.91,1.0039,1.003,1.0003
Cotton,65.3,10.15,1.0034,1.0015,1.0035
Cotton,78.8,4.02,0.9996,0.9985,0.9994
Cotton,111.5,6.82,0.9998,1.0022,0.995
Cotton,71.4,16.51,1.0018,1.0033,0.9993
Cotton,53.2,16.06,1.0046,1.0004,1.0028
Cotton,98.2,7.8,1.0039,0.9978,0.9965
Cotton,102.2,12.73,0.9958,1.0031,1.001
Cotton,81.9,15.71,0.9995,1.0014,0.9959
Cotton,192.2,14.66,1.0011,0.9986,1.0026
Cotton,154.7,17.71,0.999,1.0023,1.0026
Cotton,43.5,4.26,1.0001,0.9993,0.9965
Cotton,112.9,5.89,1.0022,0.9983,1.0006
Cotton,38.8,1.34,0.9987,1.0037,1.0028
Cotton,131.5,17.46,1.0035,0.998,0.996
Cotton,157.4,2.91,0.9972,0.9964,1.0009
Cotton,38.5,1.35,0.9951,0.9957,1.0039
Cotton,108.2,2.94,0.9951,1.0005,1.0026
Cotton,72.4,14.08,0.9991,1.0045,0.9964
Cotton,92.0,11.05,0.9954,1.0007,0.9967
Cotton,90.8,1.57,1.0004,0.9984,1.0037
Cotton,142.5,1.58,0.9953,0.9976,0.9974
Cotton,97.3,17.02,1.0038,0.9953,0.9966
Cotton,39.8,1.88,1.0019,0.9956,1.0016
Cotton,108.4,11.78,0.9952,1.0039,0.998
Cotton,191.8,16.24,1.0034,0.9938,1.0031
Cotton,150.0,14.3,1.0038,1.0038,0.9962
Cotton,66.2,16.84,0.9993,1.0009,0.995
Cotton,173.0,17.62,0.9945,1.0027,0.9967
Cotton,59.2,3.97,1.003,1.0046,1.001
Cotton,56.9,17.44,1.0041,1.0014,0.9972
Cotton,197.1,8.9,0.9956,0.9976,0.9965
Cotton,147.7,9.1,0.998,0.9959,1.0007
Cotton,175.4,19.54,0.9962,0.9972,1.001
Cotton,171.9,16.74,0.9944,1.0022,1.001
Cotton,35.3,15.94,1.0043,0.9982,0.9956
Cotton,83.7,5.61,0.9953,0.9958,1.0041
Cotton,133.9,18.31,1.0036,1.0023,0.9982
Cotton,171.2,3.87,0.9979,1.0019,1.0021
Cotton,149.5,6.21,1.0033,1.0018,1.0042
Cotton,133.2,8.93,1.0026,0.9968,0.9993
Cotton,181.5,8.14,0.9968,0.9974,1.0023
Cotton,58.8,6.88,1.0034,1.0023,0.9986
Cotton,179.0,13.6,1.0005,0.998,0.9949
Cotton,153.9,10.35,1.0024,1.0029,1.0015
Cotton,57.1,15.77,0.9957,0.9958,1.0002
Cotton,170.6,2.85,0.9945,1.0037,0.9943
Cotton,42.9,10.49,1.0026,0.9981,1.0039
Cotton,37.1,4.24,0.9998,1.0004,1.0034
Cotton,85.4,1.89,0.9973,0.9976,1.0037
Cotton,184.0,6.3,0.9951,1.0037,0.9966
Cotton,54.6,8.68,1.0026,0.995,1.0001
Cotton,149.0,17.11,0.9945,1.0022,0.9963
Cotton,143.7,13.5,1.0037,1.003,0.9982
Cotton,72.9,12.73,1.0045,0.9951,0.996
Cotton,40.7,14.79,1.0014,0.9959,0.9962
Cotton,184.1,1.11,1.0036,1.0006,0.9948
Cotton,141.1,1.84,0.9995,1.0033,0.9966
Cotton,91.2,9.98,1.0012,0.9968,1.002
Cotton,163.8,8.44,1.0012,1.0009,0.9972
Cotton,50.7,9.72,0.9956,0.9952,1.0027
Cotton,103.5,2.53,1.0028,0.9991,1.0022
Cotton,48.8,15.11,1.0035,0.9948,0.9992
Cotton,110.5,5.76,0.9994,1.0042,0.9981
Cotton,104.3,11.06,0.9986,0.9993,1.0024
Cotton,103.7,10.27,1.0012,1.0005,0.996
Cotton,170.7,11.51,0.996,0.9998,0.9951
Cotton,64.9,19.06,1.0004,0.9961,0.9982
Cotton,106.9,4.36,0.9981,0.9994,0.9968
Cotton,101.9,16.75,1.0034,0.9972,1.0012
Cotton,182.2,13.88,0.9946,1.0007,0.9943
Cotton,130.8,16.36,1.0021,1.0011,1.0004
Cotton,161.5,12.23,1.0023,1.0039,0.9994
Cotton,45.4,13.75,0.9963,1.0023,1.0027
Cotton,40.3,5.11,0.9958,0.995,1.0005
Cotton,36.5,7.8,1.0031,0.9953,0.9956
Cotton,98.6,13.33,1.0015,1.0018,0.9984
Cotton,71.0,2.18,1.0037,1.004,1.001
Cotton,180.4,12.83,0.9968,0.9978,1.0028
Cotton,158.1,9.28,0.998,1.0039,0.9982
Cotton,166.9,7.6,1.0024,1.0033,1.0015
Cotton,95.6,19.75,0.9956,0.998,1.0041
Cotton,93.9,10.28,1.0037,1.0026,1.0007
Cotton,60.2,17.59,0.9981,1.0027,1.0045
Cotton,185.3,8.36,0.9963,1.0,0.9995
Cotton,188.3,16.57,1.0017,1.0028,1.0023
Cotton,114.7,2.84,1.0028,1.0036,1.0009
Cotton,78.9,3.23,0.9952,0.9952,0.9948
Cotton,96.2,11.26,0.9995,1.0044,1.0042
Cotton,70.9,14.52,1.0026,1.0002,1.0041
Cotton,158.6,6.26,0.9946,1.0012,0.9973
Cotton,140.5,8.87,1.0011,1.0003,1.0028
Cotton,136.9,17.86,0.9978,0.9998,1.0026
Cotton,71.6,8.09,1.0026,0.9975,0.9994
Cotton,133.8,1.97,1.0026,0.9975,0.9999
Cotton,71.2,5.99,0.9948,0.9996,1.0
Cotton,34.0,17.13,0.999,0.9985,1.0047
Cotton,30.7,18.94,0.9952,1.004,1.0027
Cotton,182.5,3.25,1.0,1.0033,0.9973
Cotton,113.5,6.68,0.9964,0.9999,1.0022
Cotton,122.1,4.42,0.9974,0.9982,0.9995
Cotton,115.2,15.9,0.9986,0.9978,0.9965
Cotton,32.2,14.18,1.0044,0.9984,0.998
Cotton,92.9,2.07,0.9965,0.9962,0.9993
Cotton,45.6,9.32,0.9999,1.0015,1.0046
Cotton,88.7,14.67,0.9956,1.0043,1.0007
Cotton,147.6,17.67,1.0002,0.9949,0.9943
Cotton,157.3,16.61,0.9948,0.9942,1.0011
Cotton,170.2,10.36,1.0001,0.9944,0.9967
Cotton,196.2,2.29,0.9979,0.9999,1.0023
Cotton,66.8,15.66,0.9993,1.0016,0.996
Cotton,161.6,11.67,1.0027,0.9999,0.9985
Cotton,116.9,16.91,0.9961,1.0,0.9958
Cotton,92.8,17.16,1.0003,0.9982,0.9949
Cotton,100.2,8.82,0.9949,0.9953,0.9975
Cotton,168.2,3.34,0.9987,1.0002,0.9971
Cotton,44.7,13.26,1.0001,1.0029,1.0004
Cotton,181.9,8.4,0.9965,0.9958,0.9969
Cotton,194.5,7.65,1.0005,0.9947,0.9969
Cotton,155.7,6.99,1.0036,1.0039,0.997
Cotton,191.9,11.49,0.9947,0.9941,0.9992
Cotton,84.3,3.07,0.9976,1.0017,1.0026
Cotton,187.9,3.05,0.9982,0.9995,0.9988
Cotton,99.8,5.34,1.0042,1.0021,0.9958
Cotton,31.3,3.96,1.0032,0.9974,0.9972
Cotton,118.1,13.0,0.9966,1.0009,0.9982
Cotton,160.6,7.16,1.0,1.0012,0.9956
Cotton,32.7,1.11,1.0028,0.9974,1.0033
Cotton,185.9,18.65,0.9977,0.9968,0.9941
Cotton,114.9,3.9,0.9948,0.9961,0.9976
Cotton,154.7,12.51,1.0034,0.9961,0.9991
Cotton,90.7,19.45,0.9991,0.9997,1.0028
Cotton,161.7,19.55,0.9951,0.9958,1.0024
Cotton,125.9,1.56,1.0004,1.0044,0.9999
Cotton,80.1,10.5,1.0008,0.9993,0.9956
Cotton,147.7,8.53,0.995,0.9998,1.0008
Cotton,179.0,13.47,1.0026,1.0023,0.9979
Cotton,119.7,19.72,0.9958,1.0007,0.9949
Cotton,102.0,19.0,0.9981,0.9945,1.0021
Cotton,182.8,17.22,0.9985,1.0029,0.9944
Cotton,184.2,10.24,0.9941,1.0011,0.9955
Cotton,59.2,13.77,0.9984,0.9997,0.9949
Cotton,122.8,2.43,0.9988,0.9958,1.0008
Cotton,47.1,12.61,1.0026,1.0047,0.9992
Cotton,66.9,1.78,0.9954,0.9969,1.0004
Cotton,30.7,11.38,1.0033,1.0037,0.9974
Cotton,184.4,19.74,0.9989,0.9942,1.0019
Cotton,190.7,18.05,0.9987,0.9956,0.9978
Cotton,165.3,11.24,1.003,0.9986,1.0014
Cotton,53.0,2.14,0.9958,0.9956,1.0048
Cotton,146.9,9.02,0.9982,1.0015,0.9972
Cotton,84.4,13.16,1.0033,0.9993,1.0014
Cotton,67.8,1.46,0.9997,1.0004,1.0032
Cotton,66.0,10.96,1.0038,1.0011,0.998
Cotton,186.7,5.58,0.9947,0.9981,1.0027
Cotton,119.4,10.43,0.9971,1.0033,0.9977
Cotton,192.3,10.25,1.003,0.9948,1.0001
Cotton,104.7,14.57,0.9971,0.9961,1.0041
Cotton,172.9,13.7,0.9975,0.9953,0.9987
Cotton,132.4,19.34,0.9965,0.9961,0.9952
Cotton,195.9,4.02,0.9959,1.002,0.9974
Cotton,176.9,10.07,0.998,0.9943,0.997
Cotton,32.4,18.3,0.9999,1.0019,0.9987
Cotton,182.5,15.52,0.9968,0.9983,0.9978
Cotton,95.7,3.22,1.0007,0.9995,1.0012
Cotton,173.2,7.52,0.995,1.003,1.0007
Cotton,81.1,6.0,1.0002,0.9989,0.9992
Cotton,133.7,11.88,0.9946,0.9989,0.9956
Cotton,152.2,9.97,0.9966,0.9985,0.9944
Cotton,83.5,15.7,0.9954,0.9997,0.9989
Cotton,187.1,5.43,0.9978,0.9993,0.9961
Cotton,70.2,3.56,0.9967,1.0001,1.0023
Cotton,119.2,3.62,0.9979,1.0033,0.9987
Cotton,115.2,9.0,0.9999,1.0033,1.0042
Cotton,40.3,7.85,0.9986,0.9976,1.0004
Cotton,125.1,6.93,0.9991,1.0036,1.0014
Cotton,171.5,12.01,0.9978,0.9988,1.0002
Cotton,30.7,8.58,0.9954,0.9957,1.0031
Cotton,100.1,6.42,0.9983,1.0028,1.0004
Cotton,103.8,6.41,1.0022,1.0002,1.0031
Cotton,31.1,12.35,0.9991,0.9984,1.0015
Cotton,178.4,6.87,1.0032,1.0033,0.9965
Cotton,39.3,10.02,1.0,0.9975,0.9988
Cotton,141.3,17.51,1.0012,1.0027,1.0006
Cotton,56.6,16.62,1.0037,0.9978,1.0028
Cotton,52.2,13.64,1.0002,0.9998,1.0036
Cotton,146.7,16.67,0.9944,1.0018,0.996
Cotton,48.5,19.85,0.9983,1.0024,0.9986
Cotton,180.7,1.87,0.9983,1.0003,1.0008
Cotton,98.7,18.25,1.0029,1.0025,0.9953
Cotton,143.7,5.8,1.0005,0.9978,1.0038
Cotton,99.2,4.35,1.0043,1.0045,1.0037
Cotton,73.7,6.89,1.0004,0.9978,1.0014
Cotton,87.5,18.43,1.0011,1.0036,0.995
Cotton,84.4,4.66,0.9996,0.9996,1.0032
Cotton,43.5,19.92,0.9947,0.9998,1.0016
Cotton,179.1,4.65,1.0022,1.003,0.9995
Cotton,152.6,7.52,1.0,1.0032,0.9991
Cotton,83.8,18.71,0.9962,0.9971,0.9951
Cotton,88.5,7.14,1.0041,1.0042,1.002
Cotton,172.9,4.13,0.9961,1.0021,0.9951
Cotton,187.0,6.2,0.996,1.003,0.9964
Cotton,194.3,3.54,1.0032,0.9985,0.9967
Cotton,139.4,6.46,0.9964,1.0014,0.9957
Cotton,149.4,7.56,0.9986,0.9985,1.0034
Cotton,114.8,13.23,0.997,1.0014,0.9973
Cotton,175.7,9.98,0.9982,0.9966,1.0003
Cotton,96.9,6.21,1.0007,0.9961,1.0032
Cotton,155.6,10.69,1.0005,0.9971,0.9997
Cotton,31.7,9.56,1.0038,1.0015,0.9956
Cotton,35.5,11.87,1.0004,0.9978,0.9965
Cotton,116.3,12.0,0.9967,0.9981,0.9969
Cotton,50.6,10.55,0.999,0.9998,1.0044
Cotton,109.9,15.72,1.0039,1.003,0.9961
Cotton,117.7,2.36,0.9978,0.9981,1.0001
Cotton,126.5,7.87,1.0027,0.9996,0.997
Cotton,75.0,19.77,1.0033,0.998,0.9956
Cotton,55.1,15.64,0.9975,1.0039,0.9974
Cotton,151.8,9.88,0.9942,1.0019,0.9983
Cotton,140.9,2.35,1.0015,1.0002,1.0004
Cotton,79.7,7.13,0.9991,1.0021,1.0012
Cotton,75.8,7.2,0.9948,0.9994,1.0046
Cotton,153.8,3.35,0.9993,0.9949,0.9952
Cotton,42.1,8.48,1.0012,0.9958,1.0014
Cotton,43.4,5.86,1.0025,1.0046,0.9999
Cotton,67.0,9.82,1.0043,0.9952,0.9953
Cotton,175.5,9.44,0.9999,1.0034,1.0012
Cotton,138.5,18.72,0.9977,0.9963,0.9985
Cotton,60.5,5.85,1.0013,1.0024,1.0047
Cotton,52.1,7.36,0.9963,1.0044,0.9998
Cotton,119.3,5.85,0.9992,0.9992,1.0006
Cotton,164.5,17.11,0.9961,1.0,0.9991
Cotton,114.1,7.25,1.0013,1.001,1.0006
Cotton,135.7,16.88,0.9959,0.9998,0.9952
Cotton,118.3,7.88,0.9969,1.0031,1.0025
Cotton,122.7,5.27,0.9993,0.998,1.0041
Cotton,181.4,3.92,0.9954,1.0021,1.0014
Cotton,33.0,8.97,1.004,0.9959,1.0009
Cotton,128.1,4.15,1.0035,0.9988,1.0024
Cotton,171.3,19.88,1.0031,0.9974,0.9971
Cotton,68.1,19.26,0.9952,1.001,1.0003
Cotton,161.6,2.35,1.0006,1.0006,1.0024
Cotton,86.0,8.28,0.9951,1.0029,1.0021
Cotton,176.1,8.21,1.0,0.9954,1.002
Cotton,166.3,15.93,0.9954,0.9992,0.997
Cotton,133.8,11.7,1.0029,1.0025,1.0009
Cotton,158.4,17.68,0.9943,0.994,0.9951
Cotton,51.3,7.19,0.9999,1.0013,1.0035
Cotton,163.5,4.67,1.0001,0.9942,1.0031
Cotton,180.8,16.86,0.9973,0.9998,0.9955
Cotton,124.6,13.04,1.0032,1.0011,1.0014
Cotton,187.3,10.46,1.0003,1.0018,1.0016
Cotton,60.4,18.31,1.0013,0.9994,0.9965
Cotton,43.0,17.75,0.9963,0.9973,1.0026
Cotton,121.6,3.55,1.0009,0.9989,0.9989
Cotton,62.8,2.84,1.0034,0.9978,1.0014
Cotton,75.5,15.88,0.9956,1.0016,0.9983
Cotton,75.9,19.41,1.0001,1.0042,1.0021
Cotton,95.3,13.03,1.0011,1.0,0.9945
Cotton,127.7,18.71,1.0023,1.0019,0.9986
Cotton,143.0,17.03,0.9984,1.0033,1.0007
Cotton,100.4,7.3,1.0009,0.9951,1.0013
Cotton,182.3,3.97,0.9946,1.0031,1.0019
Cotton,189.4,2.7,0.999,0.9985,1.0039
Cotton,111.1,12.0,0.997,1.0027,0.9981
Cotton,103.0,18.32,1.0004,1.0024,1.0016
Cotton,146.7,16.13,1.0035,1.0013,0.9946
Cotton,76.0,6.17,0.9946,0.9955,1.0046
Cotton,96.7,8.07,0.999,1.0015,0.9991
Cotton,101.3,13.21,1.002,1.0037,0.998
Cotton,107.9,4.66,0.9958,1.0009,0.9993
Cotton,81.1,15.53,0.9978,0.9989,0.9977
Cotton,33.6,15.29,1.002,0.9972,0.9953
Cotton,163.2,17.93,0.9979,1.001,0.9951
Cotton,149.5,13.09,1.0025,1.0025,1.0025
Cotton,191.6,7.35,1.0021,1.0028,0.9961
Cotton,172.0,1.24,0.996,1.0029,0.9971
Cotton,122.3,1.0,0.9993,0.9997,1.0008
Cotton,171.5,3.83,0.9959,1.0034,1.0021
Cotton,94.2,7.68,0.995,0.9957,1.003
Cotton,103.4,3.31,1.0005,0.9968,1.003
Cotton,108.1,7.3,0.9949,0.9957,0.9991
Cotton,172.8,13.16,1.0005,0.9984,0.9982
Cotton,64.5,12.29,1.0044,0.9988,0.995
Cotton,188.1,8.36,0.9941,0.9985,1.0
Cotton,170.7,17.4,0.9951,1.0025,0.999
Cotton,33.1,13.72,0.9997,1.0,1.0019
Cotton,106.9,11.7,0.9994,0.9995,0.997
Cotton,66.9,7.62,0.9987,1.0,0.9986
Cotton,146.7,19.93,0.9983,0.9966,0.999
Cotton,189.6,5.45,1.0024,1.0034,0.9996
Cotton,104.8,18.09,0.9968,1.0025,1.0002
Cotton,90.3,3.2,1.0045,1.0032,1.0027
Cotton,66.7,9.59,0.9961,1.0013,0.9953
Cotton,85.7,9.48,1.0018,1.0043,0.9973
Cotton,121.1,18.22,0.9959,0.9972,1.0025
Cotton,82.5,12.57,1.0028,1.0025,1.0027
Cotton,138.9,9.54,0.9983,0.9975,0.9999
Cotton,143.9,4.19,1.0022,0.9964,0.9953
Cotton,184.1,8.76,0.996,1.0037,0.9948
Cotton,67.9,17.76,1.0028,0.9952,0.9956
Cotton,153.6,14.47,0.9976,0.9999,0.9943
Cotton,76.9,9.36,0.995,0.999,0.9977
Cotton,131.7,2.14,0.9977,1.0024,0.9951
Cotton,46.7,15.45,1.0008,1.0038,0.9996
Cotton,126.0,2.77,1.003,1.0007,0.9952
Cotton,196.2,4.05,1.0015,0.9992,0.9944
Cotton,136.0,17.03,0.9982,1.0009,1.0005
Cotton,170.6,10.93,1.0027,1.0023,0.997
Cotton,43.7,18.03,0.9989,1.0019,0.9956
Cotton,111.1,9.87,0.9958,1.0005,0.996
Cotton,30.3,17.88,0.9994,1.0004,0.995
Cotton,155.9,15.14,0.9972,0.9956,1.004
Cotton,32.0,12.84,0.9996,1.002,1.0007
Cotton,149.4,14.33,0.9956,1.0041,0.9944
Cotton,40.0,2.59,0.9956,1.0028,1.0036
Cotton,45.7,7.6,1.0004,0.9992,1.0026
Cotton,146.7,12.6,1.0003,0.9988,0.9968
Cotton,193.1,12.59,0.9994,1.0022,1.0024
Cotton,188.5,4.44,0.9973,0.9999,0.9943
Cotton,31.7,17.36,1.0028,0.9971,0.9974
Cotton,135.9,3.54,0.9956,1.0035,0.9992
Cotton,159.2,2.04,0.9973,0.9973,1.001
Cotton,101.8,4.27,1.0006,1.002,1.002
Cotton,74.9,14.19,0.9971,1.0025,0.9955
Cotton,118.8,1.08,0.9956,1.001,0.9979
Cotton,98.9,6.25,0.9954,1.0042,1.0033
Cotton,47.5,12.83,1.0023,0.9984,0.9984
Cotton,196.0,3.98,1.003,0.9986,0.994
Cotton,158.9,12.59,0.9962,0.9987,1.003
Cotton,168.7,3.84,1.0037,0.9963,0.9969
Cotton,72.7,3.75,1.0021,1.0004,1.0027
Cotton,112.0,11.95,0.9986,1.0038,0.996
Cotton,31.1,4.75,0.9972,0.9951,0.9991
Cotton,74.0,14.12,1.0022,1.0018,0.995
Cotton,181.9,15.86,0.9952,1.0027,0.9942
Cotton,175.8,11.28,0.9989,0.9958,1.0013
Cotton,118.7,15.22,0.9999,1.003,1.0018
Cotton,34.0,9.13,1.0024,1.0012,0.9985
Cotton,116.1,9.8,0.9964,0.9946,0.995
Cotton,89.9,3.53,1.0013,0.9988,1.0022
Cotton,189.3,13.62,1.0032,1.0037,0.9975
Cotton,33.4,2.6,0.9969,0.9963,1.0044
Cotton,157.0,19.78,0.9958,0.997,0.9949
Cotton,183.8,6.43,1.0031,0.9987,0.9973
Cotton,94.6,14.26,0.9994,1.0012,0.9966
Cotton,112.9,5.49,0.9988,1.0004,0.9998
Cotton,31.3,1.59,1.0031,1.0047,0.9983
Cotton,116.0,11.25,1.0001,1.0018,0.9951
Cotton,59.9,3.85,1.0026,0.997,1.0014
Cotton,134.0,16.22,0.9973,1.0011,0.9978
Cotton,63.2,13.26,1.0025,0.9986,1.0027
Cotton,86.5,4.01,0.9979,0.9985,1.0041
Cotton,56.0,11.29,1.0034,0.9968,0.9975
Cotton,99.3,5.87,0.9971,1.0044,1.0004
Cotton,146.8,8.35,0.9961,0.9948,0.9949
Cotton,145.2,18.91,0.9943,1.0013,0.9997
Cotton,165.6,4.85,0.9999,0.9975,0.9945
Cotton,95.3,17.13,0.9963,1.0016,1.0005
Cotton,42.0,3.77,1.0007,1.0049,0.9987
Cotton,82.0,4.53,0.9997,1.0017,1.0026
Cotton,48.0,2.09,0.9991,0.9968,0.995
Cotton,94.0,7.33,1.004,1.0021,1.0037
Cotton,83.7,1.66,1.0005,1.0008,0.9954
Cotton,66.4,4.19,1.0,1.0009,1.0015
Cotton,169.9,13.87,1.0031,1.0028,1.0015
Cotton,118.2,8.29,0.9946,0.9951,1.0032
Cotton,30.6,2.89,1.0009,0.9967,1.0046
Cotton,149.7,1.49,1.0019,0.9984,0.9946
Cotton,140.5,19.65,1.0005,0.9969,1.0019
Cotton,76.2,16.24,0.9993,1.0024,1.0029
Cotton,59.5,17.32,1.0017,0.9996,0.9995
Cotton,100.8,17.42,1.0021,0.9966,1.0038
Cotton,151.6,2.44,1.0033,0.9948,0.9973
Cotton,117.1,6.64,0.9967,1.0021,1.0043
Cotton,126.9,10.28,1.0037,0.9981,1.0015
Cotton,74.4,3.23,0.9959,1.0023,0.9951
Cotton,167.8,17.12,0.9984,0.9985,0.9999
Cotton,151.3,14.16,0.9961,0.9953,1.0037
Cotton,90.7,14.14,0.9975,0.9946,0.995
Cotton,146.6,3.03,0.9948,0.9995,0.9988
Cotton,157.7,6.86,1.001,1.0028,0.9991
Cotton,83.5,11.34,0.9954,0.9954,0.9977
Cotton,168.0,1.46,0.9961,1.0027,0.9953
Cotton,88.5,17.44,0.996,0.9984,1.0
Cotton,126.3,1.18,0.9978,0.9954,0.9949
Cotton,195.5,16.69,0.9979,1.0003,0.9955
Cotton,85.1,5.28,1.0032,0.9963,0.9966
Cotton,140.9,2.43,1.0008,1.0039,0.9961
Cotton,174.6,13.4,0.9992,1.0024,1.0022
Cotton,83.0,2.42,1.0038,0.9975,1.0009
Cotton,44.0,14.39,1.0029,0.9951,0.9994
Cotton,54.3,10.33,0.9951,1.0022,0.9984
Cotton,148.3,11.86,0.9994,0.9985,1.0025
Cotton,64.8,14.02,1.0034,0.9969,1.0042
Cotton,91.6,3.13,0.9986,0.9965,0.996
Cotton,195.6,1.68,1.0021,0.9997,0.9977
Cotton,50.3,5.64,1.0036,0.9985,0.9956
Cotton,154.0,7.42,0.996,1.0007,0.9945
Cotton,97.3,4.86,1.0031,1.0039,1.0029
Cotton,170.6,3.85,1.0036,0.9989,0.995
Cotton,173.2,7.42,1.0001,0.9982,0.9974
Cotton,70.2,1.95,1.0027,0.997,1.0046
Cotton,192.5,7.88,0.9964,0.9961,0.9949
Cotton,84.4,10.58,1.0015,0.9949,1.0001
Cotton,47.3,3.69,0.9986,0.9985,0.9958
Cotton,82.7,10.87,1.001,0.9973,0.9982
Cotton,194.1,15.85,0.9956,0.9963,1.0
Cotton,197.5,17.48,0.9969,1.0008,1.0009
Cotton,191.6,8.38,1.001,1.0003,0.9944
Cotton,115.3,15.49,1.0033,0.9945,0.9964
Cotton,30.4,8.13,0.9984,1.0009,1.0004
Cotton,132.7,8.71,0.9943,1.0002,1.0028
Cotton,160.2,1.61,1.0037,0.9954,1.0041
Cotton,128.3,4.07,1.0024,0.999,1.0007
Cotton,166.4,6.33,0.9948,0.998,0.9957
Cotton,54.7,13.11,0.9998,1.0042,1.0046
Cotton,154.7,13.8,0.9973,0.9994,1.0015
Cotton,138.2,16.8,1.0003,1.002,0.9957
Cotton,54.2,1.07,1.0033,1.0043,1.0047
Cotton,43.7,1.57,0.9972,1.0028,0.9983
Cotton,78.3,8.16,0.9975,0.9972,1.0025
Cotton,152.8,14.5,1.0013,0.9952,1.0031
Cotton,189.1,18.82,0.9967,0.9943,0.9966
Cotton,128.7,7.75,1.0038,1.0039,0.9948
Cotton,136.8,18.06,1.0037,1.0013,0.9976
Cotton,110.0,19.5,0.9984,1.0035,0.9956
Cotton,106.3,3.64,0.997,0.9987,0.9955
Cotton,192.2,12.59,0.9991,1.0032,0.9964
Cotton,39.6,10.91,0.9974,0.9991,0.9978
Cotton,37.0,16.88,0.9989,0.9992,0.9958
Cotton,40.1,9.13,0.9965,0.9985,0.9982
Cotton,184.4,4.84,1.0003,0.9958,1.0014
Cotton,106.5,4.54,0.9963,0.9948,1.0003
Cotton,80.9,2.32,0.9984,1.0015,0.9957
Cotton,72.0,19.58,1.0006,0.998,1.0
Cotton,124.3,11.52,0.9986,1.0004,0.9964
Cotton,174.1,15.12,0.9998,1.0029,0.9941
Cotton,185.9,15.5,1.003,0.9954,0.9996
Cotton,140.8,19.54,0.9982,0.9952,1.0022
Cotton,162.8,18.91,0.9965,0.9967,0.998
Cotton,190.2,10.11,0.9961,0.9994,0.9974
Cotton,58.8,18.08,1.0001,1.0039,0.9952
Cotton,145.7,13.33,1.0039,1.0036,0.9966
Cotton,197.3,19.33,0.9991,0.9952,0.9983
Cotton,32.7,12.02,1.0036,1.0,0.996
Cotton,54.5,7.54,0.9981,1.0031,0.9973
Cotton,119.9,17.31,0.9973,0.9976,0.9943
Cotton,61.6,18.58,1.0032,1.0,0.9987
Cotton,171.6,3.24,1.0015,0.9953,1.0025
Cotton,164.6,11.05,1.0016,0.9959,1.0026
Cotton,167.6,15.66,1.0025,1.0024,0.9973
Cotton,32.6,9.23,0.997,0.995,1.0016
Cotton,68.2,2.01,1.0004,1.0001,0.995
Cotton,155.4,13.11,0.9985,0.9981,0.9955
Cotton,147.1,2.24,1.0028,0.9955,0.9945
Cotton,32.2,10.3,0.9958,0.9995,1.0009
Cotton,196.3,6.57,1.0027,0.9969,1.0032
Cotton,77.1,17.14,1.0003,1.0044,0.9957
Cotton,82.6,10.69,1.0025,0.9993,1.0001
Cotton,81.9,3.21,1.0015,1.001,1.0022
Cotton,93.4,10.41,1.0005,1.0005,0.9991
Cotton,57.8,8.17,1.0021,0.997,1.0019
Cotton,67.1,19.3,1.0039,0.9995,0.9949
Cotton,145.0,13.06,0.9947,1.0008,0.9945
Cotton,99.5,15.53,1.0011,1.0042,1.0036
Cotton,75.1,14.02,0.9976,0.9948,0.999
Cotton,118.1,17.26,0.9956,1.0,0.9993
Cotton,95.4,14.21,0.9952,1.0008,0.9987
Cotton,188.5,16.4,0.9997,0.9996,0.9984
Cotton,31.3,13.93,0.9966,0.9972,1.0023
Cotton,105.0,14.85,0.9964,0.9969,0.9948
Cotton,67.0,2.43,1.0047,0.9967,0.9955
Cotton,88.6,13.81,1.0016,1.0026,1.002
Cotton,54.3,3.36,0.9959,1.0048,0.9995
Cotton,187.3,4.24,0.9982,0.9965,0.9993
Cotton,180.6,15.25,1.0009,0.9969,0.9966
Cotton,193.9,18.7,1.0013,0.9978,0.9967
Cotton,183.5,19.81,0.9941,0.9947,0.9976
Cotton,120.7,12.26,0.9982,0.9966,1.0007
Cotton,33.2,11.36,1.0013,1.0037,0.9975
Cotton,123.3,1.86,0.9973,1.0011,0.9992
Cotton,155.1,17.91,0.9978,1.003,0.9941
Cotton,120.0,1.9,1.0011,1.0039,1.0035
Cotton,116.4,12.8,1.0017,1.0011,0.9971
Cotton,191.2,16.32,0.9952,0.999,0.9954
Cotton,41.2,4.9,1.0018,0.9952,1.0043
Cotton,122.7,5.13,1.0024,1.0028,0.9952
Cotton,125.9,14.1,0.9993,0.9962,1.0033
Cotton,159.7,12.2,0.9958,1.0015,0.9941
Cotton,87.7,13.35,0.9944,1.0035,0.9997
Cotton,155.5,6.27,0.9951,0.995,0.997
Cotton,100.1,12.03,1.0016,0.9964,1.0013
Cotton,99.2,16.39,0.9963,0.9968,1.0017
Cotton,140.3,17.87,0.9955,0.999,1.001
Cotton,124.9,11.61,0.9978,1.0033,1.0009
Cotton,61.5,14.08,0.9999,0.995,0.9964
Cotton,64.0,10.25,0.9987,1.0012,0.9971
Cotton,82.9,18.36,0.9991,0.9997,0.9985
Cotton,56.3,10.37,1.0007,0.9949,0.9963
Cotton,185.3,14.03,0.9988,0.9945,0.9972
Cotton,35.1,12.17,0.999,1.0002,0.9965
Cotton,116.8,5.62,1.0004,0.9967,1.0009
Cotton,85.9,13.05,0.9967,1.0021,0.9951
Cotton,124.5,3.95,1.0039,0.9962,0.9989
Cotton,192.3,2.83,0.9979,0.9974,0.9999
Cotton,71.7,15.71,1.0004,1.0019,0.997
Cotton,194.3,4.31,0.998,1.0002,1.002
Cotton,100.4,17.34,0.9951,0.9987,1.0032
Cotton,171.3,15.84,0.9952,1.0038,1.002
Cotton,96.1,11.5,0.995,1.0003,0.9983
Cotton,36.4,2.61,1.002,0.9957,0.9964
Cotton,180.9,1.02,0.9968,0.9951,1.0039
Cotton,176.9,1.71,0.9995,1.0016,0.9954
Cotton,123.2,6.84,0.9975,0.9962,1.0025
Cotton,122.6,19.53,0.9983,0.9949,1.0034
Cotton,166.5,3.47,0.9984,1.0038,0.9944
Cotton,100.7,15.4,1.0004,1.0009,0.9977
Cotton,41.3,5.56,1.0004,1.0035,0.9954
Cotton,91.2,10.02,0.9952,0.9987,1.0
Cotton,139.6,19.2,0.998,1.0034,0.9965
Cotton,71.9,15.09,1.0028,0.9988,0.9954
Cotton,176.3,6.17,0.996,0.9988,0.9988
Cotton,114.3,10.97,0.9999,1.0013,0.9971
Cotton,87.7,5.44,0.9953,1.0044,1.0039
Cotton,117.2,14.26,0.9986,0.9974,1.0031
Cotton,183.7,4.61,0.9999,1.0039,0.9944
Cotton,52.2,6.07,0.9948,0.9983,1.0033
Cotton,114.4,2.18,0.9956,0.9993,0.9997
Cotton,135.0,16.0,0.9998,0.9996,0.9949
Cotton,97.7,3.06,0.9946,0.9969,1.0018
Cotton,65.4,4.08,0.9976,0.997,1.0027
Cotton,198.8,14.8,0.9937,0.9958,0.9962
Cotton,136.3,9.3,1.003,0.9997,0.9943
Cotton,154.3,7.06,1.0026,0.9943,0.9983
Cotton,175.0,12.68,0.9996,1.0031,0.9939
Cotton,114.3,14.78,0.9992,1.0006,0.9964
Cotton,43.6,3.43,0.9979,0.9966,0.9996
Cotton,92.4,6.53,0.9981,0.995,1.0035
Cotton,98.6,9.52,0.998,0.9993,0.9997
Cotton,66.1,3.82,0.9954,0.9949,1.0038
Cotton,114.2,15.22,0.9942,0.9977,0.9949
Cotton,181.2,19.82,0.9982,0.999,1.0
Cotton,192.6,6.39,0.9941,0.9979,1.0017
Cotton,156.9,18.63,1.002,0.998,1.0037
Cotton,144.6,2.27,0.9976,1.0041,0.9987
Cotton,99.0,16.29,0.9959,0.9973,0.9981
Cotton,132.1,14.35,0.9949,0.9951,0.9963
Cotton,159.1,18.03,1.0019,1.0026,1.0037
Cotton,85.8,7.32,1.0025,0.9972,1.0025
Cotton,95.4,4.62,1.0023,0.9964,0.9948
Cotton,63.0,17.55,1.0,1.0027,0.9977
Cotton,149.8,19.1,0.9997,0.9978,0.9945
Cotton,149.7,17.24,1.0011,1.0009,0.9991
Cotton,158.8,10.83,0.9942,0.9951,1.0005
Cotton,62.8,19.64,1.0039,0.9999,0.9971
Cotton,47.9,16.24,0.9985,1.0038,1.0035
Cotton,177.3,12.64,1.0023,0.9955,1.0013
Cotton,133.2,17.7,1.0,1.001,0.9971
Cotton,190.4,2.33,0.9953,1.0019,0.9967
Cotton,174.5,7.15,1.0021,1.0001,1.0
Cotton,186.3,10.03,0.997,0.9977,1.0024
Cotton,158.5,10.22,1.0033,0.9947,1.0005
Cotton,190.0,7.62,1.0022,1.0036,0.9983
Cotton,42.5,13.94,0.9958,1.0027,0.9976
Cotton,70.1,10.23,0.9994,0.9985,0.9995
Cotton,91.4,12.02,1.0013,0.9965,0.9958
Cotton,191.9,6.15,0.9996,0.9987,0.9986
Cotton,130.2,9.96,0.9974,0.9988,1.0041
Cotton,167.5,1.57,1.0,0.9975,1.0009
Cotton,186.8,11.22,0.9998,1.0007,1.0028
Cotton,64.6,18.59,0.9998,0.9984,1.0004
Cotton,98.6,6.3,0.9957,1.0013,0.9984
Cotton,75.8,11.37,0.9988,0.9997,1.0045
Cotton,96.4,17.56,0.9995,0.9992,0.9986
Cotton,126.0,2.5,1.0038,0.9956,1.0014
Cotton,85.0,1.73,1.0019,1.0009,1.0008
Cotton,146.8,16.01,0.9965,0.9969,0.9986
Cotton,107.0,7.88,0.9971,1.0017,0.9993
Cotton,100.0,2.16,0.9979,0.9992,1.0011
Cotton,123.4,6.27,0.9948,0.9976,0.9953
Cotton,134.3,12.61,1.0034,0.998,0.9943
Cotton,106.3,4.2,1.0,1.0033,0.9968
Cotton,100.4,19.04,1.0003,0.9955,1.0034
Cotton,125.2,13.29,0.9995,0.9991,0.9943
Cotton,152.3,7.81,0.995,0.9999,1.0009
Cotton,66.6,16.25,1.0008,1.0045,0.9985
Cotton,191.3,16.91,1.0027,1.0037,0.9985
Cotton,161.2,15.69,1.0018,1.0021,0.9949
Cotton,197.0,15.78,0.994,0.9977,0.9977
Cotton,154.3,14.96,1.0023,0.9982,0.9981
Cotton,69.5,5.3,1.0003,0.9968,1.0001
Cotton,71.1,18.83,0.9959,1.0025,0.9958
Cotton,146.4,12.68,0.9981,0.9944,0.9966
Cotton,97.4,16.37,0.9971,0.9993,0.9947
Cotton,83.2,8.49,0.9972,1.0042,0.9971
Cotton,73.6,11.7,0.9979,0.9957,0.9957
Cotton,109.1,4.24,1.0035,1.001,1.003
Cotton,149.1,17.42,1.0,1.003,1.0032
Cotton,57.8,1.17,0.9951,1.0016,0.9965
Cotton,33.2,5.68,0.9988,0.9952,1.0012
Cotton,97.9,9.1,0.9986,0.9949,1.0038
Cotton,132.2,17.65,0.9958,1.002,0.9973
Cotton,167.0,1.28,0.9967,1.0037,1.0035
Cotton,138.3,7.21,1.001,1.0012,0.9957
Cotton,101.9,8.93,1.0028,1.001,0.9962
Cotton,106.3,18.43,1.0037,1.0,1.0028
Cotton,166.7,5.3,1.0022,0.9984,1.0025
Cotton,82.8,3.94,0.9955,0.9974,1.0026
Cotton,106.1,19.3,0.995,1.003,1.0015
Cotton,190.6,17.8,1.0018,1.0028,1.0014
Cotton,39.0,8.87,0.9955,0.997,1.0002
Cotton,40.7,13.36,1.0035,0.9997,0.9972
Cotton,60.7,8.75,1.0029,0.9969,1.0011
Cotton,102.8,14.32,1.0033,0.9972,1.0019
Cotton,51.7,13.52,0.9953,1.0023,1.0001
Cotton,155.4,8.82,1.0007,0.9985,0.9971
Cotton,38.8,17.58,1.0041,1.0023,1.0009
Cotton,149.9,10.69,1.0,1.0031,1.0009
Cotton,170.7,19.66,0.9969,1.002,0.9964
Cotton,60.6,12.96,1.0042,0.999,1.0029
Cotton,120.6,17.41,1.0021,1.0007,0.9992
Cotton,198.3,2.61,1.0012,1.0017,1.0039
Cotton,78.2,14.52,1.0024,1.003,0.997
Cotton,160.0,15.72,0.9984,0.9967,0.9948
Cotton,177.8,7.03,0.9975,1.0027,1.0028
Cotton,53.6,5.95,1.0024,1.0015,0.998
Cotton,75.8,14.54,0.9953,0.9952,1.0007
Cotton,142.5,13.25,0.995,1.0004,1.002
Cotton,89.3,12.25,0.9966,0.9989,0.9978
Cotton,164.4,5.41,0.9971,0.9968,0.9972
Cotton,194.2,12.32,0.996,1.0027,1.0013
Cotton,123.0,14.07,0.9967,0.9945,1.0001
Cotton,58.0,18.31,1.0021,0.9957,0.9981
Cotton,187.2,19.16,0.999,0.9961,1.0025
Cotton,88.2,4.59,0.9948,0.995,1.0022
Cotton,137.8,15.51,0.996,0.996,1.0004
Cotton,179.6,3.7,1.0027,1.0008,1.0017
Cotton,92.5,7.58,1.0038,1.0045,1.0028
Cotton,181.0,6.73,0.9987,0.9978,0.9974
Cotton,187.1,11.38,0.9958,1.0037,0.9961
Cotton,71.3,12.03,0.9974,0.9954,1.0004
Cotton,89.7,19.45,0.9993,0.998,0.9988
Cotton,104.8,18.5,1.002,0.9996,1.0029
Cotton,145.4,11.75,0.9988,1.0014,1.0024
Cotton,71.2,9.47,0.9966,1.0015,0.9954
Cotton,132.4,9.21,0.9977,1.0007,1.0029
Cotton,145.7,6.56,1.0016,1.0006,1.0015
Cotton,171.5,15.32,0.997,0.9981,1.0006
Cotton,145.4,8.17,0.9987,1.0032,1.0033
Cotton,106.1,18.85,1.0022,0.9994,0.9979
Cotton,106.8,7.24,1.0023,1.0,0.9948
Cotton,52.5,10.23,1.0036,1.0014,0.996
Cotton,72.9,16.07,1.0003,0.995,0.9992
Cotton,78.9,12.04,1.0008,1.0029,1.0038
Cotton,72.7,19.92,0.9963,0.9962,0.996
Cotton,137.0,5.85,1.0031,0.997,1.0011
Cotton,70.0,2.92,0.9996,1.0039,1.0013
Cotton,157.3,1.01,0.9947,0.9948,0.9962
Cotton,97.6,18.29,1.0004,1.0041,0.9951
Cotton,97.1,16.3,0.9968,0.9957,0.9987
Cotton,196.4,15.76,0.9973,1.0003,0.9964
Cotton,41.3,1.55,1.0019,0.9971,0.9968
Cotton,88.1,7.97,1.0044,1.0017,1.0
Cotton,48.1,14.01,1.0036,1.0023,0.9948
Cotton,30.9,14.99,0.9956,1.0035,0.997
Cotton,45.4,4.01,1.0005,0.9954,1.0033
Cotton,113.7,2.32,1.0018,1.0033,1.0016
Cotton,75.5,19.04,0.9999,0.9948,0.9974
Cotton,124.6,13.61,0.9951,0.9992,0.9964
Cotton,174.7,6.71,1.0021,0.9965,0.9968
Cotton,49.7,8.23,1.0027,0.9954,0.9993
Cotton,139.5,10.34,0.9986,0.9995,1.0004
Cotton,42.3,3.32,0.9961,0.9955,0.9965
Cotton,133.4,10.57,0.9967,1.0005,1.0037
Cotton,120.6,1.88,0.9954,0.9954,0.9951
Cotton,88.6,8.42,0.9991,1.0033,0.9989
Cotton,86.3,12.97,0.999,0.9982,1.0004
Cotton,180.7,16.31,0.9958,1.0001,1.0025
Cotton,84.4,12.19,1.0017,0.9974,0.9994
Cotton,132.5,2.58,1.004,1.0026,1.002
Cotton,151.7,12.1,1.0002,1.0015,1.0035
Cotton,120.0,11.26,1.0027,0.9975,0.9965
Cotton,37.3,1.08,0.9981,0.9971,0.9976
Cotton,66.0,6.01,1.0029,0.9965,1.0026
Cotton,174.3,1.04,0.9954,1.0036,0.9988
Cotton,87.4,9.49,0.9965,1.0017,1.0007
Cotton,166.8,16.01,0.9946,0.9982,0.9992
Cotton,88.1,2.98,1.0031,0.9961,1.0045
Cotton,64.4,4.66,1.0028,0.9998,0.9957
Cotton,166.3,4.33,0.9978,0.9964,0.9966
Cotton,35.0,15.57,0.9953,1.0043,1.0039
Cotton,124.1,19.49,1.0021,1.0041,0.9943
Cotton,181.1,10.79,0.9979,1.0008,0.995
Cotton,161.2,10.54,0.9969,1.0011,0.9964
Cotton,97.6,7.05,1.0027,0.9992,0.9994
Cotton,45.8,3.54,0.9959,0.9989,0.9959
Cotton,126.0,18.1,1.0037,1.0027,1.0029
Cotton,199.9,18.11,1.003,1.0027,0.9949
Cotton,86.8,18.71,0.9992,1.0027,0.9989
Cotton,42.4,9.59,0.9948,0.9988,0.9989
Cotton,139.6,6.21,1.004,1.0026,0.9953
Cotton,110.4,5.47,1.0031,1.0029,0.9988
Cotton,126.8,4.64,0.9989,1.0042,0.9978
Cotton,84.0,9.44,0.9983,1.0004,1.0003
Cotton,148.1,14.63,1.002,0.9963,1.0024
Cotton,93.6,8.37,1.0035,0.9949,1.0018
Cotton,195.6,13.37,1.0,1.0011,0.994
Cotton,75.1,14.77,1.0033,0.9981,1.001
Cotton,40.5,9.36,1.0013,0.9956,1.0013
Cotton,160.5,12.8,1.0033,1.0013,1.0003
Cotton,67.8,5.25,1.0012,0.9996,0.9997
Cotton,87.3,12.23,0.9952,0.9955,1.0009
Cotton,139.2,19.56,0.9973,1.0009,1.0026
Cotton,69.1,15.78,1.0022,0.9955,0.9958
Cotton,158.6,13.98,0.9996,1.0037,1.003
Cotton,32.9,4.52,1.0023,1.0,0.9981
Cotton,148.3,8.76,0.9945,1.0025,1.0033
Cotton,34.5,18.67,1.0,0.9983,0.9955
Cotton,118.7,6.0,0.9963,1.0026,0.9965
Cotton,72.4,9.27,0.9952,1.0046,0.9999
Cotton,105.3,12.95,1.0019,1.0036,0.9972
Cotton,54.6,18.14,0.9972,1.0017,0.9992
Cotton,54.5,16.21,0.9995,0.9976,0.9948
Cotton,99.2,10.5,0.9957,1.0009,0.9959
Cotton,119.8,14.86,0.9994,0.9945,1.0015
Cotton,138.5,12.09,0.9974,0.9984,0.9959
Cotton,150.6,1.77,0.9972,0.9969,1.0022
Cotton,94.2,9.32,1.0035,0.9968,1.0031
Cotton,61.8,10.9,0.9959,1.0024,1.0031
Cotton,185.0,8.47,0.9977,0.9966,0.9965
Cotton,47.7,9.4,1.0034,0.9973,1.004
Cotton,109.5,7.48,0.9962,1.0022,0.9975
Cotton,173.6,8.62,1.0017,1.0034,0.9951
Cotton,130.8,2.26,0.998,0.999,0.9969
Cotton,146.9,3.73,0.9996,0.9975,1.0007
Cotton,35.0,12.9,0.998,1.0011,0.9983
Cotton,180.4,5.94,0.9971,0.9992,0.9944
Cotton,100.7,6.94,0.999,0.9975,0.9968
Cotton,143.3,3.26,0.9987,0.9948,0.9997
Cotton,69.9,7.65,0.9975,0.9965,1.0039
Cotton,162.8,18.48,0.9973,0.9968,1.0034
Cotton,158.7,11.2,0.9977,0.9942,0.9959
Cotton,92.0,5.72,0.9956,0.9988,1.0029
Cotton,82.9,3.03,0.9972,0.9957,1.0024
Cotton,141.5,1.62,0.9952,1.0011,0.999
Cotton,67.8,13.18,1.0014,0.9954,0.9963
Cotton,128.1,16.57,0.9964,1.0023,0.9994
Cotton,77.9,19.68,1.0015,1.0012,0.9958
Cotton,110.7,3.57,0.9988,0.9994,0.9956
Cotton,84.7,13.3,1.0044,0.9965,1.0029
Cotton,30.8,12.22,1.0016,0.9977,0.9997
Cotton,184.7,5.8,1.0028,0.994,0.9959
Cotton,164.9,19.45,1.0012,0.9998,0.9954
Cotton,126.2,1.85,0.9983,1.0027,1.0005
Cotton,159.9,7.19,1.0014,0.9944,1.0011
Cotton,71.7,8.99,0.9978,1.0029,1.0011
Cotton,124.4,19.36,0.9993,1.0035,0.9965
Cotton,179.4,7.08,0.9955,0.9981,1.0038
Cotton,124.3,7.94,0.9997,1.001,0.9956
Cotton,119.4,11.48,0.9943,1.0013,0.9943
Cotton,86.5,4.71,1.0,1.0001,0.9986
Cotton,119.1,10.1,0.9958,1.0016,1.0028
Cotton,56.3,18.26,1.0045,0.9947,0.9953
Cotton,197.5,11.31,1.0024,0.998,1.0011
Cotton,189.7,4.9,1.0007,0.9986,1.0034
Cotton,96.6,3.14,0.9972,0.9981,1.0044
Cotton,41.5,11.99,1.0004,0.9993,1.0032
Cotton,145.4,3.41,1.0015,1.0005,0.996
Cotton,169.6,12.29,1.0022,1.0033,1.0006
Cotton,99.5,7.31,1.0021,0.9969,1.0004
Cotton,149.6,8.42,0.9996,1.0019,1.0005
Cotton,121.9,13.25,0.9968,0.9975,1.0004
Cotton,39.0,3.68,1.0026,0.9972,0.9973
Cotton,91.8,10.96,0.9979,1.003,0.996
Cotton,117.6,5.2,0.9983,0.9966,0.9996
Cotton,133.5,17.86,0.9948,1.0002,0.9976
Cotton,193.2,11.55,0.9971,0.994,1.0001
Cotton,129.8,2.64,1.0015,1.0004,1.002
Cotton,196.7,17.63,1.0019,1.003,0.9966
Cotton,102.9,11.76,1.0006,0.996,0.9949
Cotton,108.9,15.83,0.9993,1.0012,1.0012
Cotton,76.7,17.17,1.0036,0.9954,0.9952
Cotton,191.9,19.21,0.9981,0.9953,0.9964
Cotton,163.1,6.72,1.0013,0.9968,0.9967
Cotton,173.1,11.95,0.9954,0.9958,1.003
Cotton,117.8,8.56,1.0016,1.0028,1.0042
Cotton,113.9,4.52,0.9946,0.995,1.0009
Cotton,33.8,9.68,0.995,1.0006,0.9998
Cotton,176.9,19.32,1.0001,1.0037,0.9982
Cotton,146.6,13.49,1.0001,0.9974,1.004
Cotton,183.8,15.43,1.0022,0.998,0.994
Cotton,146.9,6.1,1.0022,1.0015,0.9942
Cotton,87.7,13.41,0.9955,1.0023,0.9983
Cotton,55.9,14.37,0.9976,1.0012,1.0015
Cotton,163.4,13.89,0.9938,1.0037,0.9974
Cotton,127.3,1.76,1.0033,0.9989,0.9958
Cotton,148.0,15.84,0.9944,1.0035,1.0021
Cotton,110.4,10.21,0.9959,0.9973,0.9992
Cotton,79.1,8.34,1.0041,1.0042,1.0041
Cotton,120.3,7.33,0.9956,0.9998,0.9947
Cotton,135.1,17.31,1.0007,0.9945,1.001
Cotton,101.0,6.07,0.999,1.0008,1.0013
Cotton,115.8,16.58,1.003,0.9956,1.001
Cotton,56.7,1.29,1.0026,1.0005,1.0036
Cotton,107.6,5.08,1.0022,0.9988,1.0001
Cotton,140.9,4.56,0.9991,0.9991,0.9977
Cotton,106.4,14.83,0.9977,0.9977,0.9985
Cotton,85.0,8.3,0.9999,0.9949,1.0042
Cotton,159.6,6.08,1.0036,0.9989,0.9958
Cotton,98.1,17.62,0.9994,0.9955,0.9948
Cotton,39.1,7.52,0.9974,1.0013,0.9983
Cotton,72.4,6.43,1.0009,0.9982,1.0005
Cotton,138.0,19.54,0.9967,0.9986,0.9969
Cotton,50.1,14.28,0.9984,0.998,1.0021
Cotton,66.0,4.72,0.9951,1.0008,0.9981
Cotton,48.0,2.25,0.9959,0.9988,0.9961
Cotton,120.9,9.38,1.003,1.0009,0.9978
Cotton,125.9,4.11,1.0,1.0038,1.0011
Cotton,71.8,18.69,0.996,0.9953,1.0012
Cotton,108.2,19.27,0.9988,0.9952,0.9995
Cotton,176.3,14.56,0.9974,1.0008,0.9985
Cotton,189.9,4.68,0.9942,0.9966,1.0002
Cotton,30.4,12.27,0.9981,0.9964,0.9958
Cotton,73.9,14.0,1.0002,0.9973,0.9971
Cotton,132.8,19.42,0.997,0.9989,1.0011
Cotton,117.9,12.06,1.0013,0.9985,0.9982
Cotton,155.3,14.31,0.9991,0.9988,0.9986
Cotton,82.2,14.82,0.9997,0.9951,0.9974
Cotton,43.8,12.75,1.0011,0.9964,0.9954
Cotton,148.0,16.91,1.0012,1.0005,0.9943
Cotton,84.6,13.6,0.9958,0.9987,0.9982
Cotton,148.5,10.31,0.9946,1.0032,1.0041
Cotton,120.4,18.66,1.0033,1.0004,0.9996
Cotton,194.6,9.39,0.9992,0.9975,1.0025
Cotton,46.0,4.24,1.0,0.9971,0.9998
Cotton,71.1,17.47,0.9956,0.9998,1.0014
Cotton,89.3,18.46,0.9954,1.0018,1.002
Cotton,198.1,7.23,1.0007,0.9958,1.0019
Cotton,147.8,2.06,1.0016,0.9972,0.9975
Cotton,115.0,18.42,1.0018,1.0042,1.0023
Cotton,109.1,15.66,0.9975,1.0035,0.9972
Cotton,51.3,16.61,0.9966,0.9997,0.9952
Cotton,64.9,9.83,1.001,1.0043,0.996
Cotton,156.4,1.84,0.9979,1.002,1.0028
Cotton,95.9,16.78,0.997,0.9965,1.0012
Cotton,30.4,13.34,1.0045,1.0023,1.0045
Cotton,65.4,14.77,0.9985,0.9954,0.9986
Cotton,60.5,16.29,1.0012,0.9996,1.0027
Cotton,86.2,2.8,1.0018,1.0034,0.9974
Cotton,138.8,14.82,1.0034,1.0027,0.9951
Cotton,52.2,4.76,0.9986,0.9999,0.9953
Cotton,154.1,16.09,0.9969,0.9977,0.9979
Cotton,137.7,15.27,1.0022,1.0041,0.9975
Cotton,141.4,3.92,0.9958,0.9946,0.9975
Cotton,153.1,7.84,1.0021,0.9965,1.0018
Cotton,182.1,19.26,1.0034,0.9999,0.9937
Cotton,92.1,11.09,1.0005,0.9993,1.003
Cotton,58.1,6.09,0.9998,0.9951,0.9985
Cotton,125.6,18.15,1.0039,0.9965,0.9975
Cotton,191.5,8.64,0.9987,0.9997,0.9945
Cotton,160.9,11.57,1.0026,1.0002,1.0018
Cotton,80.5,16.01,1.0002,0.995,1.0032
Cotton,151.8,10.28,1.0035,1.0024,1.0025
Cotton,184.3,1.06,1.0,1.0014,0.9953
Cotton,137.0,1.02,1.001,0.9945,0.9969
Cotton,180.4,8.04,0.9947,1.002,0.9941
Cotton,100.1,16.94,0.9977,0.9976,1.0003
Cotton,134.0,19.36,0.9943,0.9981,0.9994
Cotton,97.5,12.22,1.003,1.002,1.0016
Cotton,57.8,4.22,0.9966,0.9973,0.995
Cotton,97.9,14.11,1.0001,1.0031,1.0027
Cotton,174.9,9.92,1.0022,1.0013,0.9964
Cotton,159.0,7.46,0.9947,1.0008,1.0021
Cotton,173.7,19.66,0.995,0.9943,1.0021
Cotton,123.1,3.07,1.0025,0.9966,1.0
Cotton,145.5,18.41,1.0014,0.9968,1.0012
Cotton,52.4,6.46,0.9981,0.9962,0.9974
Cotton,131.1,4.25,0.9966,0.9958,1.0013
Cotton,161.6,2.06,0.9943,0.9961,0.9987
Cotton,189.5,4.25,1.0003,0.9955,1.0006
Cotton,86.6,13.17,1.0028,1.0002,1.0016
Cotton,69.7,5.37,0.9963,0.998,0.9985
Cotton,138.2,10.21,0.9982,1.0001,1.0032
Cotton,148.4,6.22,1.0014,1.0022,0.9971
Cotton,182.9,11.21,1.0033,1.0025,1.0025
Cotton,107.9,18.74,0.9963,0.995,0.997
Cotton,123.8,1.01,0.999,1.0004,0.9984
Cotton,182.3,5.51,0.9943,0.9988,0.9959
Cotton,50.7,19.42,0.9988,1.0031,0.9962
Cotton,41.7,15.17,1.0038,0.9967,0.9966
Cotton,54.7,7.1,1.0007,1.0002,0.9995
Cotton,106.6,9.64,0.9998,1.0019,1.0014
Cotton,63.0,10.55,0.9953,0.999,1.0006
Cotton,58.2,19.84,1.004,1.0032,0.9965
Cotton,152.5,2.57,0.9991,1.0035,0.996
Cotton,57.8,7.42,1.0047,0.9986,0.9996
Cotton,34.7,12.04,1.0018,1.004,1.003
Cotton,37.2,14.66,0.9957,0.9976,0.9955
Cotton,83.0,18.56,0.9962,1.0044,0.997
Cotton,92.8,9.41,0.9947,1.0012,1.001
Cotton,67.5,14.42,1.0036,1.0016,0.9981
Cotton,77.5,18.27,1.0013,1.0007,0.9964
Cotton,139.3,9.72,0.9952,1.0035,1.0028
Cotton,124.0,16.44,1.0029,1.0029,0.9963
Cotton,118.8,10.66,1.0036,0.998,1.0006
Cotton,154.3,16.33,0.9999,0.9974,1.0016
Cotton,128.5,15.15,0.9975,0.9991,0.9999
Cotton,40.1,14.29,0.9966,1.0029,0.9995
Cotton,68.2,15.08,1.0013,0.9948,0.9994
Cotton,125.1,17.61,0.9947,0.9986,1.0023
Cotton,115.5,6.66,1.0011,0.9973,1.0016
Cotton,158.0,4.2,1.0002,0.9969,0.9967
Cotton,92.3,13.28,1.0031,0.9949,1.0008
Cotton,94.8,3.59,1.0029,0.9992,1.004
Cotton,189.0,1.01,0.9955,1.0022,1.0008
Cotton,92.7,16.23,1.001,0.9971,1.0007
Cotton,165.3,15.17,0.9943,1.0015,0.9976
Cotton,155.6,4.38,0.997,0.9949,0.9984
Cotton,99.4,9.0,1.0008,0.9948,1.001
Cotton,126.8,6.04,0.9947,0.9975,0.9984
Cotton,112.3,5.72,0.9986,0.9971,1.0029
Cotton,173.2,7.17,0.9958,1.0012,0.9943
Cotton,84.4,17.16,1.0017,0.9959,0.9985
Cotton,41.4,19.78,0.9976,0.9953,1.0013
Cotton,182.1,15.56,1.0018,0.9986,0.9972
Cotton,181.2,14.51,0.9954,0.995,0.9999
Cotton,87.0,17.02,0.9985,0.997,1.0035
Cotton,135.2,17.97,0.9976,1.0014,1.0036
Cotton,157.1,4.54,1.0039,0.9958,1.0028
Cotton,98.3,12.14,0.9972,1.0,0.9951
Cotton,104.5,12.9,0.9981,0.9972,0.9995
Cotton,136.6,17.51,0.9943,1.004,1.0015
Cotton,108.2,2.51,0.9948,0.9952,0.9949
Cotton,53.0,19.99,1.0042,0.9999,0.9947
Cotton,96.6,13.16,1.0038,0.9955,1.0018
Cotton,112.0,14.61,1.0007,0.9946,0.9969
Cotton,41.8,2.04,1.0046,1.0022,0.9993
Cotton,148.8,14.07,1.0012,1.0022,1.0032
Cotton,59.4,1.58,1.0005,0.9969,1.002
Cotton,100.4,2.08,0.9972,0.9959,0.9952
Cotton,36.8,17.1,1.0015,0.9968,0.995
Cotton,89.2,15.93,0.9965,0.9981,0.9997
Cotton,107.5,7.01,0.9982,0.9946,0.9988
Cotton,194.3,7.8,0.9947,0.995,0.9991
Cotton,88.7,2.37,0.9986,1.0003,0.9959
Cotton,152.3,18.7,0.9985,1.0009,0.9946
Cotton,162.3,11.26,0.995,1.0037,0.9952
Cotton,43.5,14.48,0.9964,1.002,1.0032
Cotton,73.5,15.28,1.0006,0.9972,0.9949
Cotton,47.9,17.28,1.0043,0.9948,0.9972
Cotton,148.6,10.48,1.0034,0.9976,0.9954
Cotton,148.8,10.44,0.9989,0.9949,0.9956
Cotton,104.6,7.12,0.9947,1.001,0.9976
Cotton,168.3,15.2,0.9967,0.9941,0.9991
Cotton,152.3,1.66,1.0002,1.001,0.9956
Cotton,160.2,5.37,0.9963,0.9945,1.0009
Cotton,186.9,12.06,1.0001,0.9996,1.0016
Cotton,171.6,12.22,0.9947,1.0017,1.0023
Cotton,161.3,1.49,1.0,1.001,0.9954
Cotton,171.9,17.37,0.9981,1.0009,1.0038
Cotton,129.8,13.57,1.0025,1.0007,0.9994
Cotton,106.1,18.07,1.0015,0.9977,1.0002
Cotton,183.7,12.83,1.0016,0.9965,0.9957
Cotton,150.3,16.6,0.9953,0.9983,1.0005
Cotton,111.5,11.12,1.0014,1.0007,1.0029
Cotton,172.8,17.99,0.9991,1.0026,0.9942
Cotton,41.9,15.55,1.0003,1.0021,1.0017
Cotton,109.6,16.56,0.9961,1.0017,0.9992
Cotton,114.6,10.82,1.0009,0.9989,0.9994
Cotton,32.0,1.06,1.0019,0.9963,1.0046
Cotton,115.6,16.06,1.0005,0.9951,1.0012
Cotton,180.7,4.63,1.0014,1.0039,0.9986
Cotton,60.3,11.68,1.0014,1.0026,0.9985
Cotton,170.9,8.36,0.9954,0.9948,1.0023
Cotton,185.9,12.2,1.0032,1.0012,1.0006
Cotton,94.8,17.01,0.9983,1.0032,1.0
Cotton,176.8,19.07,0.9977,0.9949,0.9946
Cotton,193.9,11.54,0.9935,0.9962,0.994
Cotton,126.6,13.51,1.0008,1.0043,0.9982
Cotton,112.2,15.39,0.9944,0.9996,0.9966
Cotton,166.7,5.15,0.9997,1.0006,0.9976
Cotton,96.5,14.34,1.0008,0.9994,0.9945
Cotton,151.7,7.73,0.9992,0.9944,0.9945
Cotton,171.4,1.92,1.0,0.9996,0.9946
Cotton,136.4,4.55,0.9947,1.0014,1.002
Cotton,171.0,7.68,1.0036,0.9977,0.9983
Cotton,80.1,16.2,1.0003,1.002,1.0022
Cotton,173.5,5.96,0.998,0.998,0.9978
Cotton,148.9,12.33,1.0014,1.0,1.0038
Cotton,104.8,2.75,0.9956,1.0009,0.9957
Cotton,182.7,6.9,1.0025,0.996,0.9989
Cotton,74.8,1.27,0.9961,1.0042,0.9993
Cotton,77.4,16.84,1.0014,1.0043,1.0022
Cotton,104.0,7.32,0.9946,1.0014,1.0012
Cotton,36.9,4.58,0.9998,1.0013,0.9969
Cotton,178.7,7.32,0.9982,1.0004,1.0006
Cotton,52.5,4.37,0.998,1.002,0.9973
Cotton,125.0,1.68,0.9963,1.0003,0.9966
Cotton,114.3,11.55,0.9987,0.998,0.9983
Cotton,191.8,17.22,1.0011,0.997,0.9944
Cotton,83.6,5.92,1.0016,1.0044,0.9975
Cotton,131.7,3.6,0.9942,0.9954,0.995
Cotton,122.8,15.49,1.0012,0.9963,0.9996
Cotton,175.6,3.2,0.9963,0.9955,1.0027
Cotton,115.5,17.09,0.9967,0.9953,1.0019
Cotton,31.6,14.02,0.995,0.9995,0.9997
Cotton,118.4,16.33,0.9976,1.0031,0.9982
Cotton,125.6,10.47,0.9981,0.9974,1.0033
Cotton,38.2,5.24,1.0008,1.0024,1.002
Cotton,180.8,14.63,0.9979,1.0003,0.9951
Cotton,58.7,9.86,1.0031,0.9992,0.999
Cotton,33.2,6.1,1.0014,1.0035,0.9953
Cotton,153.1,1.37,1.0026,0.9995,0.9973
Cotton,165.2,7.76,0.9972,0.9955,0.995
Cotton,120.2,7.02,0.9997,1.0025,1.0034
Cotton,178.5,12.87,1.0026,1.0024,1.0006
Cotton,106.5,6.21,0.9963,1.0006,0.9951
Cotton,37.3,5.43,0.9978,0.9993,0.9957
Cotton,138.6,6.77,0.9964,1.0014,0.9965
Cotton,144.9,9.38,0.9963,1.0019,1.0006
Cotton,135.5,17.07,0.9991,0.9985,0.9963
Cotton,155.5,12.45,0.9983,1.0016,0.9951
Cotton,151.6,13.42,0.9957,0.9998,0.9942
Cotton,78.5,12.28,1.0009,1.0,1.0025
Cotton,56.7,4.85,0.9988,1.0043,0.9956
Cotton,41.8,19.55,1.0042,0.9958,1.0028
Cotton,113.6,14.97,1.0024,1.0036,0.9984
Cotton,45.1,8.18,1.0037,1.0036,0.9999
Cotton,135.7,10.54,0.9957,0.9973,1.0016
Cotton,174.1,7.85,0.9951,0.9998,0.9996
Cotton,86.0,14.35,1.0036,1.0008,0.9975
Cotton,80.1,7.4,1.0015,1.0035,1.0001
Cotton,62.9,17.79,0.9965,0.9972,1.0044
Cotton,198.3,12.45,0.9936,0.9949,0.9963
Cotton,133.2,8.43,0.9946,1.0003,0.9983
Cotton,86.2,5.28,1.0014,1.0017,0.9969
Cotton,43.0,13.59,0.9967,0.9996,0.9994
Cotton,132.2,19.82,1.0001,1.0021,1.0011
Cotton,148.3,10.81,1.0034,0.9949,0.9948
Cotton,150.8,13.11,0.9961,1.0037,1.0034
Cotton,77.1,7.06,0.9964,0.9999,1.0007
Cotton,139.8,5.78,0.9969,0.9951,0.9964
Cotton,162.4,11.64,0.9949,1.0005,1.0015
Cotton,150.4,3.75,0.9976,0.9988,1.0034
Cotton,67.8,17.04,0.9949,0.9966,0.9981
Cotton,144.5,13.36,1.002,0.9986,0.9984
Cotton,105.9,7.33,0.9944,1.0023,0.9964
Cotton,157.5,10.2,1.003,1.0005,1.003
Cotton,95.2,2.13,0.9968,1.0032,0.9967
Cotton,199.6,2.29,0.9954,0.9964,0.9967
Cotton,199.2,15.53,0.9943,0.998,0.9959
Cotton,134.7,9.3,1.0012,1.0007,0.9993
Cotton,160.8,16.11,0.9953,1.001,1.0005
Cotton,100.8,11.37,0.9951,0.9997,1.0014
Cotton,145.8,15.15,0.9986,0.9947,0.9979
Cotton,74.3,18.34,0.9947,0.9995,0.997
Cotton,44.6,8.18,0.995,1.0021,0.9954
Cotton,153.8,3.95,0.9982,0.9993,0.9962
Cotton,174.3,7.27,0.9998,1.0032,1.0023
Cotton,105.8,5.74,1.0025,1.0001,0.9993
Cotton,95.0,5.95,0.9958,0.9976,1.0046
Cotton,159.5,6.38,0.9951,0.9961,0.9969
Cotton,179.3,15.81,0.9989,1.0016,0.998
Cotton,90.5,16.45,1.0021,1.0041,0.9962
Cotton,67.9,13.68,0.9993,0.9985,0.9991
Cotton,159.5,7.48,1.0022,0.9943,1.0019
Cotton,129.3,19.4,1.0015,1.0039,0.9966
Cotton,106.3,12.78,0.9976,0.9984,0.9974
Cotton,189.6,4.44,0.9942,0.9997,0.9983
Cotton,86.4,17.82,0.9993,0.9985,0.9995
Cotton,150.5,4.82,1.0007,1.0019,1.0028
Cotton,31.9,18.95,1.002,0.9995,1.0024
Cotton,178.5,4.12,0.9983,0.9967,0.9964
Cotton,121.8,18.19,0.9955,1.0029,0.9987
Cotton,174.7,7.71,1.0007,0.9963,1.0005
Cotton,140.3,6.06,0.9944,1.0025,1.0005
Cotton,142.6,18.07,0.9963,0.9973,0.9967
Cotton,174.0,16.26,0.9942,1.0,1.0038
Cotton,74.1,17.86,1.0021,0.9976,0.9987
Cotton,119.3,14.35,1.003,1.0005,1.0039
Cotton,138.2,1.89,1.0013,0.9984,1.0033
Cotton,172.9,18.82,0.9953,0.9955,0.9982
Cotton,109.1,3.12,0.9989,0.9991,0.9993
Cotton,190.3,2.62,1.0026,0.9952,1.0028
Cotton,56.7,15.07,0.9967,1.004,1.0031
Cotton,69.9,11.02,0.9995,0.9953,0.9948
Cotton,138.8,5.09,0.9949,1.0012,0.9955
Cotton,102.3,17.48,1.0014,0.9986,0.9974
Cotton,144.6,8.55,1.0013,0.9994,1.0
Cotton,154.5,10.11,1.0031,0.9958,1.0015
Cotton,115.4,4.42,0.999,1.0042,1.0008
Cotton,51.4,10.39,1.0012,1.0037,1.0003
Cotton,104.8,19.75,0.9987,0.9983,0.9987
Cotton,138.4,10.86,0.9997,0.9988,0.9956
Cotton,107.5,8.04,0.9961,1.004,1.0044
Cotton,131.6,2.05,1.0042,1.0022,0.9963
Cotton,158.9,5.23,0.9984,0.9967,0.9969
Cotton,199.3,10.09,1.0022,1.0013,1.0034
Cotton,88.8,6.98,1.0044,1.0032,1.0041
Cotton,124.8,16.71,0.9974,0.9987,1.002
Cotton,194.6,9.57,0.9938,0.9984,1.0003
Cotton,195.8,12.51,1.0017,0.9949,0.9947
Cotton,174.1,18.13,0.9965,0.9963,0.9958
Cotton,98.0,6.62,0.9979,1.0044,1.0031
Cotton,193.4,5.65,1.0006,1.0013,1.0011
Cotton,59.7,14.92,0.9949,0.9963,1.0041
Cotton,148.7,9.57,1.0017,1.0001,0.9971
Cotton,130.1,12.5,1.0026,1.0019,1.0018
Cotton,110.1,5.42,1.0014,0.9993,0.9981
Cotton,120.6,14.79,0.9978,0.9963,0.9947
Cotton,182.8,16.23,0.9957,0.9969,0.9976
Cotton,185.5,4.67,0.9977,0.9987,0.9991
Cotton,146.7,19.68,0.9961,0.999,0.9963
Cotton,137.6,16.82,1.0038,0.9973,0.9972
Cotton,128.5,17.65,0.9943,0.9982,1.0037
Cotton,157.8,15.9,1.0024,1.0016,0.9996
Cotton,137.7,8.16,1.0012,0.9945,0.9957
Cotton,198.7,6.6,0.9997,1.0025,1.0014
Cotton,45.2,16.76,0.9973,0.9974,0.9968
Cotton,159.4,12.98,0.9943,1.0001,0.9988
Cotton,182.9,2.14,0.9996,0.9961,0.9988
Cotton,178.7,2.79,1.0031,0.9962,0.9956
Cotton,130.6,10.6,1.0,1.0025,1.0002
Cotton,171.8,1.78,0.9976,0.9941,1.0008
Cotton,162.7,19.55,0.9999,1.0033,0.9988
Cotton,102.4,9.26,1.0042,0.9951,1.0008
Cotton,96.0,1.65,0.9969,0.9977,1.0043
Cotton,35.2,17.42,0.998,1.0046,0.9974
Cotton,101.4,1.32,1.0026,1.0023,0.9958
Cotton,177.8,6.21,1.0029,0.9982,1.0032
Cotton,113.9,4.72,0.9954,1.0033,0.9957
Cotton,197.6,6.06,0.9969,1.0001,1.0004
Cotton,136.0,11.98,1.0016,0.999,1.0016
Cotton,48.3,8.2,1.0047,1.0037,1.0028
Cotton,38.0,17.42,0.997,0.9977,0.9996
Cotton,100.8,19.13,0.9999,0.9945,1.0027
Cotton,92.7,11.9,0.9998,0.9966,0.9985
Cotton,183.2,19.81,1.0023,1.0036,0.9979
Cotton,118.4,3.04,0.9952,1.0034,1.0027
Cotton,66.8,15.1,0.9947,0.9985,0.9967
Cotton,80.9,13.0,1.0043,1.0011,1.0035
Cotton,113.8,3.4,0.9944,1.0003,0.9948
Cotton,49.8,4.73,0.9968,1.0012,1.0046
Cotton,34.9,5.19,1.0028,0.9984,0.9992
Cotton,59.4,6.86,1.0046,1.0004,1.0022
Cotton,125.5,19.36,1.0022,0.9996,1.0028
Cotton,81.1,12.32,0.9949,0.9987,1.0001
Cotton,149.2,7.13,1.0038,0.9952,0.9982
Cotton,154.5,4.1,0.9969,1.0026,1.0031
Cotton,138.6,9.56,1.002,1.0038,0.9971
Cotton,43.7,13.16,0.9968,0.9968,0.9957
Cotton,30.2,10.75,1.0026,0.9956,0.9988
Cotton,160.8,10.45,1.0007,1.0003,1.0008
Cotton,91.2,2.38,0.9997,1.003,1.0014
Cotton,174.6,8.2,1.0025,0.9944,1.0009
Cotton,62.2,5.95,1.0006,0.9951,1.0027
Cotton,145.1,11.09,1.0038,0.9974,1.0033
Cotton,121.8,13.05,0.999,1.0022,1.0004
Cotton,169.2,11.34,0.9957,0.9942,0.9985
Cotton,65.0,2.57,0.9953,1.0045,1.0027
Cotton,99.6,13.21,0.9974,0.998,1.0013
Cotton,107.7,10.89,1.0038,0.9952,0.9963
Cotton,195.8,14.73,0.9969,1.0002,1.0029
Cotton,32.4,2.09,0.9957,0.996,1.0021
Cotton,150.6,2.42,1.0029,0.9943,1.004
Cotton,117.5,7.8,1.0016,0.9955,1.0029
Cotton,194.1,3.57,0.9956,0.9964,1.0032
Cotton,31.4,14.78,0.9976,0.9981,0.998
Cotton,180.3,14.29,0.9974,0.9971,0.9974
Cotton,43.3,6.11,1.0042,1.0015,1.002
Cotton,147.7,14.94,0.9995,0.9985,0.9947
Cotton,172.9,12.63,1.0003,0.9951,0.9954
Cotton,73.5,10.43,0.9989,0.9958,1.0035
Cotton,82.3,19.42,0.9959,1.002,0.9948
Cotton,99.1,7.51,1.002,1.0038,0.9986
Cotton,43.0,3.35,1.0031,0.999,1.002
Cotton,80.8,2.67,1.0017,1.0011,0.9947
Cotton,40.9,14.48,0.9969,1.0017,0.996
Cotton,107.3,16.69,0.9976,0.998,1.0042
Cotton,140.6,18.21,0.9957,0.9996,1.0005
Cotton,197.3,4.65,0.9986,0.9949,0.9963
Cotton,77.9,17.93,0.9962,0.9996,1.002
Cotton,74.9,12.45,0.9951,1.0044,0.9997
Cotton,199.3,14.88,1.0011,0.9938,1.0009
Cotton,92.4,12.68,1.0034,1.0018,0.9972
Cotton,119.2,2.31,0.9998,0.9984,0.9978
Cotton,105.8,4.4,0.9947,0.9995,0.9964
Cotton,78.7,18.56,1.0039,1.0028,0.9982
Cotton,43.5,19.19,0.9981,0.9993,1.0033
Cotton,116.5,16.91,1.0029,0.998,0.9976
Cotton,123.8,12.27,1.0013,1.0022,0.996
Cotton,102.1,5.69,0.9976,0.9959,0.9994
Cotton,51.8,6.8,0.9974,1.0001,1.0041
Cotton,143.9,11.76,0.9946,0.9958,1.0031
Cotton,134.9,13.23,0.9986,0.9959,0.9973
Cotton,48.1,13.31,1.0019,0.9962,0.9978
Cotton,87.1,10.32,1.002,1.0044,0.997
Cotton,79.5,19.22,1.003,0.9959,0.9982
Cotton,40.3,2.15,0.9963,1.0034,0.9971
Cotton,32.6,3.15,0.9956,0.9992,1.0033
Cotton,61.4,6.36,0.9994,0.9995,1.0015
Cotton,145.1,19.33,0.9975,1.0007,1.0002
Cotton,155.6,17.94,1.0034,0.9942,1.0006
Cotton,102.7,15.07,0.9999,0.9984,1.0037
Cotton,110.4,12.09,1.0039,1.0038,1.0013
Cotton,89.8,13.77,0.9987,1.0023,0.9953
Cotton,66.0,1.29,0.9993,0.9992,0.9977
Cotton,135.8,9.58,1.0011,1.0013,0.9961
Cotton,126.0,10.61,1.0036,0.9987,1.0034
Cotton,134.7,6.37,0.9973,1.0009,1.0021
Cotton,137.9,3.43,0.9951,0.9958,1.0028
Cotton,171.4,16.48,1.0033,1.0012,0.9953
Cotton,192.6,8.02,0.9993,0.9961,1.0003
Cotton,184.7,4.99,0.9992,1.002,0.9963
Cotton,49.0,18.0,1.0041,0.999,0.9987
Cotton,176.6,17.71,0.9982,1.0006,1.0029
Cotton,100.3,10.24,0.9992,0.9956,1.0044
Cotton,167.2,12.02,1.0027,1.0019,0.9951
Cotton,114.0,18.15,0.9954,1.0001,1.0034
Cotton,114.1,7.12,0.998,1.0037,0.9984
Cotton,60.9,6.73,0.9968,1.0035,1.002
Cotton,81.4,16.14,0.9998,1.0043,1.0016
Cotton,155.9,17.16,0.9982,1.0021,0.9986
Cotton,123.7,7.58,0.9945,1.0011,0.9979
Cotton,147.9,12.91,0.9946,1.0039,1.0026
Cotton,119.9,13.01,0.997,0.9949,1.0016
Cotton,170.3,15.7,0.9997,0.9956,0.9969
Cotton,69.3,12.54,0.9966,0.9985,1.0042
Cotton,78.7,11.24,0.9985,1.0046,0.9992
Cotton,50.3,10.96,0.9988,1.0,1.0021
Cotton,151.9,13.25,0.9968,0.9985,0.9969
Cotton,101.0,19.48,1.0016,0.9981,0.9956
Cotton,182.3,14.14,0.996,1.0002,0.9948
Cotton,117.8,16.26,0.9993,0.9975,0.9992
Cotton,175.3,3.3,0.996,0.9974,1.0004
Cotton,178.7,7.69,1.0003,0.9999,1.0003
Cotton,35.1,9.75,1.0027,0.9955,1.0038
Cotton,139.1,16.82,1.0002,0.9979,1.0038
Cotton,34.6,1.37,0.9998,0.996,1.0043
Cotton,47.7,9.94,1.0044,1.0007,0.9959
Cotton,61.2,12.9,0.9982,0.9992,0.9959
Cotton,38.9,7.95,1.0027,1.004,0.9965
Cotton,174.7,2.99,0.9985,1.0004,0.9976
Cotton,84.5,18.54,0.9984,1.0036,1.002
Cotton,157.3,5.1,0.9971,0.9992,0.9955
Cotton,56.2,4.51,0.9953,0.9955,0.999
Cotton,183.8,8.71,0.9982,0.9977,0.9955
Cotton,40.5,16.74,1.0015,1.002,0.9998
Cotton,101.3,12.84,0.9988,0.9968,0.9961
Cotton,35.7,11.9,1.0047,1.0046,1.0021
Cotton,88.2,14.69,1.0043,0.9965,0.9963
Cotton,93.7,1.02,1.0019,0.9951,1.0036
Cotton,96.0,12.94,1.0011,1.0022,0.9978
Cotton,122.0,5.81,1.001,0.9957,0.9984
Cotton,128.7,6.02,0.9953,1.0018,1.0024
Cotton,165.1,13.87,0.9941,0.9997,0.9989
Cotton,156.9,6.65,1.0034,0.9983,0.9966
Cotton,61.7,16.89,0.9957,1.0043,0.9992
Cotton,51.2,8.15,1.0007,0.9966,1.0005
Cotton,34.7,10.94,0.9983,0.9957,0.9975
Cotton,165.4,6.14,0.9957,0.9944,1.0024
Cotton,183.4,5.12,1.0016,0.9944,0.9985
Cotton,58.6,3.72,0.9994,1.001,1.0043
Cotton,178.0,18.34,0.9992,1.0011,0.9986
Cotton,79.8,11.27,0.9985,0.9954,1.0023
Cotton,197.4,14.13,0.9981,1.0024,0.9982
Cotton,66.3,10.55,1.0034,0.9953,0.9957
Cotton,167.1,1.63,0.9975,1.001,1.0
Cotton,190.6,11.06,0.9972,1.0035,0.9953
Cotton,109.1,7.37,0.9971,1.0024,1.0025
Nylon,97.6,5.6,0.9965,0.9975,1.0015
Nylon,97.9,5.76,0.9949,1.0031,1.0039
Nylon,151.2,8.94,0.9982,1.0018,0.9976
Nylon,82.9,9.87,0.9971,1.0013,1.0004
Nylon,39.5,3.29,1.0038,1.0016,0.9957
Nylon,95.5,16.76,1.002,0.9977,1.0012
Nylon,42.4,3.83,1.001,0.9992,1.0025
Nylon,140.4,7.97,0.9972,1.0003,0.9949
Nylon,165.4,4.77,0.9988,0.9946,1.0005
Nylon,100.5,18.57,0.9947,0.9946,0.9977
Nylon,162.3,16.81,0.9964,0.9987,0.996
Nylon,158.0,8.54,0.9969,0.9976,1.0042
Nylon,97.5,6.59,1.0022,1.0036,1.0034
Nylon,44.5,12.27,1.0039,0.998,0.9987
Nylon,70.0,17.37,1.0013,0.9995,0.9953
Nylon,49.6,16.47,0.9998,0.9959,0.9982
Nylon,150.9,13.95,0.9959,1.004,0.995
Nylon,131.5,18.94,1.0018,0.9957,1.0028
Nylon,54.1,7.61,1.0003,0.9955,0.9993
Nylon,164.4,10.09,1.0034,0.9951,0.9983
Nylon,145.5,4.07,1.001,1.0031,1.0037
Nylon,172.9,18.06,0.9991,1.0027,0.9964
Nylon,103.6,10.49,1.0001,0.9969,1.0012
Nylon,38.1,4.82,1.0031,0.9969,1.0
Nylon,96.7,13.07,0.998,1.0009,0.9964
Nylon,96.1,10.93,0.9984,0.9998,1.0
Nylon,33.8,12.19,0.999,0.9973,0.9951
Nylon,61.7,3.72,1.0048,0.995,0.9969
Nylon,99.6,16.47,0.9973,1.0033,1.0007
Nylon,125.3,5.46,0.9967,1.0025,0.9972
Nylon,146.0,5.1,0.999,0.9989,0.9962
Nylon,170.7,5.33,0.9959,0.9957,0.9983
Nylon,153.0,10.56,0.997,1.0,0.9969
Nylon,114.8,8.92,1.0032,1.0007,1.0018
Nylon,159.3,18.86,1.0013,1.0029,0.9992
Nylon,54.0,6.88,1.0016,0.9966,1.004
Nylon,44.5,19.85,1.003,1.0009,0.9958
Nylon,184.7,8.91,0.9947,0.9992,1.0
Nylon,116.0,15.27,1.0004,1.0001,0.9951
Nylon,33.3,4.95,0.9989,0.9967,0.9964
Nylon,75.7,6.74,1.003,0.9966,0.9983
Nylon,74.0,8.4,0.997,0.9961,1.0018
Nylon,150.0,4.41,1.0033,0.9954,0.9976
Nylon,89.2,3.77,0.9952,0.9957,1.0009
Nylon,128.3,15.77,0.9961,1.0037,0.9988
Nylon,91.5,2.62,1.0013,0.9981,1.0018
Nylon,162.7,2.3,0.9943,0.9983,1.0021
Nylon,80.3,12.26,0.9979,0.9957,0.9966
Nylon,102.3,16.45,0.9945,1.0019,0.9979
Nylon,108.9,17.03,1.0008,0.9986,1.0019
Nylon,184.1,10.1,1.0037,0.9951,0.995
Nylon,185.1,3.56,0.9941,0.9958,1.0016
Nylon,50.2,14.49,1.0001,1.0045,0.998
Nylon,92.0,2.03,0.9988,0.9969,1.0005
Nylon,143.0,10.66,1.0042,1.0023,1.0041
Nylon,107.9,15.01,0.9986,1.0033,0.998
Nylon,135.2,15.29,0.995,1.0039,0.9981
Nylon,170.2,12.12,0.9981,1.0016,0.9956
Nylon,94.3,19.69,1.0002,1.0003,1.0025
Nylon,146.7,17.1,0.9965,1.0009,1.0016
Nylon,63.5,13.92,1.0044,0.9977,0.9957
Nylon,101.1,9.17,0.9957,0.9993,1.0022
Nylon,150.4,6.19,0.9961,0.9954,0.9962
Nylon,81.3,19.37,0.9956,1.0018,1.0005
Nylon,111.5,19.49,0.9953,1.0018,1.0024
Nylon,128.0,18.42,0.9968,0.9964,0.9989
Nylon,47.2,13.57,1.0007,0.9985,0.9971
Nylon,125.1,1.28,1.0019,0.9969,0.9993
Nylon,34.1,6.97,1.0023,0.9982,1.0046
Nylon,84.0,9.1,0.9967,1.0014,0.9976
Nylon,68.3,14.24,1.0043,1.0008,1.0043
Nylon,194.3,17.98,0.9976,1.0033,0.9959
Nylon,89.2,9.48,0.9955,0.9983,0.9973
Nylon,198.5,5.62,1.0003,0.9992,1.0031
Nylon,85.0,3.05,1.0027,1.0002,1.0044
Nylon,147.2,3.8,0.9983,0.9998,1.0001
Nylon,139.6,18.14,0.9967,1.002,1.0011
Nylon,59.5,10.73,0.9978,0.9994,1.0015
Nylon,101.0,19.13,1.0042,1.0021,1.0011
Nylon,117.4,2.62,1.002,0.9983,0.9975
Nylon,132.9,3.03,0.9975,0.997,0.9987
Nylon,47.0,5.12,1.0,0.9992,1.0028
Nylon,100.4,14.15,1.003,0.9954,0.9955
Nylon,170.4,7.06,0.9965,0.9988,0.9944
Nylon,157.9,16.07,1.0024,0.9981,0.995
Nylon,114.7,5.93,0.9945,1.0006,1.0037
Nylon,93.7,5.55,0.9954,0.9958,1.0026
Nylon,168.6,12.3,1.0026,1.0008,0.9981
Nylon,160.8,3.67,1.0002,0.9988,0.9958
Nylon,38.9,2.69,0.9992,1.0011,0.9956
Nylon,158.5,3.01,0.998,0.9988,1.0036
Nylon,137.6,6.96,1.0012,1.0,1.0013
Nylon,113.5,5.91,1.0034,1.0034,1.0007
Nylon,54.4,7.91,0.9973,0.996,1.0046
Nylon,85.5,1.02,0.9986,0.9958,0.9959
Nylon,150.0,11.29,1.0015,1.0036,0.9948
Nylon,132.5,9.86,1.0028,0.9992,0.9972
Nylon,104.8,16.55,1.0007,1.0003,0.9954
Nylon,52.0,18.74,1.0022,1.0009,0.9986
Nylon,99.5,14.89,0.9967,0.9979,0.9977
Nylon,116.2,10.93,0.9963,1.0039,0.996
Nylon,135.3,9.12,0.9994,1.0034,1.003
Nylon,64.5,7.82,1.0017,1.0015,1.001
Nylon,48.4,12.52,1.0036,0.9995,0.9973
Nylon,91.5,18.69,1.0015,1.0011,0.996
Nylon,86.8,13.3,1.0044,0.9969,1.0015
Nylon,63.3,8.7,0.9998,0.9958,0.9994
Nylon,49.7,16.35,0.9984,0.9969,1.0011
Nylon,131.5,7.32,1.0041,1.0005,1.0037
Nylon,167.2,9.07,0.9998,1.0004,0.9993
Nylon,141.7,12.53,0.9996,0.9967,1.0024
Nylon,133.1,14.89,1.0013,0.9996,0.9976
Nylon,136.7,3.31,1.0002,1.0015,1.0022
Nylon,80.9,5.17,0.9978,1.0004,0.9959
Nylon,57.0,2.35,0.9974,1.0021,1.0047
Nylon,35.6,8.63,1.0033,0.9964,1.004
Nylon,123.5,19.09,0.9992,0.9947,0.9946
Nylon,162.3,4.02,1.0009,0.9992,1.0012
Nylon,198.6,16.02,0.9958,0.9965,0.9985
Nylon,94.7,16.46,1.0026,0.9951,0.9991
Nylon,194.0,17.75,0.9995,1.0001,0.9971
Nylon,143.4,1.01,0.9947,1.0015,0.998
Nylon,168.9,18.29,1.0002,0.997,0.999
Nylon,170.5,19.36,0.9967,1.0022,0.9951
Nylon,153.5,6.17,1.0014,0.995,0.9949
Nylon,56.0,3.88,0.9954,0.9963,0.998
Nylon,158.7,5.0,0.9945,0.9961,1.0012
Nylon,37.6,15.88,0.9957,0.9992,1.0038
Nylon,170.9,9.47,1.0002,0.9948,0.9977
Nylon,92.9,3.4,0.9995,0.9966,1.0009
Nylon,72.9,19.24,0.9995,0.9994,1.0023
Nylon,83.3,18.64,0.9973,0.996,0.9984
Nylon,63.2,16.64,0.9971,1.0037,1.001
Nylon,122.5,6.84,1.0017,0.9987,0.9952
Nylon,186.2,4.94,0.9969,0.9962,0.9947
Nylon,53.4,2.69,0.9953,0.9991,0.9954
Nylon,142.5,16.01,1.0008,1.0017,1.0023
Nylon,37.0,7.96,1.0023,0.9973,1.0048
Nylon,187.6,3.26,0.9989,0.999,1.003
Nylon,196.7,4.87,1.0011,1.0006,1.0035
Nylon,150.5,1.81,1.0019,1.0028,1.0036
Nylon,48.9,14.67,0.9963,1.0046,1.001
Nylon,120.3,2.75,0.9983,0.9947,0.9989
Nylon,62.0,4.13,0.997,1.0001,0.9986
Nylon,198.5,13.65,0.9949,0.9949,1.002
Nylon,34.6,16.25,1.0041,0.9964,1.0035
Nylon,186.1,11.59,1.0028,1.0041,1.0009
Nylon,184.7,15.64,0.9953,1.0025,1.002
Nylon,106.5,17.77,0.9968,0.9981,0.9975
Nylon,142.1,18.17,1.0002,1.0011,0.9977
Nylon,184.7,9.58,0.9958,0.998,1.0
Nylon,126.1,8.45,0.9975,0.9947,0.996
Nylon,115.4,5.99,1.0007,0.9951,0.9953
Nylon,137.7,12.84,0.9969,0.9945,0.9948
Nylon,139.3,13.44,1.0005,0.998,0.9991
Nylon,118.6,8.15,0.9969,0.9979,1.0003
Nylon,138.7,18.87,1.0025,0.9946,1.0028
Nylon,111.7,5.18,1.0037,0.9964,0.9984
Nylon,197.7,16.58,1.0032,0.9969,1.0006
Nylon,176.0,14.15,0.9997,0.9981,1.0003
Nylon,149.7,5.47,0.9999,0.9999,1.0016
Nylon,155.6,1.52,0.9943,1.0036,1.0042
Nylon,148.9,18.17,1.0033,1.0011,1.001
Nylon,81.5,6.86,1.0032,0.9996,0.9961
Nylon,105.9,2.08,0.9957,1.0019,1.0016
Nylon,175.4,9.86,1.0038,1.001,0.9959
Nylon,152.8,9.59,0.9975,1.0005,0.9957
Nylon,162.2,15.22,1.0003,1.0036,0.9995
Nylon,127.6,1.5,1.0043,0.9963,1.0015
Nylon,48.0,1.99,1.0013,0.9962,1.0025
Nylon,39.3,3.85,1.0024,1.0009,0.9967
Nylon,88.1,16.82,0.9978,0.9982,1.0042
Nylon,56.5,5.08,0.9954,0.9954,1.0025
Nylon,102.5,18.61,1.001,0.9966,1.0015
Nylon,165.4,4.01,0.9952,0.9982,0.9987
Nylon,120.5,12.61,0.9956,0.9961,0.9973
Nylon,57.3,17.21,0.9968,0.9984,1.0036
Nylon,89.1,4.36,1.0009,0.9984,0.9987
Nylon,89.6,4.03,1.0005,0.9964,1.0041
Nylon,85.4,12.37,1.0004,1.002,0.9977
Nylon,80.5,15.26,0.9996,1.0038,1.0022
Nylon,102.7,4.72,0.9991,1.0002,1.0017
Nylon,169.9,7.63,0.9983,0.9972,0.9993
Nylon,122.4,18.29,1.0042,0.9988,1.0002
Nylon,182.8,7.14,0.999,1.0014,0.9974
Nylon,125.3,17.37,1.0037,0.9949,0.999
Nylon,154.0,12.04,1.0034,1.0029,0.9949
Nylon,93.6,13.18,0.9977,0.996,1.0046
Nylon,86.3,10.56,0.9946,1.0034,0.9989
Nylon,94.2,12.6,1.0007,0.9951,1.0019
Nylon,38.0,15.76,1.0017,0.9989,0.9948
Nylon,191.8,8.41,0.999,1.0019,1.0024
Nylon,115.8,1.6,0.9975,0.9988,1.0023
Nylon,86.1,17.32,1.0008,0.9962,1.001
Nylon,56.8,7.36,0.9959,1.0025,1.003
Nylon,125.4,4.32,1.0026,1.0018,0.9972
Nylon,169.4,19.6,1.0027,0.9955,0.999
Nylon,71.4,19.17,0.9955,1.0034,0.9997
Nylon,74.8,17.21,1.0009,0.9978,0.9956
Nylon,144.4,19.01,0.9969,1.0018,0.9998
Nylon,70.9,19.71,0.9977,1.0036,1.0045
Nylon,68.6,10.5,1.0013,1.0005,1.001
Nylon,132.5,12.67,1.0018,0.9987,0.9979
Nylon,190.5,18.52,1.0002,1.0,0.9973
Nylon,52.7,14.59,1.0012,0.998,0.996
Nylon,31.2,14.17,0.9955,0.9958,1.0015
Nylon,158.2,9.69,1.0018,0.9955,0.9972
Nylon,133.2,5.54,0.9986,0.9947,0.9999
Nylon,152.1,18.66,0.9946,1.0009,0.997
Nylon,199.2,7.12,1.0014,1.0004,0.9951
Nylon,141.2,18.1,1.0038,0.9949,1.0027
Nylon,91.6,10.32,1.0023,0.9967,1.0037
Nylon,198.7,7.79,1.0012,0.9958,0.9942
Nylon,80.9,1.32,0.9998,0.9977,0.9957
Nylon,117.3,11.36,1.0037,0.9986,0.9972
Nylon,36.1,9.84,0.9993,0.9981,0.9952
Nylon,93.5,3.27,1.0046,0.9959,0.9952
Nylon,64.9,8.02,0.9992,0.9994,0.9948
Nylon,172.1,9.41,1.0019,1.0042,1.0008
Nylon,35.0,17.29,0.9988,1.0039,0.999
Nylon,76.9,5.01,0.9984,0.9958,1.0029
Nylon,74.6,17.38,0.9966,1.0031,0.9977
Nylon,162.0,7.84,1.0025,0.9997,0.9959
Nylon,108.7,2.17,0.9987,1.0008,0.996
Nylon,53.2,12.38,1.0013,1.003,0.9987
Nylon,144.4,17.93,1.0001,0.9986,0.9944
Nylon,119.0,4.38,0.9987,0.9948,0.9963
Nylon,68.3,16.47,1.0012,0.995,1.0009
Nylon,177.6,7.94,0.9999,1.002,1.0
Nylon,86.8,15.84,0.9966,0.9972,0.9972
Nylon,63.1,7.58,1.0011,0.999,0.9968
Nylon,90.9,17.47,1.0014,0.9973,1.0015
Nylon,71.3,11.27,0.9994,1.0018,0.9997
Nylon,30.5,11.66,0.9957,1.0027,1.0017
Nylon,149.9,2.66,1.0015,0.9968,0.9992
Nylon,85.4,13.7,0.9962,0.9967,0.9973
Nylon,58.3,2.55,1.0039,0.995,0.9995
Nylon,158.9,2.87,0.9992,0.9992,1.0004
Nylon,70.8,15.17,0.9995,1.0028,1.0011
Nylon,173.1,14.77,0.9959,1.0036,0.9958
Nylon,38.6,10.64,0.9963,1.0037,0.9979
Nylon,118.2,13.52,1.0015,1.0031,0.9956
Nylon,113.4,15.75,1.0022,0.9955,1.0033
Nylon,129.6,10.04,1.0024,0.9948,0.9973
Nylon,54.0,17.54,1.0046,1.0007,0.9948
Nylon,162.9,13.01,0.9992,0.9959,0.997
Nylon,46.6,1.83,0.9962,1.0029,1.0015
Nylon,190.9,5.24,1.0003,0.9951,0.9991
Nylon,144.9,4.98,0.9947,1.0043,1.0035
Nylon,172.7,15.04,0.9987,0.9959,1.0012
Nylon,138.7,10.46,0.9965,1.0036,0.9996
Nylon,69.5,10.52,1.0023,0.9952,1.001
Nylon,86.9,3.96,1.0042,1.0016,1.0009
Nylon,124.0,19.99,0.9983,0.9952,0.9982
Nylon,106.8,13.04,0.9986,0.995,0.9959
Nylon,48.0,3.52,0.995,1.0033,1.0015
Nylon,103.6,14.66,1.0008,1.0012,0.9966
Nylon,55.9,11.93,0.9959,1.0018,1.0036
Nylon,86.6,13.03,0.9956,0.997,0.9972
Nylon,133.0,11.29,1.0012,1.0043,1.0026
Nylon,85.5,12.21,1.0028,0.9955,1.0029
Nylon,78.5,18.87,1.0038,0.9972,0.9973
Nylon,184.9,12.1,1.0013,0.9985,0.9976
Nylon,109.3,3.79,1.0036,0.9952,0.9995
Nylon,163.8,6.83,0.9954,0.9954,1.0027
Nylon,100.0,11.81,1.0004,1.004,1.0027
Nylon,85.3,17.59,0.9975,0.9977,1.0015
Nylon,91.7,6.88,0.9953,0.9976,0.9979
Nylon,83.9,14.36,0.9997,0.9998,1.0013
Nylon,97.0,8.2,1.0032,1.0035,1.0007
Nylon,182.2,5.75,1.0039,0.999,0.9998
Nylon,56.4,5.51,1.0008,0.9971,0.9992
Nylon,133.6,19.02,0.9976,0.9996,1.0004
Nylon,112.9,10.19,1.0044,1.002,1.0045
Nylon,155.4,19.97,0.9965,0.9957,0.9967
Nylon,57.9,7.03,1.0024,1.0028,1.002
Nylon,174.8,13.87,0.9967,0.9951,0.997
Nylon,53.4,5.36,1.0035,0.9994,0.9963
Nylon,105.6,18.37,1.0004,0.998,1.0027
Nylon,38.4,13.82,1.0034,0.9972,0.9972
Nylon,185.9,12.48,1.0005,0.9997,0.999
Nylon,107.5,5.3,0.9983,0.9956,0.9946
Nylon,88.1,11.06,1.0043,0.9993,0.9982
Nylon,187.9,17.96,1.0017,1.0037,1.0034
Nylon,57.0,2.66,1.0009,1.0029,1.0026
Nylon,92.8,2.9,0.9953,0.9999,1.0024
Nylon,125.9,14.09,0.9995,1.0015,0.9953
Nylon,50.8,2.89,1.0044,1.0011,0.9967
Nylon,50.4,16.54,1.0018,0.9971,0.9961
Nylon,139.2,8.82,0.9962,1.001,1.0003
Nylon,141.5,19.66,0.9975,1.0024,0.9962
Nylon,78.2,13.87,1.0017,1.0024,0.9991
Nylon,136.3,6.14,1.0026,1.0032,1.0012
Nylon,66.7,6.53,0.9975,0.9968,1.0011
Nylon,161.3,17.13,1.0027,1.0003,0.995
Nylon,155.9,15.49,0.9963,0.998,0.9964
Nylon,79.9,5.32,1.0013,1.0013,1.0014
Nylon,160.0,4.24,0.9968,0.9994,1.0027
Nylon,155.2,18.53,0.9952,0.9956,1.0033
Nylon,58.4,10.42,1.0029,1.0042,0.9991
Nylon,132.0,2.48,0.9959,1.003,1.0002
Nylon,115.5,16.49,0.9961,1.0021,1.0044
Nylon,79.4,12.85,0.9964,0.9951,0.9985
Nylon,129.1,16.48,0.9978,1.0026,0.9998
Nylon,44.5,18.75,1.0004,0.9997,1.0005
Nylon,48.1,8.71,1.0034,0.9954,0.9959
Nylon,120.9,2.0,0.9973,1.0043,1.0021
Nylon,109.4,8.41,0.9957,1.0032,0.9968
Nylon,96.1,7.45,0.9993,0.9956,1.0045
Nylon,33.3,8.33,0.999,1.0003,0.9996
Nylon,83.1,12.13,1.0039,0.9994,1.0011
Nylon,123.3,17.29,0.9988,1.0008,1.0023
Nylon,156.7,11.39,1.0022,0.998,0.995
Nylon,96.0,17.36,1.0037,0.9956,1.0004
Nylon,43.2,4.02,0.999,1.0047,0.9997
Nylon,52.8,16.68,0.9956,1.0007,0.9999
Nylon,35.3,17.54,1.0043,1.002,0.9953
Nylon,94.7,5.42,0.9949,0.9951,1.0025
Nylon,144.5,11.58,1.0036,1.0011,0.9959
Nylon,199.3,11.94,0.9971,1.0025,1.002
Nylon,87.2,16.52,1.0016,0.9974,0.9983
Nylon,168.0,9.22,0.995,0.998,1.0032
Nylon,191.9,2.02,0.9979,0.9964,1.0042
Nylon,187.3,17.9,0.9954,1.0033,0.9984
Nylon,198.0,5.86,0.9982,1.0028,1.0015
Nylon,51.4,8.78,1.0018,0.9987,0.9998
Nylon,139.5,12.17,0.997,0.9979,1.0019
Nylon,189.7,15.37,0.9968,1.0016,1.0009
Nylon,91.2,15.85,0.9971,1.0045,0.9982
Nylon,132.7,11.12,0.9981,0.9967,0.9952
Nylon,173.1,19.24,1.0032,0.9945,1.0005
Nylon,79.3,15.26,0.9997,0.9995,1.0041
Nylon,41.7,9.14,0.9961,0.9987,0.9983
Nylon,181.0,11.76,0.9977,1.0034,0.9951
Nylon,156.2,14.89,1.0009,0.9971,0.9961
Nylon,30.8,7.6,1.0017,0.9975,1.0033
Nylon,109.1,19.54,0.995,0.9997,1.0028
Nylon,34.5,16.29,0.9972,1.0001,1.0023
Nylon,181.7,19.73,1.0003,1.0035,0.9982
Nylon,84.5,13.04,0.9991,1.0023,0.9991
Nylon,126.1,15.46,0.9991,0.9957,1.0017
Nylon,186.7,13.01,1.0004,0.9947,1.0017
Nylon,81.6,8.31,0.9963,0.9995,0.9987
Nylon,73.5,19.61,1.0034,0.9999,0.9952
Nylon,147.8,18.52,0.9993,1.0007,0.9985
Nylon,166.4,18.6,1.0016,0.9965,1.0017
Nylon,48.2,11.07,1.0002,0.9989,0.9992
Nylon,144.7,18.57,1.0001,0.998,0.9953
Nylon,192.2,12.45,0.9961,1.0031,0.9956
Nylon,78.2,10.16,1.0011,1.0011,1.0009
Nylon,56.2,7.39,0.997,1.0038,0.995
Nylon,31.4,3.79,1.0029,1.0046,0.9986
Nylon,134.1,8.33,0.9975,1.0025,1.0
Nylon,112.6,9.6,0.9981,1.0027,0.9949
Nylon,152.1,8.15,0.9964,1.0007,0.995
Nylon,83.0,8.74,1.0025,0.9958,1.0043
Nylon,56.8,11.72,1.0044,0.9977,1.0013
Nylon,65.9,10.37,1.0,0.9949,1.0004
Nylon,152.4,3.92,1.0016,1.0021,0.9996
Nylon,130.5,1.76,1.0041,0.9991,1.0029
Nylon,180.4,15.26,1.0034,0.9989,1.0002
Nylon,47.2,6.03,1.0032,1.0008,1.0004
Nylon,110.9,14.26,0.9992,1.0042,0.9955
Nylon,100.7,11.85,0.9959,0.998,0.9963
Nylon,82.6,18.6,0.9954,0.9948,0.9986
Nylon,133.6,13.38,0.9987,0.9973,0.9944
Nylon,147.1,2.05,0.9995,0.9958,1.0008
Nylon,147.1,8.57,1.0017,0.9951,0.9944
Nylon,45.9,11.01,0.9982,0.9973,0.9994
Nylon,31.1,2.18,0.9952,0.995,0.9965
Nylon,53.9,14.77,0.9964,0.9987,1.003
Nylon,178.6,18.93,0.9943,0.995,1.0015
Nylon,50.7,19.36,0.9954,1.0039,1.0001
Nylon,41.6,8.2,0.9968,0.9976,1.0007
Nylon,30.9,8.26,0.9995,1.0011,1.0039
Nylon,173.3,1.75,1.004,0.9971,0.9974
Nylon,43.9,16.26,1.0025,0.9991,1.0031
Nylon,125.0,15.13,0.9979,1.0001,0.997
Nylon,53.0,19.43,1.0006,0.998,1.001
Nylon,50.7,9.48,0.9959,1.0038,0.9997
Nylon,177.5,3.96,0.9974,1.0028,1.0021
Nylon,131.2,7.01,0.9947,0.9961,0.9972
Nylon,155.6,18.12,0.9949,0.9994,1.0038
Nylon,54.1,7.19,1.0028,1.0012,0.9953
Nylon,148.2,19.0,1.0003,1.004,0.9942
Nylon,179.6,6.59,1.0037,1.0007,0.9956
Nylon,66.6,19.33,0.9964,0.9958,0.9992
Nylon,84.5,10.56,0.9996,0.9959,1.0015
Nylon,63.0,1.05,0.995,0.9958,0.9969
Nylon,166.3,3.47,0.9965,1.0021,0.9985
Nylon,102.3,14.91,1.0026,0.9973,0.9997
Nylon,58.4,10.7,0.9996,0.9949,1.0039
Nylon,134.5,1.83,1.0028,0.9975,0.9988
Nylon,35.3,11.99,0.9987,0.9988,0.9993
Nylon,172.2,4.32,0.9979,1.0006,1.0037
Nylon,150.5,17.13,1.0036,0.9974,1.0003
Nylon,41.9,19.63,0.9951,1.0027,0.9996
Nylon,197.3,6.66,1.0039,0.9974,0.9967
Nylon,171.2,7.09,0.9991,0.9969,0.9973
Nylon,99.2,9.89,1.0017,0.9958,1.0015
Nylon,183.0,9.55,0.9974,0.9967,0.9988
Nylon,156.9,5.03,1.0027,0.9996,1.0028
Nylon,160.9,3.77,1.0021,0.9961,0.999
Nylon,94.2,19.26,0.997,1.0019,1.0008
Nylon,51.8,17.36,1.0024,1.0025,0.9976
Nylon,102.8,6.8,1.0008,1.0011,0.9965
Nylon,154.0,14.68,0.9957,0.9953,0.9972
Nylon,95.4,7.2,1.0031,1.0043,0.9976
Nylon,182.9,4.82,1.004,0.9959,1.004
Nylon,53.2,5.73,1.0027,0.9982,0.9973
Nylon,89.3,8.93,1.0027,1.0045,1.0024
Nylon,119.1,19.3,1.0019,1.0026,1.0021
Nylon,144.0,6.76,1.0033,0.9959,0.9945
Nylon,163.8,5.2,1.0012,0.9998,0.9954
Nylon,69.6,13.08,1.001,0.9955,1.0008
Nylon,183.0,13.77,0.9987,0.9942,1.0032
Nylon,179.0,3.19,0.9949,1.0017,0.9995
Nylon,138.2,16.92,0.9963,0.9979,1.0004
Nylon,57.3,2.39,0.9984,0.9995,1.0021
Nylon,98.9,1.74,1.0024,0.9985,1.0037
Nylon,106.2,13.11,0.9947,1.0034,1.0027
Nylon,132.9,15.93,0.9956,1.0031,0.998
Nylon,36.5,18.83,1.0003,0.9957,0.9951
Nylon,128.3,6.03,0.9966,0.9949,0.9991
Nylon,68.3,15.25,1.0014,0.9981,1.0003
Nylon,54.8,13.22,1.001,1.0003,1.0031
Nylon,119.4,8.27,0.9964,0.9962,0.9985
Nylon,105.7,15.0,1.0014,0.9955,0.9976
Nylon,43.5,2.17,0.9983,1.0035,1.0
Nylon,175.1,17.36,1.0038,0.9969,0.9967
Nylon,196.1,4.53,1.0012,0.997,1.0
Nylon,35.2,8.15,1.0048,0.9975,0.9987
Nylon,49.0,18.87,0.9998,0.9968,1.0038
Nylon,116.1,15.17,0.9985,0.9975,1.0017
Nylon,147.4,14.8,1.0025,1.0034,1.003
Nylon,90.5,6.4,0.9994,0.9972,1.0026
Nylon,79.8,17.67,0.9959,0.9997,1.0005
Nylon,166.2,4.08,0.9972,1.0025,0.9989
Nylon,125.9,18.91,0.9997,0.9963,1.0023
Nylon,87.8,14.15,0.9948,1.0011,0.9974
Nylon,50.8,1.18,0.9979,1.0008,0.9989
Nylon,48.6,16.76,0.9994,1.0,1.0027
Nylon,93.2,11.75,1.0029,0.9949,0.9981
Nylon,149.6,11.38,0.998,0.9956,1.0017
Nylon,131.1,17.14,0.9964,1.0,1.0023
Nylon,187.5,14.89,0.9939,1.0015,1.0003
Nylon,51.7,7.58,0.9983,0.9968,0.9982
Nylon,142.0,17.46,0.9979,1.0012,0.9988
Nylon,169.8,13.7,0.9962,0.9959,0.9977
Nylon,82.9,11.09,1.003,1.0027,0.9959
Nylon,200.0,15.02,0.9949,0.9984,0.9951
Nylon,70.4,4.92,1.0003,0.9989,1.0037
Nylon,171.5,13.01,0.9953,0.995,0.9984
Nylon,82.5,5.19,0.9996,1.0002,0.9954
Nylon,188.4,5.39,1.0035,1.003,0.9963
Nylon,182.3,13.71,1.0007,0.9949,0.9946
Nylon,89.5,16.6,0.9999,1.0023,1.0045
Nylon,86.2,4.02,1.0038,0.9969,0.999
Nylon,77.7,13.79,0.9966,0.9959,0.9955
Nylon,56.2,13.24,1.0009,1.0041,0.999
Nylon,120.7,14.72,0.9991,0.9974,1.0011
Nylon,110.3,7.28,0.9977,0.9986,0.999
Nylon,53.3,14.17,0.9991,1.0042,1.0042
Nylon,36.1,8.29,1.001,0.9959,1.0042
Nylon,51.8,14.92,0.9979,1.0033,0.9987
Nylon,86.0,17.36,0.9974,0.9988,1.0028
Nylon,70.2,2.89,1.0038,0.9957,0.9986
Nylon,138.3,11.3,0.9974,0.9947,0.9982
Nylon,173.3,2.89,0.9946,1.0015,1.0009
Nylon,31.7,5.67,1.0047,0.9974,0.9972
Nylon,92.8,3.33,0.9979,0.9964,1.0007
Nylon,45.1,16.56,0.9987,0.9968,1.0037
Nylon,172.2,14.96,0.9964,1.0004,1.0037
Nylon,43.4,13.73,0.9999,1.0016,1.0043
Nylon,82.3,17.53,0.9948,0.9993,0.9975
Nylon,87.3,13.83,1.0035,0.9991,0.9995
Nylon,186.4,3.3,1.0029,1.0032,1.0024
Nylon,157.2,16.04,1.0027,0.9992,0.9952
Nylon,71.6,15.4,1.0035,0.9969,1.0025
Nylon,181.1,14.41,0.9959,0.9974,1.0014
Nylon,108.8,10.61,0.9983,1.0033,0.9991
Nylon,39.9,16.72,1.0034,0.995,1.002
Nylon,94.9,9.11,1.0039,1.0004,1.0014
Nylon,33.3,18.79,1.0019,0.9991,1.0042
Nylon,101.5,12.71,0.9982,1.0032,1.0019
Nylon,53.1,15.5,0.9973,0.9975,0.9958
Nylon,150.6,2.22,1.001,0.9946,1.002
Nylon,74.2,11.81,0.9999,0.9999,0.9968
Nylon,129.1,15.67,0.9948,0.9945,0.995
Nylon,142.2,3.95,1.0034,0.9993,0.9983
Nylon,66.8,17.86,0.9958,0.9968,1.0014
Nylon,137.3,3.76,0.9952,0.9954,1.0004
Nylon,167.2,11.62,1.0026,1.0038,0.9995
Nylon,178.8,3.44,0.9982,0.9943,1.0027
Nylon,192.4,9.84,0.9975,0.9983,0.9941
Nylon,116.9,19.34,0.9986,0.9988,1.0028
Nylon,157.4,3.4,0.9956,1.0003,0.9952
Nylon,51.9,10.85,0.997,0.9999,1.0039
Nylon,197.8,8.67,0.9982,1.002,0.9949
Nylon,191.2,4.82,0.9961,1.0026,1.0018
Nylon,108.4,6.5,0.997,0.997,0.996
Nylon,195.1,15.13,1.0006,0.9983,0.9958
Nylon,166.3,7.51,0.9966,0.9992,1.0009
Nylon,40.6,17.37,1.0035,0.998,1.0023
Nylon,102.1,15.71,0.9955,0.9967,0.9956
Nylon,58.8,2.82,0.9981,1.0002,0.9968
Nylon,59.3,2.77,1.0022,1.0043,0.9977
Nylon,69.8,7.34,0.9966,0.9976,0.9949
Nylon,110.5,19.84,0.9985,1.0008,0.9995
Nylon,85.4,6.73,1.0021,0.999,0.9979
Nylon,150.5,11.24,0.9953,1.0028,1.0029
Nylon,113.0,12.68,1.0,0.9963,1.0021
Nylon,182.0,18.2,0.9989,1.0034,1.0036
Nylon,77.5,1.76,1.0026,0.9954,1.0025
Nylon,87.9,4.95,1.0023,0.9985,0.9953
Nylon,149.8,8.9,1.0012,1.0006,1.0035
Nylon,147.3,5.16,0.9992,0.9971,0.9992
Nylon,113.6,5.34,0.9954,0.998,0.997
Nylon,166.3,16.88,1.0032,1.0019,0.9966
Nylon,176.9,2.66,0.9984,1.002,1.0025
Nylon,53.0,14.88,1.0045,1.001,0.9992
Nylon,172.6,7.97,1.0017,1.0037,1.002
Nylon,179.0,16.54,1.0002,1.0028,1.003
Nylon,69.6,19.6,0.999,1.0015,0.9991
Nylon,82.9,2.8,1.0033,1.0037,1.0016
Nylon,72.8,12.12,1.0037,1.0022,1.0023
Nylon,118.4,19.74,0.9948,0.9945,1.0011
Nylon,185.5,1.67,1.0014,0.9976,1.0018
Nylon,61.1,14.98,0.9958,1.0036,0.9967
Nylon,154.1,3.57,1.0039,0.9949,0.9952
Nylon,31.8,8.55,0.9977,0.9993,0.9985
Nylon,173.2,10.53,0.9967,0.9993,0.9993
Nylon,151.7,13.21,0.9988,0.9998,1.0041
Nylon,89.4,10.51,1.0016,0.9996,1.002
Nylon,90.4,14.31,0.9993,0.9956,1.0033
Nylon,44.7,18.43,1.0007,0.9977,0.9954
Nylon,177.5,2.03,0.9979,1.0014,1.0037
Nylon,166.0,13.13,0.9998,0.9978,0.9944
Nylon,176.3,19.29,1.0011,1.0014,0.9961
Nylon,52.6,10.37,0.9999,0.9988,1.0
Nylon,102.4,19.45,1.0042,1.0002,0.9975
Nylon,33.0,5.35,1.0044,1.0043,0.9982
Nylon,139.1,19.92,1.0029,1.0035,0.9969
Nylon,46.4,15.34,0.9951,0.9992,0.9988
Nylon,173.5,19.97,0.9961,0.9975,1.0024
Nylon,78.0,8.1,0.9991,0.9972,1.0046
Nylon,158.0,8.93,1.0011,1.0042,0.9997
Nylon,163.7,18.9,1.0008,0.9958,1.0013
Nylon,111.2,6.72,0.9977,0.9998,0.9988
Nylon,105.5,2.33,1.0016,1.0003,0.9988
Nylon,94.0,3.16,1.001,1.0033,0.9981
Nylon,137.3,8.68,0.995,0.9972,0.9967
Nylon,174.6,7.54,0.996,1.0009,0.9993
Nylon,62.5,17.71,1.0002,1.0031,1.0004
Nylon,129.6,17.46,0.9967,1.0037,0.9961
Nylon,197.4,1.96,0.9992,0.9975,1.0034
Nylon,83.0,19.48,0.9948,0.9963,0.9956
Nylon,145.2,1.61,0.9984,0.997,1.0033
Nylon,165.7,14.73,0.9962,0.9962,1.0023
Nylon,55.3,2.19,1.0037,0.9993,1.0029
Nylon,127.3,10.16,1.0026,0.9961,0.9952
Nylon,111.7,17.77,1.0004,1.0037,1.0026
Nylon,153.6,6.59,0.9956,1.0038,1.0004
Nylon,46.8,16.5,0.9997,0.9997,0.9974
Nylon,160.4,2.54,0.9977,0.9952,0.9992
Nylon,87.3,1.38,1.0041,1.0016,0.999
Nylon,43.6,3.73,1.0018,1.0015,1.0022
Nylon,76.7,8.4,0.9955,1.0037,1.0017
Nylon,195.5,7.06,1.0,0.998,0.9989
Nylon,77.0,10.2,1.0045,0.9979,1.0016
Nylon,183.3,9.24,0.9991,0.9958,1.0018
Nylon,174.1,9.39,0.9978,1.0017,0.9988
Nylon,144.9,19.47,0.9953,0.9949,1.0001
Nylon,194.5,17.23,1.0003,1.0,0.9948
Nylon,94.5,15.11,0.9945,1.0032,1.0044
Nylon,138.3,1.03,0.9961,0.9989,1.0031
Nylon,161.7,14.99,0.9971,0.996,0.9992
Nylon,174.1,19.03,0.9939,1.0038,0.9962
Nylon,122.7,10.51,1.0019,0.9987,1.0023
Nylon,78.8,18.06,0.998,1.0003,1.002
Nylon,44.9,15.49,1.0002,1.0002,1.0021
Nylon,171.5,12.42,0.9991,1.0012,1.0002
Nylon,62.9,4.39,0.9969,1.0006,0.9965
Nylon,124.0,18.7,0.9993,0.9946,1.0012
Nylon,110.0,8.07,1.0044,1.0025,0.9999
Nylon,163.6,6.45,0.999,1.0012,0.9982
Nylon,85.1,1.08,0.9962,1.0022,0.999
Nylon,64.9,18.31,0.9957,0.996,0.9964
Nylon,196.3,8.04,0.9965,0.9955,0.9983
Nylon,82.0,5.53,1.0027,1.002,0.9948
Nylon,77.8,18.21,0.9982,1.002,1.001
Nylon,69.5,6.44,1.0004,1.0014,0.999
Nylon,60.1,16.35,0.9972,0.9991,0.9947
Nylon,196.6,3.89,1.0008,0.9992,0.9989
Nylon,41.9,1.93,0.9975,1.0002,1.0034
Nylon,119.8,15.4,0.9971,1.0007,1.001
Nylon,70.7,12.46,0.9986,0.9995,0.9971
Nylon,178.5,15.85,1.0003,1.0017,1.0002
Nylon,64.5,10.6,1.002,1.0,1.0029
Nylon,124.2,4.99,1.0017,0.9985,1.0003
Nylon,120.0,7.56,0.9957,0.999,1.0001
Nylon,152.4,19.37,0.9951,1.0042,0.9977
Nylon,156.3,5.74,0.9946,1.0024,1.0007
Nylon,171.7,13.0,0.9964,0.9996,0.9991
Nylon,154.6,7.84,0.9954,1.0004,0.9946
Nylon,190.1,5.86,1.0031,0.9982,1.0008
Nylon,188.0,18.65,0.9956,1.0031,1.0018
Nylon,153.2,2.09,0.9983,0.996,1.0016
Nylon,99.4,12.99,0.9963,0.9955,0.9951
Nylon,98.7,9.68,1.0044,1.0027,1.0
Nylon,100.3,9.42,1.0017,1.0016,0.9994
Nylon,120.6,2.28,1.0006,0.9982,1.0004
Nylon,75.0,9.17,1.0042,1.0005,1.0004
Nylon,66.9,7.87,1.0017,0.9976,1.0015
Nylon,56.8,5.87,0.9987,0.9954,0.9972
Nylon,55.7,19.69,1.0016,0.9997,0.9986
Nylon,48.5,11.19,1.0026,0.9959,1.0002
Nylon,99.5,8.48,0.9967,1.0004,0.9948
Nylon,70.5,7.92,0.9994,0.9974,0.9988
Nylon,64.7,11.46,0.9995,0.9962,0.9987
Nylon,148.9,7.13,0.9944,0.9958,1.0037
Nylon,150.2,17.03,0.9992,1.0014,0.9978
Nylon,161.7,16.05,0.9943,1.0004,1.0001
Nylon,116.9,9.24,1.0013,1.0015,0.9961
Nylon,148.5,6.09,1.0023,1.0043,1.0013
Nylon,188.1,2.23,0.9967,0.9945,0.9992
Nylon,109.4,5.25,1.0018,0.9995,0.9973
Nylon,172.2,19.07,0.9971,1.004,1.0025
Nylon,135.2,8.44,1.0015,0.9993,1.0016
Nylon,127.6,13.08,0.9989,0.9959,0.9958
Nylon,103.0,17.53,0.9982,1.0013,1.002
Nylon,85.0,5.6,1.0042,0.9948,0.9997
Nylon,53.1,15.73,1.0021,1.0033,0.9995
Nylon,101.3,17.59,1.0043,0.9992,1.0034
Nylon,104.3,11.7,1.003,1.0015,1.0035
Nylon,48.4,7.81,1.0035,0.9986,1.0008
Nylon,31.7,18.68,0.9999,1.0036,0.9963
Nylon,192.6,1.71,0.9974,0.9943,0.9944
Nylon,134.0,15.64,1.0004,0.9952,0.9978
Nylon,120.1,18.62,1.0036,0.9966,1.0002
Nylon,142.5,17.43,1.0028,0.9969,0.9978
Nylon,104.1,4.47,0.9964,0.9956,1.0021
Nylon,121.1,12.69,0.9972,0.9953,1.0007
Nylon,161.5,11.92,1.0007,1.0034,0.9982
Nylon,131.9,4.96,0.9949,1.0,0.9977
Nylon,129.2,12.16,0.9947,0.9946,1.0018
Nylon,144.5,9.27,0.998,0.995,1.0028
Nylon,169.8,4.96,1.0032,1.0008,0.9949
Nylon,53.8,17.18,0.9976,1.0018,0.9997
Nylon,49.2,9.61,0.9967,0.9951,0.9986
Nylon,165.1,5.35,0.9995,0.995,0.9974
Nylon,122.7,17.89,1.0023,1.0002,1.0019
Nylon,181.1,8.53,0.9991,1.0038,0.9965
Nylon,162.7,4.55,0.9971,0.9979,0.9951
Nylon,91.1,7.09,1.0033,1.0003,0.9966
Nylon,48.2,2.82,1.0014,0.9954,1.0019
Nylon,122.9,15.14,0.9996,0.9986,0.997
Nylon,189.1,2.29,1.0038,0.9969,0.9944
Nylon,178.6,11.33,1.0034,0.9984,1.004
Nylon,108.0,12.82,0.9963,0.9995,1.003
Nylon,38.7,19.11,0.9973,0.9994,1.0
Nylon,36.3,8.58,0.9964,0.9952,1.0027
Nylon,153.5,16.84,0.998,0.9943,1.0007
Nylon,82.5,12.9,1.0033,0.9983,1.0032
Nylon,53.5,17.9,1.0025,1.0025,0.9969
Nylon,86.9,8.92,1.0009,1.0033,0.999
Nylon,39.4,19.72,0.9983,1.0046,1.0009
Nylon,171.9,17.2,1.0004,1.0011,0.9984
Nylon,112.4,17.93,0.9965,1.0025,1.0001
Nylon,194.5,12.09,1.0031,0.9971,0.9967
Nylon,108.5,17.65,1.0028,0.9949,0.9964
Nylon,177.8,2.57,1.002,1.002,1.0016
Nylon,188.4,16.35,0.994,0.9953,0.9954
Nylon,101.8,15.85,0.9994,1.0036,1.0022
Nylon,82.4,5.77,1.0012,0.9964,0.9957
Nylon,168.3,12.04,0.9954,1.0007,1.0018
Nylon,52.7,10.21,0.9967,1.0011,1.0003
Nylon,163.1,19.02,1.0019,0.9942,1.0032
Nylon,121.3,2.86,0.9971,1.0044,0.9971
Nylon,120.8,15.6,0.9945,0.9975,0.9966
Nylon,63.3,17.76,0.9998,0.9973,0.9962
Nylon,91.9,7.08,1.0043,1.0038,0.9986
Nylon,159.3,1.65,1.0009,0.9977,0.9999
Nylon,35.3,14.6,1.0039,1.0006,0.9983
Nylon,179.7,15.32,0.9994,0.9974,1.0024
Nylon,177.1,2.01,0.9951,0.9974,0.9965
Nylon,122.4,14.08,1.0024,0.9978,0.9998
Nylon,125.2,1.94,0.9993,1.0008,1.0037
Nylon,166.0,12.77,1.0013,0.9953,0.997
Nylon,120.2,10.87,1.0025,0.998,1.0021
Nylon,137.9,15.96,0.9954,0.9973,0.9986
Nylon,45.8,12.34,1.0007,0.9974,0.9993
Nylon,36.0,17.49,0.9988,0.9985,1.0032
Nylon,184.8,8.43,0.9993,0.9978,1.0027
Nylon,83.3,7.32,1.0024,1.0011,0.9987
Nylon,114.6,16.25,0.9986,0.9981,1.0006
Nylon,89.9,12.39,0.9962,0.9969,0.9974
Nylon,161.6,3.52,1.0032,1.0,1.0027
Nylon,60.8,8.24,1.0045,0.9999,0.9979
Nylon,139.9,11.0,0.9982,0.9975,1.0032
Nylon,123.3,5.44,0.9966,0.9979,1.0039
Nylon,142.1,15.29,0.9962,1.0009,0.9951
Nylon,63.9,13.87,0.9966,0.999,1.0029
Nylon,190.9,18.04,0.9954,0.9991,0.9987
Nylon,80.5,9.67,1.003,1.0026,0.9991
Nylon,157.2,5.31,1.0004,1.0024,0.9955
Nylon,159.8,2.45,1.0012,1.003,1.0
Nylon,179.8,7.58,0.9995,1.0009,0.9994
Nylon,191.1,16.46,1.0004,0.9952,1.0003
Nylon,157.7,14.23,1.0009,0.9973,0.9995
Nylon,82.3,6.2,1.0033,0.9967,0.9995
Nylon,127.7,8.98,1.0018,0.9979,0.9979
Nylon,112.5,11.86,1.0029,0.9984,0.9996
Nylon,71.3,6.49,0.9962,0.996,0.9998
Nylon,131.5,5.95,0.9975,1.0003,1.004
Nylon,51.4,2.98,1.0041,1.0,0.9992
Nylon,82.9,5.77,0.9954,0.999,1.0025
Nylon,144.0,1.91,1.0027,1.0011,0.997
Nylon,184.7,6.78,0.9973,1.0042,0.9991
Nylon,193.3,17.02,0.994,1.0022,0.9978
Nylon,46.3,9.27,1.0016,0.9987,1.0043
Nylon,198.9,7.66,0.9986,0.996,0.9983
Nylon,195.2,6.13,1.0012,0.995,0.9968
Nylon,137.0,10.63,0.9944,0.9945,0.9955
Nylon,93.6,13.2,1.0011,0.9976,0.998
Nylon,83.0,7.81,0.9975,1.0033,1.0012
Nylon,85.6,15.72,1.0,1.0032,0.9984
Nylon,36.2,17.57,0.9965,0.9988,1.002
Nylon,173.6,10.83,0.9994,0.9966,0.9994
Nylon,180.4,8.27,0.9994,0.9995,1.0027
Nylon,151.3,19.6,1.0006,0.9945,1.0001
Nylon,35.3,18.63,1.0026,1.002,0.9986
Nylon,72.6,1.06,0.995,0.9949,1.0015
Nylon,74.5,14.55,0.9959,1.0008,0.9951
Nylon,44.2,10.75,0.9971,0.9954,0.9966
Nylon,138.5,8.17,1.0015,0.9958,1.0044
Nylon,61.2,4.93,0.9998,1.0032,1.001
Nylon,85.1,5.97,0.9967,1.0039,0.9986
Nylon,37.6,12.12,0.9974,0.9972,0.9969
Nylon,173.4,4.12,1.0017,1.0008,0.9979
Nylon,130.2,2.0,1.0024,1.0022,1.0032
Nylon,193.4,11.7,1.0027,1.0017,1.0025
Nylon,46.4,13.86,0.9982,1.001,0.9991
Nylon,54.7,2.13,0.9987,0.9955,0.9951
Nylon,125.5,14.43,0.9959,0.997,0.9945
Nylon,83.4,5.91,1.0017,0.9959,1.0032
Nylon,79.5,16.03,1.0006,1.0032,1.0016
Nylon,103.8,8.98,1.0017,1.0043,1.0044
Nylon,56.6,7.85,0.9977,1.0031,0.9991
Nylon,37.2,3.42,1.0025,1.0007,0.9968
Nylon,62.2,5.94,0.9984,0.9994,1.0039
Nylon,61.9,13.28,0.9979,1.0005,0.9984
Nylon,183.8,11.74,0.9955,0.9948,0.9989
Nylon,177.4,7.12,1.0,1.0004,0.9988
Nylon,97.7,6.98,0.9962,1.0031,1.0027
Nylon,144.4,12.74,0.9975,0.9987,0.9997
Nylon,102.8,8.75,0.998,0.9991,0.9967
Nylon,155.0,2.49,0.9956,0.9951,0.9966
Nylon,159.2,14.3,0.9992,0.9978,0.9963
Nylon,162.1,15.92,0.9958,0.9972,1.0015
Nylon,66.5,16.06,0.9975,1.0025,0.998
Nylon,163.3,6.48,0.9992,1.0014,0.9966
Nylon,102.2,10.89,0.9965,1.0015,0.9982
Nylon,93.2,6.44,0.995,1.0032,1.0041
Nylon,147.2,18.71,0.9975,1.0039,0.9977
Nylon,113.3,13.93,0.9973,0.9983,1.0039
Nylon,33.6,15.94,1.0043,1.0021,1.0012
Nylon,167.6,14.96,0.9955,1.0017,0.9988
Nylon,193.6,10.04,0.9971,1.003,0.9942
Nylon,37.9,18.29,0.9951,0.9969,0.995
Nylon,60.5,2.95,0.9962,1.0007,1.0045
Nylon,48.1,2.83,1.003,1.0009,0.9972
Nylon,62.5,11.55,1.0038,0.9958,1.0045
Nylon,189.0,8.78,0.9962,0.9955,1.0015
Nylon,156.9,3.16,0.9969,0.9964,0.9991
Nylon,87.1,1.69,0.9979,1.0031,0.9987
Nylon,122.4,9.37,0.9999,1.0026,1.0021
Nylon,193.2,13.9,1.0002,1.0016,0.995
Nylon,60.4,11.2,0.9966,1.0038,1.0018
Nylon,96.9,7.42,1.0025,0.9988,1.0014
Nylon,65.3,14.63,1.0029,1.0004,0.9966
Nylon,36.0,17.7,0.9982,0.9956,0.9993
Nylon,59.9,14.36,0.9957,0.9977,0.9981
Nylon,107.2,19.77,0.9999,0.9992,1.0008
Nylon,57.5,8.24,1.0036,1.0036,0.9981
Nylon,78.3,19.76,1.0004,0.9948,1.0007
Nylon,134.7,9.24,1.0004,0.9952,1.0017
Nylon,32.1,14.22,0.9992,1.0042,1.0047
Nylon,126.8,12.53,0.9965,0.9997,0.9955
Nylon,126.8,13.28,1.0032,1.0007,0.9973
Nylon,194.9,18.31,0.9983,0.9979,0.9956
Nylon,193.7,2.59,1.001,0.9943,0.9956
Nylon,45.5,7.4,0.9998,1.004,1.0001
Nylon,97.4,5.14,1.0038,0.9992,0.998
Nylon,64.5,17.71,0.995,0.9997,1.0028
Nylon,132.8,8.76,0.9987,0.9988,1.0033
Nylon,120.6,16.46,1.0027,0.9971,0.9951
Nylon,95.5,18.36,0.995,1.0013,0.9986
Nylon,176.7,15.34,0.997,1.0003,1.0025
Nylon,65.1,12.66,0.9987,0.9984,1.0026
Nylon,157.3,2.49,0.9977,0.9988,0.9951
Nylon,37.7,4.89,0.9955,1.0015,0.9964
Nylon,86.2,8.87,1.0002,1.001,1.0046
Nylon,159.8,11.41,1.0002,1.0003,1.0041
Nylon,177.5,6.69,0.9966,0.9958,0.9952
Nylon,126.5,15.61,0.996,0.9954,0.9978
Nylon,177.9,18.73,0.9982,0.9983,1.0004
Nylon,159.4,15.38,1.003,0.9953,0.9946
Nylon,76.3,13.41,1.0033,1.0019,1.0019
Nylon,135.2,3.19,0.9957,1.0041,1.002
Nylon,79.6,7.81,0.9953,0.9982,1.0014
Nylon,149.7,13.82,0.999,0.997,0.9959
Nylon,132.2,8.63,0.9965,0.9986,0.9952
Nylon,61.0,16.27,0.9977,0.9961,1.0016
Nylon,147.2,14.29,1.0016,0.9961,0.9977
Nylon,131.9,14.75,0.9944,0.9973,0.9969
Nylon,121.3,2.59,0.9973,1.0009,0.996
Nylon,144.4,18.65,1.0011,1.0025,1.0023
Nylon,98.0,13.38,1.002,0.9964,1.0025
Nylon,191.0,9.22,1.0025,0.9943,0.9951
Nylon,140.1,2.94,0.9959,1.0023,1.0022
Nylon,96.3,18.78,1.0033,1.0023,0.9999
Nylon,132.9,10.28,0.9959,1.0005,1.0028
Nylon,129.8,1.29,0.9988,0.997,1.0032
Nylon,47.3,16.78,0.9979,0.9956,0.9994
Nylon,140.4,5.48,0.9987,0.9958,1.0029
Nylon,182.2,5.55,1.0,0.9942,0.9981
Nylon,82.4,13.3,0.9993,0.9994,0.9981
Nylon,108.3,15.6,0.9964,0.9954,0.9959
Nylon,146.4,7.14,0.9967,0.9946,0.9964
Nylon,177.7,7.4,0.9979,1.0033,0.9984
Nylon,105.7,5.78,1.0036,0.9965,1.0037
Nylon,41.9,2.91,0.9958,0.9991,0.9972
Nylon,79.4,11.25,1.0025,0.9977,0.9961
Nylon,141.5,4.75,0.998,1.0033,0.9946
Nylon,179.7,12.68,1.0039,1.0006,1.0006
Nylon,82.9,11.8,0.9971,0.9982,0.9985
Nylon,88.2,17.32,1.0016,0.9989,0.9954
Nylon,98.2,8.96,1.0036,0.9966,0.9954
Nylon,187.7,7.17,0.9958,1.0017,0.9955
Nylon,53.7,7.18,0.997,0.9979,1.0014
Nylon,153.3,16.65,1.0,1.0019,0.9999
Nylon,151.0,12.33,0.9982,1.004,0.9988
Nylon,123.5,19.97,0.9965,0.9961,1.001
Nylon,114.4,19.61,0.9982,0.9945,0.9987
Nylon,45.0,4.73,1.0018,1.0028,1.0013
Nylon,85.0,1.78,0.9978,1.0046,0.9998
Nylon,31.4,18.98,1.0037,0.995,0.9988
Nylon,54.1,13.05,1.0043,1.0013,1.0005
Nylon,73.0,17.45,1.0013,0.9959,1.0041
Nylon,136.9,4.82,1.0037,1.0038,0.9961
Nylon,188.5,14.88,0.9957,1.0028,1.0035
Nylon,74.5,6.95,0.9976,0.9986,0.9989
Nylon,140.1,15.59,1.0003,0.9987,1.0009
Nylon,96.3,12.96,1.0038,0.9985,0.9997
Nylon,150.6,1.09,1.0022,1.0013,0.9965
Nylon,52.5,12.69,1.0004,1.0028,1.002
Nylon,191.4,16.42,1.0021,0.994,1.0004
Nylon,100.9,17.36,0.9956,1.0002,0.9952
Nylon,175.6,6.38,0.995,0.9996,0.9954
Nylon,154.9,7.74,1.0037,1.0041,1.0017
Nylon,165.4,11.35,0.9999,0.9975,1.0011
Nylon,97.7,16.56,0.9996,0.9964,0.9961
Nylon,115.3,11.76,1.0015,0.9952,1.0023
Nylon,158.1,11.75,0.9979,0.995,1.0036
Nylon,134.6,12.79,0.9962,1.0017,1.0039
Nylon,106.8,12.38,1.0036,0.9996,1.0025
Nylon,37.4,11.8,0.9967,1.003,1.0036
Nylon,67.8,14.98,1.0042,1.0021,1.0029
Nylon,193.2,14.95,0.9946,0.9945,0.9987
Nylon,34.2,17.02,0.9962,0.9972,1.0001
Nylon,168.6,7.89,0.9998,0.9976,1.003
Nylon,46.6,14.05,1.0007,0.9964,1.0043
Nylon,109.0,3.8,0.995,0.9967,0.9983
Nylon,124.1,5.23,1.0002,1.0007,0.9981
Nylon,47.9,3.28,0.9973,1.0026,1.0011
Nylon,114.5,15.09,1.0036,0.9969,1.0027
Nylon,107.8,3.99,1.0001,0.9993,1.0044
Nylon,190.2,16.61,0.9963,0.9941,0.9995
Nylon,79.8,3.47,1.0024,1.0029,1.0023
Nylon,172.1,7.25,0.9971,1.0011,1.0022
Nylon,94.1,9.73,0.9966,1.0036,0.9962
Nylon,33.9,11.03,0.998,1.0017,1.0033
Nylon,138.1,16.38,1.0003,0.9956,0.9994
Nylon,104.6,1.96,1.003,0.9998,0.9953
Nylon,31.7,1.09,0.9977,1.0042,0.9972
Nylon,50.3,6.5,0.9957,1.0019,0.996
Nylon,198.3,14.31,1.0001,0.9999,0.9964
Nylon,63.2,12.89,1.0047,1.0047,1.0022
Nylon,77.5,19.23,0.9951,0.9974,0.997
Nylon,178.5,9.38,1.0023,1.0001,0.9999
Nylon,180.8,19.33,0.9953,0.9992,1.0038
Nylon,140.5,15.48,0.9953,1.0022,0.9952
Nylon,94.2,5.05,1.0015,0.9988,0.9965
Nylon,171.2,10.87,0.9993,0.9975,1.0028
Nylon,190.6,13.44,0.9981,0.9954,0.9991
Nylon,63.3,1.27,1.0038,0.9981,1.002
Nylon,80.0,1.72,0.9995,1.0041,0.9965
Nylon,175.0,7.36,0.9967,1.0014,0.9955
Nylon,188.3,16.13,0.9959,0.9975,1.002
Nylon,69.8,10.37,0.9954,1.0027,0.9988
Nylon,163.9,6.28,0.9985,1.0025,0.997
Nylon,111.4,16.64,0.9961,1.0036,0.995
Nylon,183.3,15.74,1.0027,1.0024,1.0005
Nylon,189.8,10.91,1.0025,1.0027,1.0027
Nylon,146.5,16.94,0.9996,0.9995,1.0034
Nylon,170.5,2.01,0.997,0.9948,0.9962
Nylon,156.7,5.75,0.9976,1.0022,1.0041
Nylon,116.6,10.69,0.9946,1.0024,1.0041
Nylon,121.4,17.13,1.0012,0.9978,0.9967
Nylon,43.9,10.41,0.9986,0.9953,0.9994
Nylon,97.5,12.08,0.9992,1.0036,1.0001
Nylon,76.7,9.9,1.0024,1.0026,1.0043
Nylon,122.7,17.22,0.9963,1.004,0.9967
Nylon,114.8,18.07,1.0018,0.9979,0.9953
Nylon,140.2,15.49,1.0014,0.9991,1.0042
Nylon,198.3,11.54,0.9957,0.9992,1.0034
Nylon,66.6,14.38,1.0016,1.0031,0.9964
Nylon,136.9,17.26,1.0025,0.9973,0.9966
Nylon,76.6,6.62,0.9985,0.9994,1.001
Nylon,80.4,16.13,1.0002,0.9969,1.0004
Nylon,172.2,1.3,0.9944,0.9952,0.9988
Nylon,119.4,14.88,0.9966,0.9972,0.9945
Nylon,73.9,12.75,0.9955,0.9956,1.001
Nylon,66.5,9.42,0.9986,0.9987,0.9995
Nylon,95.8,18.67,0.9983,1.0018,1.0001
Nylon,75.5,8.86,1.0026,1.0001,1.0038
Nylon,165.3,19.5,1.0033,0.9994,0.9954
Nylon,82.6,10.94,1.003,0.9954,0.9957
Nylon,96.2,8.47,0.996,1.0025,0.9972
Nylon,73.5,7.2,0.9991,1.0033,0.9978
Nylon,158.5,4.25,1.0021,1.0022,0.9985
Nylon,63.3,19.34,0.9961,1.0018,1.0005
Nylon,99.4,19.06,1.0041,1.0004,1.0037
Nylon,191.9,10.06,1.0009,1.0027,0.9947
Nylon,136.1,2.19,0.995,1.0025,0.9987
Nylon,170.1,18.51,0.9964,0.9985,0.9951
Nylon,122.7,7.9,1.0,0.9967,0.998
Nylon,189.9,14.81,1.0031,1.0006,1.0021
Nylon,81.8,1.75,1.0034,0.9984,0.9993
Nylon,170.6,16.28,1.0023,0.9973,1.0037
Nylon,95.3,18.23,0.9972,1.0014,0.9977
Nylon,96.3,9.69,0.9979,1.0024,1.0041
Nylon,195.1,16.62,0.9952,1.0034,0.9941
Nylon,118.8,13.49,1.0013,1.0007,1.0021
Nylon,62.6,7.98,0.999,1.0011,1.0029
Nylon,166.7,17.8,0.9958,1.0014,0.9975
Nylon,88.7,9.0,0.9981,1.0018,1.0038
Nylon,197.9,5.52,0.9974,1.0024,1.0021
Nylon,117.3,5.9,0.995,0.9997,0.9952
Nylon,103.3,15.44,1.0014,0.9997,1.0041
Nylon,157.8,16.56,0.9961,1.0038,0.9958
Nylon,132.5,13.64,0.9992,0.9981,0.9957
Nylon,177.5,14.13,0.994,1.0013,0.9963
Nylon,129.1,11.74,0.9965,1.0001,0.9972
Nylon,38.1,10.31,1.003,0.9991,1.0004
Nylon,171.7,18.48,1.0005,1.0007,0.9942
Nylon,181.6,1.81,0.9975,0.9976,0.9943
Nylon,171.8,9.55,0.9989,1.0009,1.0024
Nylon,131.6,12.6,1.0004,0.9958,1.0036
Nylon,155.0,11.71,0.9969,0.9962,1.0003
Nylon,41.6,12.3,1.0006,0.996,1.0025
Nylon,160.6,8.98,0.9968,1.0018,0.9962
Nylon,52.6,12.15,1.0042,0.9956,1.0018
Nylon,96.1,9.46,1.0042,1.0035,0.9992
Nylon,150.6,7.05,1.0002,1.0015,1.0012
Nylon,150.1,18.73,1.002,1.0011,1.0004
Nylon,90.8,6.17,1.0,1.0008,1.0039
Nylon,122.5,2.67,1.0009,0.9955,0.996
Nylon,85.7,4.11,0.9991,1.003,0.9951
Nylon,36.5,11.13,1.0046,0.9983,0.9982
Nylon,84.8,4.1,0.9976,1.003,0.9955
Nylon,156.3,16.17,1.0015,1.0014,0.9996
Nylon,142.1,18.38,0.9986,1.0039,1.0014
Nylon,176.9,2.93,1.003,0.9954,1.0
Nylon,119.3,2.18,1.0037,1.003,0.9954
Nylon,178.9,1.42,0.9965,1.0026,1.0024
Nylon,164.3,17.31,0.9961,1.004,1.0016
Nylon,122.8,15.52,0.9951,1.0034,0.9946
Nylon,96.4,6.93,0.9999,1.0015,0.9966
Nylon,90.8,9.36,1.0021,0.9968,1.0013
Nylon,111.9,5.32,0.995,1.0012,0.9947
Nylon,82.0,15.75,0.9977,1.0012,0.9974
Nylon,183.5,19.32,0.9956,0.9947,1.0014
Nylon,197.5,17.44,0.9997,0.9969,0.9999
Nylon,125.6,2.93,0.9991,1.0017,0.9964
Nylon,162.9,9.97,1.0034,1.0,0.995
Nylon,178.0,11.85,1.0004,1.0039,1.0006
Nylon,173.4,10.52,1.002,1.0035,0.997
Nylon,105.8,2.29,0.9948,1.0004,0.9958
Nylon,157.9,5.09,1.0026,0.9984,1.004
Nylon,84.1,14.17,0.9959,0.9952,1.0046
Nylon,136.4,1.64,0.9997,0.998,1.0021
Nylon,176.3,19.5,0.9973,0.9943,1.0021
Nylon,160.1,6.66,0.9949,0.9986,1.0027
Nylon,160.6,13.92,0.9945,1.0033,1.0015
Nylon,182.3,10.44,0.9983,1.0022,1.0032
Nylon,61.9,4.11,0.9993,1.0002,0.9966
Nylon,186.6,5.03,1.001,0.9974,0.9988
Nylon,50.0,5.31,0.9996,0.9988,1.0023
Nylon,194.3,13.64,0.9957,1.0007,0.9962
Nylon,181.5,6.31,1.0038,0.9961,1.002
Nylon,68.7,9.84,1.0039,1.0039,0.9989
Nylon,110.9,18.56,1.0037,0.9983,0.9999
Nylon,64.8,4.54,0.996,1.0024,0.9999
Nylon,56.6,13.34,1.0003,0.9999,1.0002
Nylon,36.0,10.25,0.9984,1.0036,1.0042
Nylon,104.3,7.55,0.9979,1.0021,1.0001
Nylon,97.1,6.69,0.9955,1.0016,0.9964
Nylon,53.4,11.79,0.9974,1.0002,0.996
Nylon,140.9,13.7,1.0037,0.9953,0.9978
Nylon,61.2,10.91,1.0045,0.9969,0.9958
Nylon,123.6,10.13,0.9983,0.9971,1.0007
Nylon,76.5,11.64,0.9994,0.9996,0.9977
Nylon,189.9,15.77,0.9997,1.0006,0.9948
Nylon,194.7,1.35,0.9947,0.9995,1.0027
Nylon,199.6,19.13,0.9955,0.9988,0.9995
Nylon,101.1,2.04,0.9987,1.0001,1.0026
Nylon,143.9,9.32,1.0014,0.9972,1.0036
Nylon,191.8,7.28,1.001,1.0008,1.0025
Nylon,110.0,19.39,0.9984,0.9959,0.9951
Nylon,65.6,15.66,0.998,1.0,0.9987
Nylon,84.1,3.15,0.997,0.9961,0.9977
Nylon,42.2,17.31,1.0019,0.9961,1.0009
Nylon,139.1,10.2,0.9948,1.0019,1.0017
Nylon,142.4,9.12,1.0022,1.0036,0.9969
Nylon,172.5,16.35,1.0018,0.9952,0.9942
Nylon,160.3,7.65,0.9965,0.9985,0.9947
Nylon,199.3,16.48,0.9971,1.0009,0.9956
Nylon,95.9,2.48,0.996,1.0047,1.0043
Nylon,93.6,3.93,1.0012,1.0021,0.9983
Nylon,112.7,9.59,1.0024,1.0039,1.0037
Nylon,49.5,11.32,0.9962,1.0042,0.9966
Nylon,165.7,9.8,0.9953,0.9964,0.995
Nylon,38.5,3.72,1.0024,1.0009,0.9954
Nylon,152.4,19.53,0.9966,1.004,0.9973
Nylon,175.1,7.84,1.0009,0.9967,1.0011
Nylon,66.8,11.65,0.997,1.0008,0.9966
Nylon,199.0,14.42,0.9944,1.0019,1.0003
Nylon,100.7,12.02,1.0018,0.9972,0.9997
Nylon,90.9,10.75,0.9947,0.9974,1.0006
Nylon,168.2,10.45,0.9955,1.004,0.9987
Nylon,83.7,6.18,0.998,0.9961,0.9958
Nylon,140.1,9.86,1.0005,0.997,0.9974
Nylon,174.4,10.98,0.9975,0.9996,1.0003
Nylon,34.9,2.16,0.999,1.0031,1.0007
Nylon,109.5,4.77,0.9951,0.9988,1.0038
Nylon,102.4,8.7,1.0044,0.9996,0.9999
Nylon,126.3,11.51,0.9961,0.9971,1.002
Nylon,96.1,19.22,0.9969,0.996,0.9998
Nylon,77.6,3.66,1.004,1.0006,0.9965
Nylon,82.0,5.67,1.0004,0.9952,0.9999
Nylon,146.5,3.72,0.9947,1.004,0.9952
Nylon,141.5,19.77,1.0006,0.9994,0.995
Nylon,95.2,6.3,0.9979,1.0031,1.0018
Nylon,143.8,4.14,0.9966,0.9945,1.0021
Nylon,176.1,9.59,0.9988,0.995,0.9947
Nylon,37.9,4.34,1.0046,0.9992,0.9997
Nylon,78.8,17.57,0.9996,0.9975,0.9962
Nylon,109.5,5.88,0.9999,0.9988,1.0046
Nylon,67.3,15.75,1.0028,1.0046,0.9961
Nylon,197.3,11.35,1.0005,0.9976,0.9966
Nylon,105.9,9.26,1.0034,0.9969,1.002
Nylon,123.2,11.22,0.9951,0.9987,1.0019
Nylon,159.5,12.45,1.0002,0.9997,0.9956
Nylon,65.0,18.32,1.0014,1.0035,0.9961
Nylon,192.0,7.95,0.9989,1.0002,0.9961
Nylon,134.8,14.1,0.9945,0.9998,0.997
Nylon,51.7,15.74,0.998,0.995,0.9989
Nylon,183.5,9.69,1.0023,1.0012,1.0014
Nylon,152.3,16.53,0.996,1.0027,0.9968
Nylon,151.2,7.53,1.0016,1.0039,0.9976
Nylon,132.4,9.32,0.9954,1.0028,0.9982
Nylon,158.3,19.9,1.002,1.0025,0.9962
Nylon,144.5,3.48,0.9959,1.0025,0.9976
Nylon,153.3,9.16,0.9965,1.0038,1.004
Nylon,119.8,8.05,0.9966,0.9955,0.9946
Nylon,127.3,4.66,0.9979,1.0013,0.9996
Nylon,111.0,8.18,1.0013,1.0015,0.9993
Nylon,35.9,4.56,1.0013,1.001,0.9988
Nylon,61.3,15.17,0.9964,1.0002,0.9991
Nylon,57.6,17.23,1.0042,1.0002,0.9996
Nylon,103.9,8.87,1.0019,1.0024,1.001
Nylon,126.7,10.38,0.9982,1.0007,0.9976
Nylon,150.8,1.05,1.0017,1.0007,1.0001
Nylon,98.8,12.98,0.9972,1.002,1.0045
Nylon,70.7,8.87,0.9966,0.9981,0.995
Nylon,42.4,2.47,0.9961,1.0043,1.0
Nylon,30.9,1.84,0.995,1.0004,0.9964
Nylon,51.7,2.05,0.9972,1.0024,0.9953
Nylon,129.7,11.94,0.9979,1.0043,0.9949
Nylon,127.1,1.58,0.9987,0.9953,0.999
Nylon,172.1,1.29,0.9951,0.999,0.9997
Nylon,74.8,9.85,0.9982,1.0004,1.0019
Nylon,160.7,18.19,0.9959,0.9946,0.9981
Nylon,85.1,14.99,0.9997,1.0009,0.9996
Nylon,108.5,9.16,0.9949,0.9992,1.0038
Nylon,50.6,1.38,1.0032,0.9984,0.9965
Nylon,81.9,17.54,0.9947,1.0028,1.0041
Nylon,51.5,9.8,1.0031,0.9954,1.0017
Nylon,144.3,3.94,1.0034,1.0036,1.0011
Nylon,190.4,12.56,0.9964,1.0017,1.0015
Nylon,103.3,6.7,0.9999,0.9984,0.9986
Nylon,138.0,13.54,1.0014,0.9985,1.0029
Nylon,50.4,4.15,0.9999,0.995,0.9949
Nylon,183.7,1.26,1.0011,0.9964,1.0037
Nylon,105.4,4.64,0.9997,0.9995,0.9956
Nylon,158.8,5.56,1.0023,0.9962,0.9961
Nylon,85.3,14.75,1.0012,1.0001,0.9968
Nylon,111.7,15.83,1.0034,1.0009,0.9959
Nylon,199.4,14.69,0.9964,0.9944,0.9974
Nylon,50.2,10.38,0.9985,1.0002,0.999
Nylon,168.5,2.49,1.0012,0.9948,0.9945
Nylon,89.8,2.64,1.0046,1.0,0.9985
Nylon,139.5,6.09,1.0004,0.9968,0.9966
Nylon,192.3,19.18,0.9988,0.9998,0.9968
Nylon,51.8,19.44,1.0011,0.9986,1.0039
Nylon,68.3,19.22,1.0043,0.9981,0.9981
Nylon,119.4,13.32,0.9994,0.9982,1.0022
Nylon,108.4,2.87,1.0015,0.9957,1.0039
Nylon,68.0,14.77,0.996,0.9966,0.9952
Nylon,156.1,6.34,0.9968,0.9997,1.0007
Nylon,32.8,13.68,1.0011,0.9957,0.9999
Nylon,151.5,18.21,0.9971,0.9953,1.0036
Nylon,60.1,5.29,1.0043,1.0022,1.0047
Nylon,107.1,2.25,1.0032,1.0042,1.0043
Nylon,72.4,16.98,0.9995,0.995,0.9951
Nylon,91.4,8.63,0.9981,1.0026,1.0029
Nylon,112.7,4.49,1.0003,0.9954,0.995
Nylon,56.5,8.37,1.0013,0.9996,0.9979
Nylon,174.4,18.56,0.9999,1.0011,1.0015
Nylon,103.8,1.42,0.9958,0.999,1.0029
Nylon,31.8,19.42,0.9986,1.0035,0.9958
Nylon,169.4,17.34,0.9958,0.9999,1.0027
Nylon,150.0,19.75,0.9972,0.9985,0.9964
Nylon,125.6,5.51,1.0003,0.9977,1.0044
Nylon,147.5,4.77,1.0039,1.0002,1.0042
Nylon,52.9,12.96,0.9988,1.0006,0.9999
Nylon,98.7,13.53,0.9977,0.9985,0.9989
Nylon,72.6,7.03,0.9975,1.0007,0.9986
Nylon,77.6,14.0,0.9963,0.9988,1.0029
Nylon,126.5,15.44,1.0009,0.9978,0.9978
Nylon,161.5,2.03,0.9962,1.0027,0.9997
Nylon,142.9,14.45,1.002,0.998,1.0006
Nylon,192.2,5.83,0.9969,0.9951,1.0027
Nylon,36.7,10.84,1.0033,0.9978,1.0004
Nylon,122.9,18.5,1.0032,1.0027,1.0034
Nylon,104.9,19.78,1.0037,1.0029,1.0025
Nylon,105.2,15.88,0.9973,0.9995,1.0028
Nylon,136.5,4.57,1.0038,0.9995,1.0039
Nylon,45.1,13.58,0.9956,1.0046,0.9993
Nylon,45.9,1.13,0.9978,0.9967,1.0046
Nylon,113.5,5.16,0.9952,0.9977,0.9991
Nylon,199.0,3.0,1.0002,0.9948,0.9968
Nylon,119.8,1.34,0.9952,1.0021,1.0034
Nylon,45.3,5.54,1.0032,1.0018,0.9966
Nylon,50.0,16.67,1.0006,0.9973,0.9948
Nylon,45.9,16.6,0.9972,1.0027,1.0012
Nylon,57.5,7.75,1.0012,1.0035,1.0036
Nylon,128.6,9.86,0.9993,0.9959,0.9973
Nylon,139.7,14.5,1.0037,0.9976,0.9951
Nylon,154.3,15.09,1.0033,0.9985,1.0
Nylon,46.8,18.17,1.0011,1.0022,0.9967
Nylon,185.1,18.94,1.0,0.9985,0.9988
Nylon,37.6,19.96,1.0044,0.9958,0.9999
Nylon,156.2,14.06,1.0001,1.0012,1.0003
Nylon,32.5,10.71,0.9971,1.0043,1.0037
Nylon,173.3,8.14,0.9983,0.9999,0.9996
Nylon,166.6,12.03,0.9995,0.9949,0.998
Nylon,99.9,12.72,0.9957,1.0019,1.0003
Nylon,126.3,4.0,1.0016,0.9991,0.9991
Nylon,34.6,16.93,1.0029,0.9991,1.0026
Nylon,90.4,18.48,1.0024,1.0038,1.0019
Nylon,93.1,12.35,0.999,1.0042,1.0006
Nylon,184.6,10.32,0.9988,1.0011,1.002
Nylon,136.5,1.3,1.0035,0.9977,1.0018
Nylon,100.0,3.53,1.0012,0.9972,0.9994
Nylon,172.4,5.26,0.9965,0.9989,0.9971
Nylon,45.9,13.62,0.9965,0.9998,0.9998
Nylon,168.7,9.53,0.9986,1.0007,0.9997
Nylon,189.7,5.97,0.998,1.0016,1.0017
Nylon,56.4,19.49,1.0046,1.0041,0.996
Nylon,72.3,1.06,0.9981,1.0028,1.0016
Nylon,129.2,16.18,0.9993,1.0033,1.0042
Nylon,197.1,15.74,1.0032,0.9999,1.0021
Nylon,86.7,15.28,1.0027,0.9986,1.0021
Nylon,39.4,10.93,0.997,1.003,0.9952
Nylon,131.7,12.06,0.995,1.0014,1.0004
Nylon,153.5,8.93,0.9961,1.001,0.9952
Nylon,156.0,5.27,0.9973,1.0006,1.0
Nylon,113.7,17.97,0.9989,1.0008,1.0041
Nylon,78.5,15.11,0.9995,0.9958,0.999
Nylon,161.1,6.57,0.9995,0.9975,1.0002
Nylon,70.7,4.84,0.9985,1.0027,1.002
Nylon,38.0,12.72,0.9959,1.0042,1.0011
Nylon,162.5,15.68,1.0037,0.996,0.9943
Nylon,133.2,4.12,1.0011,0.9951,1.0034
Nylon,71.9,17.1,0.9983,1.0032,0.9989
Nylon,40.5,13.86,1.001,0.9999,0.996
Nylon,48.9,6.09,0.9982,1.001,1.0029
Nylon,57.0,17.92,0.9994,0.9955,0.9998
Nylon,133.4,18.74,1.004,0.9958,0.9951
Nylon,47.8,11.55,1.0013,0.9952,0.9951
Nylon,186.2,8.31,1.0027,1.0005,0.9989
Nylon,80.2,18.83,0.9994,1.0017,1.0037
Nylon,77.4,16.87,0.998,0.9976,0.9955
Nylon,197.6,19.21,1.0023,1.0033,0.9973
Nylon,129.8,8.89,1.0042,0.9975,1.0007
Nylon,89.3,8.8,0.9965,1.0016,0.9985
Nylon,69.6,8.83,0.9978,0.9988,0.9949
Nylon,105.9,6.6,0.9966,0.9964,1.0026
Nylon,174.0,1.03,1.004,0.9952,0.998
Nylon,97.6,9.76,1.0026,1.0011,1.0007
Nylon,173.5,12.88,1.0008,0.999,1.0004
Nylon,169.8,4.95,0.9948,1.0023,0.9958
Nylon,191.2,6.23,1.0033,0.9969,1.0
Nylon,146.5,7.01,0.9977,0.9946,0.9946
Nylon,75.1,19.31,1.0019,0.9954,0.9998
Nylon,36.7,17.86,1.0041,1.0008,1.0008
Nylon,73.8,14.9,0.9983,1.0025,0.9967
Nylon,186.0,2.63,0.9944,1.0004,1.0
Nylon,177.2,9.16,1.0036,1.0032,0.997
Nylon,158.0,19.35,0.9967,0.9989,0.9944
Nylon,133.7,2.86,1.0024,1.001,0.9981
Nylon,188.1,2.81,0.9979,0.9963,0.9999
Nylon,154.9,3.88,0.9967,1.0039,0.9983
Nylon,84.0,19.94,0.9958,1.0001,0.9981
Nylon,157.0,3.27,1.0041,1.003,1.0005
Nylon,150.4,19.59,1.0015,0.9956,1.0019
Nylon,184.7,5.03,1.0029,0.9985,1.0029
Nylon,158.9,3.14,0.9964,1.0036,1.0009
Nylon,58.9,7.92,0.9989,1.0005,0.9997
Nylon,98.0,13.96,1.0002,0.9947,1.0007
Nylon,44.5,9.97,1.001,1.004,0.9963
Nylon,68.8,19.68,0.9978,0.9959,1.0019
Nylon,91.4,2.56,0.9984,0.9982,0.9964
Nylon,158.2,17.31,1.0012,1.0014,1.004
Nylon,148.7,13.04,1.0019,1.0015,1.0043
Nylon,147.6,11.92,0.9952,1.0023,1.001
Nylon,45.3,16.82,1.0002,1.0001,1.0008
Nylon,59.4,11.19,0.996,0.9976,1.0002
Nylon,168.2,2.84,0.9961,0.9956,0.9992
Nylon,66.0,9.2,1.0012,1.0012,1.0017
Nylon,199.8,13.54,1.0002,1.0028,0.9954
Nylon,151.8,5.14,0.9957,0.9958,0.996
Nylon,103.6,9.61,1.0032,1.0018,0.9985
Nylon,156.8,4.01,0.9968,0.9973,1.0044
Nylon,188.8,15.78,1.0032,0.9995,0.9988
Nylon,133.9,6.27,0.999,1.0014,0.9989
Nylon,83.1,6.19,0.9955,0.9982,1.0006
Nylon,143.5,1.64,1.0013,0.9963,0.998
Nylon,60.0,5.69,0.9961,0.9978,0.9975
Nylon,121.4,5.41,1.0017,0.9957,1.0041
Nylon,92.7,18.46,1.002,1.0011,1.0005
Nylon,112.1,18.52,0.997,0.9958,0.9999
Nylon,50.6,7.12,0.9993,1.004,0.9991
Nylon,88.9,14.55,0.9956,0.9989,0.9963
Nylon,34.5,4.71,1.0033,0.9994,0.9962
Nylon,134.1,6.42,1.0036,0.9961,0.9996
Nylon,129.4,3.46,0.9956,0.9962,0.9997
Nylon,158.6,19.58,0.9964,0.9974,0.9984
Nylon,52.7,1.98,1.0047,1.0035,1.0
Nylon,33.6,10.0,0.9999,0.9949,0.9999
Nylon,182.6,4.25,0.9944,1.0025,0.9978
Nylon,136.4,1.07,1.0015,1.0004,1.0022
Nylon,63.2,7.56,0.9974,1.0005,0.9969
Nylon,154.1,10.31,1.002,0.9956,1.0028
Nylon,128.6,4.18,0.9953,0.9947,1.0012
Nylon,58.5,10.1,1.0004,1.0028,1.0032
Nylon,172.4,11.87,1.0019,1.0025,1.0032
Nylon,72.1,15.99,1.0015,1.0021,0.9971
Nylon,66.0,9.19,0.9951,0.9966,0.9965
Nylon,38.4,1.08,1.0015,0.9997,0.9953
Nylon,69.6,15.67,0.9957,0.9958,0.9981
Nylon,182.4,11.3,0.9954,0.9979,0.9992
Nylon,181.4,11.68,0.9998,1.0024,0.9957
Nylon,144.7,11.29,0.9954,0.9979,1.0021
Nylon,53.8,17.34,0.9989,0.9986,0.9952
Nylon,193.8,12.08,1.001,1.0037,0.9969
Nylon,77.7,3.08,1.0025,0.9959,1.0047
Nylon,182.7,5.46,0.997,1.0034,1.0014
Nylon,72.2,3.39,0.9982,1.0015,1.0014
Nylon,33.6,3.01,0.9981,1.0007,1.0
Nylon,118.6,4.87,1.0021,1.0016,1.0044
Nylon,188.3,14.07,0.9993,1.0007,1.0003
Nylon,42.6,6.93,1.0043,1.0015,0.9967
Nylon,169.9,16.61,1.0009,1.0031,1.0008
Nylon,186.9,12.3,1.0029,1.0021,0.9949
Nylon,128.9,9.35,1.0031,0.9994,0.9949
Nylon,197.4,12.4,0.9946,1.0005,1.0014
Nylon,38.0,7.96,0.9971,1.0031,1.0039
Nylon,136.1,3.17,1.0037,0.9963,0.9972
Nylon,192.8,15.31,0.9947,0.9972,1.0036
Nylon,188.3,13.27,0.9982,0.9965,1.0033
Nylon,197.2,13.33,1.0005,0.9994,0.9945
Nylon,48.7,7.51,0.9963,1.0039,0.996
Nylon,173.5,14.24,1.0016,1.0004,0.9975
Nylon,73.7,14.48,0.9958,0.9962,1.0018
Nylon,85.3,12.03,0.9958,0.9967,0.9986
Nylon,96.3,6.8,0.9958,0.9969,0.9968
Nylon,106.6,6.01,1.0045,1.0021,1.0016
Nylon,126.4,2.1,0.9957,0.9956,1.0035
Nylon,72.2,4.13,0.9975,0.9975,0.9964
Nylon,89.0,6.04,1.0038,1.0029,0.9978
Nylon,143.2,12.55,1.0008,0.9956,1.0001
Nylon,115.1,13.61,1.003,0.9951,0.999
Nylon,49.2,6.41,0.9972,1.0007,1.0039
Nylon,36.9,13.19,0.997,0.9985,1.002
Nylon,120.8,12.3,0.9947,1.0044,1.0006
Nylon,38.4,1.89,1.0037,0.9953,0.995
Nylon,129.7,8.61,0.9998,1.0005,1.0015
Nylon,62.0,19.46,1.0036,0.9955,0.9993
Nylon,193.1,4.2,1.002,0.997,1.0018
Nylon,172.1,5.52,0.9946,0.9977,0.9976
Nylon,169.2,11.77,1.0006,0.9985,0.9944
Nylon,49.6,8.13,0.9959,1.0006,0.9993
Nylon,93.9,2.86,1.0027,1.0046,1.0008
Nylon,171.0,1.48,0.998,0.9965,0.9993
Nylon,128.5,7.72,0.998,0.9998,1.0004
Nylon,44.5,7.92,1.0033,0.9992,1.0022
Nylon,86.5,17.8,1.0042,0.9972,0.9992
Nylon,116.7,16.07,1.002,0.9986,0.9999
Nylon,154.5,1.14,1.0006,1.0024,1.0018
Nylon,178.4,19.87,1.0009,1.0008,0.9958
Nylon,43.8,9.82,1.0011,0.997,0.9997
Nylon,162.0,3.29,1.0016,0.9956,1.004
Nylon,59.4,7.37,1.0001,0.996,1.0013
Nylon,151.8,12.82,0.9953,1.0017,0.9989
Nylon,46.7,7.89,0.9958,0.9952,1.0048
Nylon,176.1,6.91,0.9967,0.9989,1.002
Nylon,165.4,1.37,0.9968,1.0009,0.9957
Nylon,196.4,12.56,1.0026,0.9972,0.9949
Nylon,87.6,6.67,0.9981,0.9977,1.0045
Nylon,126.6,19.59,0.9978,1.0003,0.995
Nylon,127.5,18.14,0.9944,1.0028,1.0042
Nylon,142.1,6.03,1.0013,1.0003,0.9946
Nylon,81.6,13.25,0.9977,1.0004,0.9963
Nylon,156.4,8.11,1.0025,0.9985,0.9968
Nylon,183.6,12.69,1.0021,1.0036,1.0015
Nylon,165.0,19.55,1.0019,1.0009,0.9987
Nylon,98.6,15.12,0.9993,1.0016,1.003
Nylon,139.5,4.45,1.004,0.9969,1.0028
Nylon,160.3,10.14,1.0001,0.9944,1.0035
Nylon,89.0,11.59,0.9956,0.996,0.9983
Nylon,39.9,9.98,1.0003,0.9992,0.9981
Nylon,144.9,12.85,1.0016,0.9948,0.9953
Nylon,53.6,3.78,0.9961,1.0026,0.999
Nylon,65.1,18.25,1.0011,0.9983,1.0037
Nylon,30.2,9.76,1.0012,0.9994,1.0035
Nylon,88.4,10.59,1.003,0.9967,1.0026
Nylon,103.9,4.61,1.0011,0.9972,0.996
Nylon,106.9,17.06,0.9945,1.0012,1.0043
Nylon,173.1,3.43,0.9962,1.002,0.9956
Nylon,136.7,2.09,0.9961,1.0031,1.0014
Nylon,37.3,16.77,1.0035,0.9988,1.0021
Nylon,32.9,9.61,1.0003,1.0026,1.0021
Nylon,93.3,5.42,1.0022,0.9981,0.9976
Nylon,116.2,7.15,0.9986,1.0041,1.0039
Nylon,124.4,9.75,0.9963,0.9956,0.9996
Nylon,122.3,18.73,0.9966,0.9982,1.0
Nylon,48.8,3.85,1.0019,1.0042,0.999
Nylon,91.9,10.9,1.0021,0.9984,0.9966
Nylon,134.0,14.65,0.9963,0.9957,0.9953
Nylon,158.9,11.49,1.0019,0.9947,0.9943
Nylon,117.0,17.52,0.9952,1.0015,1.0034
Nylon,170.9,7.39,0.9967,1.0024,1.001
Nylon,182.6,19.01,1.0014,0.995,0.995
Nylon,122.8,19.29,1.0012,0.9973,1.0029
Nylon,43.3,11.93,0.9955,1.0039,0.9975
Nylon,148.5,7.5,0.9979,0.9991,0.9987
Nylon,96.0,12.06,1.0016,0.9961,0.9966
Nylon,106.7,2.96,0.9994,1.0021,0.9951
Nylon,81.9,7.97,1.0044,1.0016,0.9959
Nylon,196.5,9.44,0.9977,1.0039,1.0021
Nylon,152.6,4.28,1.0042,0.9949,0.9957
Nylon,79.7,4.39,0.997,1.0044,0.9957
Nylon,198.5,6.91,1.0038,1.0007,0.996
Nylon,165.9,19.17,0.9975,0.995,1.0001
Nylon,135.4,12.91,0.9959,0.995,0.9951
Nylon,52.7,19.78,0.9963,1.0022,0.9948
Nylon,164.9,12.69,1.0009,0.9963,0.9948
Nylon,168.0,9.15,0.9967,0.9947,1.0037
Nylon,148.7,3.22,1.0021,0.9994,1.002
Nylon,147.9,19.98,0.9948,0.995,1.0003
Nylon,49.5,19.16,1.0023,0.9987,0.9952
Nylon,86.4,13.32,0.995,1.0005,1.0029
Nylon,182.7,11.16,0.998,0.9976,0.9943
Nylon,123.2,12.35,0.9965,1.0013,0.9963
Nylon,108.1,14.41,0.9997,1.0028,1.0035
Nylon,155.4,1.16,0.9977,0.9966,0.9975
Nylon,119.9,11.34,1.0037,0.9994,1.0044
Nylon,131.8,14.78,0.9986,0.999,1.0023
Nylon,83.5,5.05,0.9982,1.0007,0.9964
Nylon,126.4,5.87,0.9968,0.9952,1.0032
Nylon,161.1,7.51,0.9965,0.9988,1.0001
Nylon,145.7,17.55,0.9948,0.995,0.9946
Nylon,116.6,13.9,0.999,1.0013,0.9957
Nylon,56.9,4.1,1.0013,0.9975,0.9976
Nylon,127.4,6.5,0.999,1.0025,1.0025
Nylon,121.1,10.98,1.0022,0.9984,1.0007
Nylon,178.2,6.9,1.0038,0.995,0.9968
Nylon,50.1,7.99,0.9962,1.0023,0.9958
Nylon,52.5,14.64,0.9995,0.997,1.0026
Nylon,44.5,5.45,1.0002,0.9993,1.0027
Nylon,142.7,3.19,1.002,0.9966,1.0005
Nylon,84.8,7.97,1.0039,1.0011,0.9962
Nylon,87.0,11.85,0.9957,0.9967,0.9964
Nylon,193.9,16.66,1.0017,0.9984,1.0026
Nylon,67.0,18.93,1.0042,0.9993,0.9949
Nylon,175.0,12.63,0.9961,0.9982,0.9981
Nylon,38.6,10.1,1.0045,1.0044,1.0005
Nylon,168.8,2.66,1.0008,1.0007,1.0038
Nylon,123.3,4.01,1.0038,1.0002,0.9954
Nylon,172.9,5.0,1.0033,0.9975,0.9987
Nylon,135.8,6.76,1.0007,0.9977,0.9946
Nylon,36.3,10.68,0.9983,1.0017,0.9975
Nylon,52.6,19.41,0.998,1.0024,1.001
Nylon,57.4,9.92,1.0041,1.0023,1.004
Nylon,144.7,17.64,0.9959,0.9966,0.9993
Nylon,50.9,18.11,0.9974,0.9984,1.0034
Nylon,197.7,2.58,1.0024,0.9968,1.0002
Nylon,88.3,13.35,0.9953,0.9972,1.0021
Nylon,71.5,5.97,0.998,0.9981,0.9948
Nylon,51.3,3.7,0.9956,1.0011,1.0018
Nylon,118.6,19.24,0.9973,0.9954,0.9952
Nylon,195.2,19.23,1.0025,0.9964,0.9994
Nylon,118.5,14.54,0.9946,1.0001,0.996
Nylon,186.8,3.88,0.9944,1.0014,1.0034
Nylon,179.1,16.38,0.9982,1.0032,1.0
Nylon,37.8,16.18,1.0029,0.9989,1.0001
Nylon,148.4,4.02,0.996,1.0015,0.9989
Nylon,40.3,18.68,1.0014,1.0008,1.0046
Nylon,111.7,5.21,1.0014,0.9975,1.0012
Nylon,61.5,13.65,1.0007,1.0007,1.002
Nylon,54.0,5.13,0.9982,0.9968,0.996
Nylon,87.5,5.8,1.0046,0.999,0.9973
Nylon,103.0,5.23,0.9952,0.9994,0.9979
Nylon,103.9,6.52,0.9967,0.9955,0.9998
Nylon,61.2,2.41,1.0021,1.004,0.9982
Nylon,192.4,14.26,0.9956,1.0029,0.9975
Nylon,84.4,5.31,0.9957,1.0028,1.0041
Nylon,155.3,18.22,1.0018,0.9997,0.9974
Nylon,170.5,7.03,0.9957,1.0025,1.0002
Nylon,165.7,1.26,1.0039,1.0025,1.0016
Nylon,39.1,4.02,1.0048,1.0,1.0027
Nylon,128.0,19.26,1.0,1.0023,1.0026
Nylon,137.8,11.62,1.0014,0.9985,0.9983
Nylon,128.3,1.28,0.9948,1.0009,0.998
Nylon,160.7,17.86,0.9958,0.9976,1.0037
Nylon,154.8,1.61,0.996,0.9965,1.0044
Nylon,47.5,5.84,1.0043,0.9958,1.0032
Nylon,188.6,5.44,0.9985,0.9988,0.9958
Nylon,185.1,14.4,1.0028,0.9945,1.0038
Nylon,180.7,13.11,0.9974,0.996,1.0003
Nylon,166.7,1.09,1.0037,1.0,1.0043
Nylon,132.4,9.41,1.0017,0.9996,0.9953
Nylon,188.3,10.65,0.9998,1.0035,1.0018
Nylon,34.2,7.82,0.9975,1.0037,0.9979
Nylon,158.7,10.93,1.0005,0.9974,1.0019
Nylon,114.9,2.98,0.9946,0.9997,1.0022
Nylon,163.2,9.8,1.0023,1.0019,1.0027
Nylon,43.2,14.26,0.9988,1.0007,0.9964
Nylon,130.6,18.77,0.9962,1.0007,1.0001
Nylon,136.9,8.56,0.9996,1.0012,0.9975
Nylon,111.2,8.67,0.9968,0.9947,1.0008
Nylon,196.2,12.05,0.9985,1.0004,0.995
Nylon,47.4,6.97,1.0048,1.0006,1.0025
Nylon,181.3,6.74,0.9987,1.0036,0.998
Nylon,169.6,9.68,0.9951,0.9976,1.002
Nylon,77.6,8.75,0.9984,1.0044,1.0003
Nylon,170.6,4.91,0.9986,0.9981,0.9966
Nylon,41.6,19.68,0.9958,1.0044,1.0028
Nylon,92.7,16.41,1.0044,0.996,0.9952
Nylon,114.0,9.18,0.9994,0.9995,0.9962
Nylon,99.2,5.71,1.0019,0.9967,0.9979
Nylon,31.7,17.19,0.9951,1.0014,1.0028
Nylon,124.6,4.86,0.9956,0.9972,1.0012
Nylon,41.5,2.45,0.9958,1.0024,0.9954
Nylon,43.9,9.61,0.9979,0.9974,1.0004
Nylon,199.2,14.04,0.9995,0.995,0.9998
Nylon,167.9,17.84,0.9959,0.9992,0.996
Nylon,41.5,5.89,1.0029,1.0003,0.9975
Nylon,162.5,15.24,0.9991,0.9945,0.9992
Nylon,129.4,9.77,1.0008,0.9981,0.9971
Nylon,62.8,14.18,0.9963,0.9975,1.0015
Nylon,145.4,2.15,0.9961,1.0007,0.9955
Nylon,84.1,16.07,0.9975,0.9987,1.0007
Nylon,52.4,17.38,0.9995,1.0017,1.0004
Nylon,55.4,15.89,1.0024,1.0018,1.0019
Nylon,118.9,9.32,0.9947,1.0033,1.0039
Nylon,70.9,16.73,0.9976,1.002,0.9981
Nylon,129.0,18.97,1.003,0.9948,0.996
Nylon,181.9,1.39,0.9961,0.9994,1.0042
Nylon,96.2,17.28,0.9995,1.0041,1.0001
Nylon,77.3,18.73,0.9961,0.9998,0.9988
Nylon,52.4,8.19,1.0045,1.002,0.9976
Nylon,182.5,3.07,1.0028,1.003,1.0023
Nylon,107.8,2.05,0.9975,0.9979,0.9981
Nylon,182.3,13.03,0.9956,1.0031,0.9943
Nylon,159.1,1.4,0.9997,1.0024,0.9957
Nylon,146.2,3.78,1.0039,0.9946,1.0013
Nylon,59.3,9.98,0.9948,1.0012,1.0021
Nylon,123.9,12.89,0.9986,1.0008,0.9965
Nylon,133.6,3.84,1.0039,0.9957,0.9996
Nylon,47.6,12.85,0.9968,1.0043,1.003
Nylon,169.3,15.7,1.003,1.0013,0.9956
Nylon,58.3,3.73,0.9979,0.9962,0.9956
Nylon,160.8,8.45,0.9947,0.9964,0.9995
Nylon,139.5,2.55,1.002,1.0003,1.0004
Nylon,122.1,13.72,1.0043,0.9961,1.0013
Nylon,62.6,4.35,1.0042,0.9978,1.0024
Nylon,197.7,3.27,0.9998,0.9986,0.9946
Nylon,150.2,15.56,0.9981,0.9957,1.0034
Nylon,48.9,13.22,0.9992,1.0023,0.998
Nylon,190.6,17.25,0.9946,0.9966,1.0006
Nylon,170.3,5.89,0.9954,0.9991,1.0014
Nylon,178.5,19.82,1.0029,1.0032,1.0004
Nylon,198.5,16.24,1.0015,0.9956,0.9957
Nylon,88.4,13.98,0.9991,0.9949,0.9995
Nylon,117.6,16.31,1.0008,0.9997,1.0022
Nylon,104.5,6.11,0.9968,1.002,1.0021
Nylon,181.0,19.81,0.9978,0.9941,1.0005
Nylon,123.6,1.04,1.004,0.9995,1.0041
Nylon,156.9,8.25,1.0018,1.0039,0.9979
Nylon,118.2,18.19,1.0039,1.0017,1.0035
Nylon,83.9,16.97,0.9968,0.9979,0.9968
Nylon,66.0,15.55,1.0005,0.9951,0.9971
Nylon,153.0,19.85,1.0,1.0038,1.002
Nylon,39.5,9.3,1.0022,1.0017,0.9994
Nylon,159.6,19.09,0.9957,1.0036,1.003
Nylon,50.4,15.12,1.0037,0.9994,1.0011
Nylon,56.3,11.28,1.0035,1.0028,0.9983
Nylon,57.2,13.48,1.0023,0.998,0.9959
Nylon,106.5,5.66,1.0043,0.9961,0.9954
Nylon,174.7,14.17,1.0034,0.9948,0.9986
Nylon,138.5,7.33,0.9982,0.999,0.9974
Nylon,72.1,3.13,1.0037,0.9993,0.9978
Nylon,80.5,14.14,1.0025,1.0026,1.0003
Nylon,37.2,14.48,1.0043,1.0019,0.9997
Nylon,113.6,18.03,1.0017,0.9996,0.9968
Nylon,167.7,19.56,1.0038,0.9999,0.9954
Nylon,144.7,14.88,1.004,0.9944,0.9964
Nylon,81.4,18.07,0.9993,1.0044,1.0024
Nylon,150.2,16.01,0.9943,1.0024,1.0004
Nylon,63.0,15.77,0.997,1.0042,1.004
Nylon,62.4,8.01,0.9968,1.0031,0.9973
Nylon,155.1,3.08,1.0036,1.0001,1.0024
Nylon,34.9,15.72,1.0003,1.0,1.0034
Nylon,184.5,11.36,1.0016,0.9995,1.0011
Nylon,126.1,19.79,0.9989,0.9958,0.9961
Nylon,129.2,17.62,0.9991,0.9948,1.0002
Nylon,184.2,5.47,1.002,1.0008,1.0026
Nylon,97.3,17.61,0.9954,0.9949,0.9963
Nylon,77.0,9.15,0.9993,0.9989,0.9967
Nylon,36.9,5.23,0.9956,0.9988,0.9956
Nylon,127.1,5.89,0.9984,0.9949,1.001
Nylon,148.7,19.03,1.0016,1.0027,1.0024
Nylon,76.3,6.21,0.9954,1.0002,0.9956
Nylon,48.0,5.99,0.9965,1.0027,0.9966
Nylon,86.8,9.73,0.9948,0.9957,0.9997
Nylon,37.9,10.39,0.9982,0.9979,1.0034
Nylon,32.8,4.07,1.0023,1.0042,1.0042
Nylon,60.5,14.13,1.003,0.9963,1.0016
Nylon,173.2,4.19,1.0019,1.0016,1.0036
Nylon,143.4,5.59,1.003,1.0014,0.9966
Nylon,41.5,8.34,1.0044,0.9972,0.9965
Nylon,108.5,15.38,1.0024,0.9989,0.9991
Nylon,109.2,13.42,0.9995,0.9973,0.9948
Nylon,62.1,18.57,1.0042,1.0039,0.998
Nylon,184.1,6.44,1.0016,0.9948,0.998
Nylon,121.5,5.93,1.0009,1.0041,1.0024
Nylon,131.2,10.31,0.9986,0.9973,1.0042
Nylon,164.1,12.67,0.9997,1.0019,0.999
Nylon,62.8,15.6,0.9979,1.0023,1.0007
Nylon,185.4,19.8,1.0029,0.9949,0.9941
Nylon,35.4,17.14,0.9995,0.9972,1.0035
Nylon,198.6,10.85,1.0036,1.0014,0.996
Nylon,138.7,2.34,0.9998,1.0013,0.995
Nylon,185.0,4.53,0.9946,0.9994,1.0004
Nylon,69.3,13.81,0.9963,1.0044,0.9973
Nylon,79.5,8.01,1.0013,0.9982,1.0044
Nylon,160.7,18.33,1.0035,0.9986,1.0033
Nylon,150.5,16.89,0.997,1.0022,1.0024
Nylon,153.9,9.73,1.0023,0.9989,0.9945
Nylon,187.3,11.6,0.9984,1.0018,1.0015
Nylon,51.4,1.11,1.0026,0.9961,0.9996
Nylon,133.6,11.11,0.996,0.9989,0.9953
Nylon,125.3,7.03,1.0016,1.0031,1.0029
Nylon,64.7,1.56,0.9998,1.0034,0.9998
Nylon,34.9,2.33,1.0,0.9957,1.0044
Nylon,190.2,18.07,0.996,1.002,1.0036
Nylon,163.9,3.12,0.9986,0.9951,0.9961
Nylon,183.6,4.26,1.0011,1.0018,1.0016
Nylon,133.3,4.65,0.9986,1.0025,1.0022
Nylon,177.1,6.52,0.9989,0.9961,0.9996
Nylon,180.2,10.5,0.9943,1.0031,1.0028
Nylon,90.3,14.25,0.9951,0.9973,0.9964
Nylon,125.6,2.32,0.996,1.0022,0.9957
Nylon,79.6,18.37,0.9985,0.9988,1.0037
Nylon,142.4,10.75,0.9945,1.0041,0.9993
Nylon,131.4,6.06,1.0005,0.9966,1.0044
Nylon,89.6,5.05,0.9988,1.0036,1.0001
Nylon,166.4,11.08,0.9971,1.0008,1.0013
Nylon,155.2,10.4,1.0003,1.0043,0.9953
Nylon,79.4,7.2,1.0009,0.9948,1.0019
Nylon,76.2,12.81,0.9989,0.9972,0.9998
Nylon,45.5,11.83,0.9952,1.0042,1.0002
Nylon,158.1,7.59,1.0023,1.0001,0.9965
Nylon,72.9,18.78,0.9956,1.003,0.9982
Nylon,59.7,9.6,1.0029,1.0009,0.9995
Nylon,53.7,19.34,0.9981,1.0026,1.0013
Nylon,84.5,3.45,0.9965,1.0009,1.0037
Nylon,168.0,13.58,1.0029,0.996,0.9989
Nylon,93.4,17.72,1.0012,1.0003,0.9982
Nylon,83.5,1.23,1.0016,0.9993,0.998
Nylon,52.5,5.78,0.9991,1.0045,0.9963
Nylon,135.2,9.39,0.9992,0.9963,0.9945
Nylon,105.4,17.98,0.9985,0.9999,0.9985
Nylon,60.8,15.34,1.0009,0.9977,1.0008
Nylon,128.3,17.28,0.9946,0.9965,1.0015
Nylon,58.9,19.29,0.9957,0.9986,1.0
Nylon,67.0,2.31,1.0012,1.0025,0.9979
Nylon,34.3,14.64,1.0008,1.004,1.0009
Nylon,95.0,1.37,1.003,1.0022,0.9975
Nylon,81.1,19.64,0.9972,0.9964,0.9958
Nylon,68.1,7.23,0.9988,1.0019,0.9961
Nylon,130.9,19.54,1.0032,0.9952,0.9992
Nylon,81.0,18.83,0.9996,0.9987,0.9987
Nylon,71.3,11.27,0.9951,1.0001,0.9986
Nylon,35.7,1.11,1.0044,1.0034,0.9973
Nylon,144.0,2.99,0.9981,0.9964,0.9988
Nylon,101.8,17.52,1.0032,0.9949,1.0012
Nylon,74.7,8.54,1.0039,0.9955,1.0036
Nylon,106.0,12.24,0.9984,1.0022,0.9987
Nylon,38.5,11.17,1.0009,0.9997,1.0048
Nylon,116.0,7.08,1.0034,1.0005,1.0012
Nylon,199.0,18.73,1.0021,0.9982,0.9981
Nylon,137.9,12.85,0.9976,0.9954,0.9998
Nylon,157.6,10.64,0.9986,1.0007,1.0013
Nylon,63.0,4.43,0.9996,0.9994,0.9999
Nylon,84.9,7.04,0.9975,0.9995,1.0015
Nylon,34.0,1.75,1.0027,1.0029,1.0024
Nylon,123.9,10.64,0.9963,0.9999,0.9982
Nylon,100.4,15.3,1.0017,1.0038,1.0031
Nylon,150.0,6.86,1.004,0.9951,1.0026
Nylon,102.4,3.86,0.9991,1.0038,1.004
Nylon,88.5,18.94,0.9983,0.9985,1.0034
Nylon,136.1,11.22,0.9997,1.0026,0.9956
Nylon,197.8,12.17,0.9941,0.9996,0.9965
Nylon,70.5,2.94,1.002,1.0025,1.0041
Nylon,187.5,1.74,1.0038,0.9982,0.9973
Nylon,162.4,17.38,0.9964,0.9975,1.0011
Nylon,121.6,10.79,0.9964,1.0025,0.9967
Nylon,45.1,12.05,1.0013,0.9984,0.9977
Nylon,85.2,11.98,0.9962,1.0027,1.0042
Nylon,59.6,1.15,1.0042,0.9988,0.9992
Nylon,65.3,10.5,0.9992,1.0017,0.9956
Nylon,126.5,1.41,1.0029,1.0039,0.9946
Nylon,33.3,18.02,1.0022,0.9988,1.0033
Nylon,109.3,1.25,1.0018,1.0029,1.0026
Nylon,82.4,12.87,1.0016,1.0036,0.9985
Nylon,195.6,19.11,1.0007,1.0017,0.9973
Nylon,55.1,14.91,1.0023,1.0041,0.9963
Nylon,40.6,2.62,0.9963,1.0037,0.9961
Nylon,192.6,8.0,0.9985,1.004,1.0039
Nylon,56.6,10.14,1.0044,0.9994,0.9987
Nylon,97.0,3.21,0.9963,0.9961,1.0022
Nylon,62.3,11.08,0.9958,1.0015,1.0024
Nylon,110.6,13.96,0.9956,0.9991,1.0037
Nylon,79.9,8.53,1.0001,0.9977,1.0003
Nylon,93.8,11.92,0.9994,0.9979,0.9992
Nylon,159.0,18.46,0.995,0.9955,0.9962
Nylon,49.6,7.06,1.0017,0.9976,0.9998
Nylon,59.4,16.9,0.9975,1.0011,1.0031
Nylon,194.3,5.2,0.9974,0.9971,0.9979
Nylon,125.4,15.0,1.0013,0.9997,1.0002
Nylon,61.8,19.08,1.0007,0.9992,1.0034
Nylon,62.8,13.31,0.9991,0.9987,0.9963
Nylon,119.4,14.22,1.0037,1.0022,0.9986
Nylon,180.8,7.96,0.9976,1.0008,0.9943
Nylon,54.0,13.5,1.0014,1.0005,0.9956
Nylon,187.1,12.25,0.9998,0.9954,0.996
Nylon,183.1,11.96,0.9963,0.9942,1.0018
Nylon,95.9,6.16,1.0019,0.9952,1.0026
Nylon,136.0,6.51,0.9969,1.0012,1.0003
Nylon,47.0,6.95,1.0026,0.9956,0.9962
Nylon,138.8,4.89,0.9998,0.9992,1.0008
Nylon,42.4,16.91,1.0011,0.995,0.9976
Nylon,52.3,3.68,1.004,1.0029,0.9949
Nylon,78.7,11.29,1.0007,0.9982,0.9955
Nylon,182.6,11.0,0.9995,0.9973,0.9959
Nylon,145.2,7.29,0.9986,1.0014,0.9982
Nylon,54.2,4.14,0.9954,1.0023,0.9981
Nylon,75.3,16.32,0.9992,0.9948,1.0043
Nylon,95.1,5.08,1.0019,1.0009,1.0017
Nylon,167.4,8.82,0.9998,0.9946,1.0041
Nylon,171.6,5.77,0.9993,0.9992,1.0014
Nylon,86.9,10.96,1.0024,1.0024,1.0019
Nylon,191.0,13.02,0.9996,1.0029,1.0029
Nylon,44.0,17.65,1.0011,0.9953,0.9994
Nylon,33.9,6.82,0.9969,0.995,1.0044
Nylon,96.4,9.78,0.997,0.9963,0.998
Nylon,122.8,9.74,1.0017,0.9967,0.9968
Nylon,148.4,8.5,1.0022,1.003,0.9977
Nylon,102.4,15.9,0.9975,0.9966,0.9969
Nylon,156.9,15.06,1.003,0.9966,0.9942
Nylon,74.2,19.03,0.9971,0.9995,1.0039
Nylon,191.3,5.73,0.9945,1.0002,0.9974
Nylon,80.2,18.02,1.0,1.0016,0.9952
Nylon,129.4,3.0,0.9949,1.0035,1.0015
Nylon,33.3,15.36,0.997,0.9952,1.0024
Nylon,129.3,2.01,1.0003,1.0035,0.997
Nylon,73.2,13.61,1.003,1.0017,0.9952
Nylon,119.9,10.13,1.004,0.9995,1.0012
Nylon,96.7,7.22,1.0013,0.9962,0.9982
Nylon,174.4,9.36,0.9993,0.9989,0.9978
Nylon,103.9,15.6,0.9974,1.0042,1.0003
Nylon,114.0,7.48,0.9953,0.9967,1.0026
Nylon,52.2,8.75,0.9992,1.0009,0.9962
Nylon,61.8,17.1,0.9955,0.9986,1.0008
Nylon,181.5,4.32,0.9992,0.9952,0.997
Nylon,123.1,2.44,0.9974,1.002,1.0019
Nylon,149.1,13.63,0.9987,0.9993,1.0005
Nylon,50.4,5.82,0.9977,0.9973,0.9987
Nylon,194.1,8.13,1.0015,1.004,1.0033
Nylon,87.4,7.67,0.9968,0.9994,1.001
Nylon,185.2,19.67,1.0003,0.9962,1.0027
Nylon,151.9,9.25,1.004,0.9979,0.9958
Nylon,180.0,9.19,0.9976,1.0034,1.0004
Nylon,96.0,19.38,1.0007,1.0044,0.9979
Nylon,138.3,11.53,0.9992,1.0007,1.0008
Nylon,151.1,15.31,1.0034,1.0043,1.0035
Nylon,186.4,13.72,1.0006,1.0028,0.9972
Nylon,176.9,18.94,0.9991,1.0012,0.9981
Nylon,109.5,3.17,0.9948,0.9978,0.9978
Nylon,43.4,18.66,0.9982,1.0025,0.9984
Nylon,46.5,10.38,0.9978,1.0008,1.0003
Nylon,125.6,8.63,1.0019,1.0032,1.0033
Nylon,44.7,11.54,1.0009,0.9955,0.9955
Nylon,115.5,16.84,1.0003,1.0035,1.0027
Nylon,154.0,17.76,0.9991,1.0006,0.9977
Nylon,99.0,13.31,0.9971,0.9952,0.995
Nylon,138.6,19.57,1.0019,0.9983,1.0019
Nylon,111.8,12.59,0.9979,0.997,1.0021
Nylon,175.2,17.65,1.0018,1.0014,1.0018
Nylon,132.8,17.82,1.0013,0.9952,1.0017
Nylon,147.7,13.66,0.9959,1.0014,0.9946
Nylon,168.7,10.0,0.9965,0.9976,0.9987
Nylon,136.0,3.66,1.0038,0.9969,0.9948
Nylon,196.9,17.35,0.9988,0.9996,1.0021
Nylon,40.4,8.78,0.9974,1.0029,1.0048
Nylon,178.8,9.41,1.0018,0.995,0.9947
Nylon,141.2,16.97,0.9981,1.002,0.9949
Nylon,42.1,14.15,1.0024,1.0021,1.0035
Nylon,140.8,11.76,0.9992,1.0038,0.9964
Nylon,33.4,7.07,1.0041,0.9985,0.9968
Nylon,123.0,5.22,0.9954,0.9981,1.0036
Nylon,30.6,18.68,1.0006,0.9968,1.003
Nylon,70.1,13.37,1.0027,1.004,0.9975
Nylon,31.1,18.07,0.9989,1.0023,0.9996
Nylon,140.5,16.89,0.998,0.9956,1.0002
Nylon,62.6,11.42,0.9958,0.9956,1.0035
Nylon,183.8,18.91,1.0014,0.9968,1.0005
Nylon,162.4,16.78,1.0018,1.0024,0.9986
Nylon,120.4,5.75,1.0033,1.0012,0.9997
Nylon,86.0,6.73,0.9964,0.9963,1.0019
Nylon,196.5,14.03,0.9951,0.9995,0.9945
Nylon,158.8,17.61,0.9953,0.996,1.0001
Nylon,157.7,14.87,0.9969,1.0033,0.9977
Nylon,189.6,14.53,0.9997,0.9981,0.9989
Nylon,138.9,2.24,1.0027,1.003,1.0042
Nylon,62.7,8.9,1.002,0.9977,1.0031
Nylon,113.3,1.37,1.0013,0.9972,0.998
Nylon,178.8,19.95,1.0038,0.9959,0.9963
Nylon,197.2,7.41,1.0008,0.9997,0.9986
Nylon,196.2,19.73,0.9979,1.0001,0.999
Nylon,193.6,13.35,1.0032,0.996,0.9956
Nylon,86.5,17.1,1.0023,0.998,0.9964
Nylon,195.5,9.5,0.9983,1.0006,1.0004
Nylon,31.2,5.37,0.9975,1.0037,0.9971
Nylon,111.1,1.18,0.9999,0.9996,1.0015
Nylon,113.5,7.36,0.9961,1.0025,1.0031
Nylon,181.0,13.69,1.0037,1.0032,0.9944
Nylon,81.9,13.04,0.9967,1.0044,0.996
Nylon,188.0,1.9,0.9963,1.0025,0.999
Nylon,65.8,6.73,1.004,1.0032,0.9984
Nylon,35.6,2.03,0.9959,1.0016,0.9991
Nylon,122.3,8.66,0.9986,0.9973,1.0021
Nylon,99.2,7.44,0.9983,1.0009,0.9977
Nylon,42.1,11.96,1.0002,1.0036,1.0033
Nylon,49.4,5.18,1.0013,0.998,1.0029
Nylon,153.4,5.7,0.9959,0.9983,0.9993
Nylon,113.6,6.99,0.9976,1.0035,1.0
Nylon,45.1,13.3,1.0,0.9988,0.9988
Nylon,101.2,5.36,1.0027,0.9965,0.9998
Nylon,35.9,2.55,0.9983,1.0023,0.9988
Nylon,59.3,12.51,0.9994,0.9948,0.9983
Nylon,197.7,13.67,0.9949,1.0032,1.0033
Nylon,74.3,1.6,1.0035,0.9985,0.9975
Nylon,114.0,7.71,1.0043,1.0038,0.9988
Nylon,146.3,16.25,1.0013,1.0041,1.0032
Nylon,107.9,16.26,0.9979,0.9965,0.9969
Nylon,189.1,8.85,1.0022,0.9963,0.9971
Nylon,132.1,9.02,0.9977,0.9978,0.9998
Nylon,56.3,19.1,0.9968,0.9952,1.0029
Nylon,80.9,8.62,0.9981,0.999,0.9988
Nylon,155.7,7.92,1.0018,0.9952,0.9971
Nylon,185.6,13.98,0.9962,1.0033,0.9966
Nylon,83.1,10.23,1.0004,0.9985,1.002
Nylon,161.9,10.68,0.9956,1.001,1.0027
Nylon,47.2,6.44,1.0008,1.0041,1.0044
Nylon,158.1,13.14,1.0007,1.0004,0.9994
Nylon,68.2,15.45,0.9954,0.9986,1.0013
Nylon,101.7,14.11,1.0033,0.9972,1.0027
Nylon,119.1,9.3,0.9997,0.999,0.9958
Nylon,107.8,11.11,1.0042,0.9986,0.9971
Nylon,172.3,13.6,1.0038,0.9981,1.0002
Nylon,190.2,13.72,0.9989,1.0017,1.0009
Nylon,151.3,7.51,1.0014,0.9999,0.999
Nylon,191.9,1.4,1.0016,0.995,0.9948
Nylon,167.0,15.48,0.9998,1.0014,1.0011
Nylon,120.8,7.05,1.0023,1.003,1.0037
Nylon,79.1,8.42,0.9978,0.9961,0.9991
Nylon,34.8,7.8,1.0047,1.0033,1.0001
Nylon,85.9,17.01,1.0025,1.0003,1.0023
Nylon,67.2,9.74,1.0003,0.9953,0.9971
Nylon,107.0,6.25,1.0036,1.0002,1.0044
Nylon,36.3,6.92,1.0036,1.0042,0.9975
Nylon,36.2,15.4,1.0037,1.0045,1.0002
Nylon,91.0,13.68,1.0002,1.0019,1.0041
Nylon,107.8,4.4,1.0023,0.9969,1.0012
Nylon,38.9,2.35,1.0005,0.9993,1.0034
Nylon,75.7,13.84,0.9959,1.0005,1.0029
Nylon,106.3,1.35,0.9967,0.9975,0.9951
Nylon,171.9,6.15,1.0016,0.9995,0.9965
Nylon,91.2,17.12,0.9973,0.9999,1.0036
Nylon,97.7,12.84,0.9953,1.0018,0.9988
Nylon,194.2,19.07,1.0007,0.9968,1.0038
Nylon,43.7,5.52,1.0006,0.9953,1.0009
Nylon,139.3,15.39,0.9946,0.9983,0.9989
Nylon,68.4,3.65,0.9975,1.0045,0.9969
Nylon,45.2,5.67,1.0044,1.0001,1.0037
Nylon,110.6,14.44,0.9991,1.0035,0.9988
Nylon,172.4,10.63,0.999,0.9979,0.9972
Nylon,113.8,1.85,1.0026,1.0003,0.9972
Nylon,50.0,8.13,1.0009,1.0,1.0047
Nylon,164.6,17.53,1.0003,0.9982,0.9946
Nylon,103.9,9.03,0.9979,1.0038,0.9987
Nylon,196.5,9.35,0.9999,0.9964,0.9954
Nylon,135.1,15.56,1.0022,1.0005,0.9947
Nylon,139.0,18.71,1.0029,1.0,0.9963
Nylon,94.3,1.41,1.0025,1.004,1.0016
Nylon,97.5,3.12,0.9984,0.9991,1.0011
Nylon,199.1,19.7,1.0024,1.0023,1.0013
Nylon,177.1,11.17,0.9985,0.9994,1.0009
Nylon,106.9,9.88,1.0,0.9978,1.0034
Nylon,33.6,6.41,0.9989,0.9961,0.9964
Nylon,72.7,8.86,0.9977,0.9985,0.9991
Nylon,67.6,8.32,1.0023,0.9987,1.0045
Nylon,123.8,15.35,0.9964,1.0006,1.0024
Nylon,167.9,17.81,0.9961,0.9947,0.9969
Nylon,158.4,2.84,0.9966,1.0003,1.0041
Nylon,127.0,16.49,1.0033,0.9974,0.9997
Nylon,125.7,14.61,0.9965,1.0017,1.0035
Nylon,45.7,5.4,0.9982,0.9994,1.0019
Nylon,168.0,15.15,1.0014,1.0005,1.0012
Nylon,89.0,1.13,0.9965,0.996,1.0031
Nylon,135.6,12.76,1.0032,0.9951,0.9965
Nylon,32.5,6.43,1.0038,1.0038,1.0021
Nylon,142.6,17.89,0.9946,1.0015,0.999
Nylon,80.4,13.13,1.0039,0.9955,0.9969
Nylon,56.4,3.56,1.0036,0.999,0.9991
Nylon,83.1,5.55,1.0031,1.0025,1.0003
Nylon,44.9,11.43,1.0017,1.002,0.997
Nylon,72.5,4.76,0.9971,0.9991,0.9993
Nylon,160.4,19.46,1.0034,0.9982,0.9971
Nylon,190.2,6.39,1.0007,0.9949,0.997
Nylon,92.0,18.14,0.9953,1.0013,0.9977
Nylon,48.3,3.11,0.9956,0.9989,1.0045
Nylon,132.4,13.57,0.9958,1.0039,1.0023
Nylon,61.3,18.68,0.9953,1.0009,1.0021
Nylon,128.5,18.32,0.9977,1.0011,1.0042
Nylon,65.8,13.34,0.9951,1.0038,0.9951
Nylon,145.6,12.38,0.9994,0.9951,0.9944
Nylon,56.9,3.81,1.0028,1.0014,1.0037
Nylon,144.4,16.52,0.9972,1.0017,0.9995
Nylon,166.2,2.72,1.0031,0.9974,0.9956
Nylon,116.5,11.18,0.9975,1.0039,0.997
Nylon,87.7,10.23,0.996,1.0006,0.9976
Nylon,167.3,10.52,0.9996,0.999,0.9992
Nylon,56.4,12.09,0.9998,1.0012,0.9956
Nylon,132.5,8.11,1.0035,1.0004,0.9954
Nylon,79.7,5.56,1.0006,1.0024,1.0018
Nylon,59.7,19.16,1.0043,1.0037,0.9949
Nylon,157.1,3.9,1.0028,0.9958,0.9948
Nylon,133.2,8.41,0.9954,1.0036,1.0021
Nylon,102.0,11.65,0.9973,0.9952,1.0
Nylon,164.9,9.89,0.9984,1.001,0.9996
Nylon,100.6,14.11,1.0037,1.0009,0.9989
Nylon,61.8,19.18,0.9959,1.0034,0.9977
Nylon,160.6,10.36,1.0021,0.9997,0.9951
Nylon,191.4,14.08,1.0027,0.9947,1.0012
Nylon,119.6,19.01,0.9977,1.0003,0.9962
Nylon,38.0,7.55,0.996,0.999,0.9965
Nylon,172.6,18.03,0.9971,0.9956,1.002
Nylon,115.9,1.5,0.995,1.0007,0.9988
Nylon,34.2,7.93,0.9991,0.9952,1.0033
Nylon,116.0,13.22,1.0003,0.9978,1.0045
Nylon,110.7,18.41,1.0035,0.9957,0.9949
Nylon,78.1,5.0,0.9949,1.0,0.9992
Nylon,122.3,9.38,1.0037,0.9984,0.9961
Nylon,178.2,10.92,0.9965,0.9953,0.9964
Nylon,62.6,11.49,0.9953,0.9965,1.004
Nylon,40.1,10.13,0.9996,0.9952,0.9972
Nylon,66.5,11.31,0.9967,1.0028,1.0033
Nylon,104.2,9.9,1.0012,1.002,1.0029
Nylon,92.9,18.05,1.0034,1.0039,1.0033
Nylon,120.2,4.18,1.0044,1.0031,0.9972
Nylon,94.7,6.92,0.998,0.9975,1.0027
Nylon,81.8,18.29,1.0017,1.0011,0.9996
Nylon,55.7,6.84,0.9983,0.998,1.0021
Nylon,140.7,12.9,1.0015,0.9963,0.9966
Nylon,76.3,1.31,1.0038,0.9952,1.0015
Nylon,186.1,7.44,1.0018,0.9992,0.9977
Nylon,117.3,7.65,0.9979,1.0031,0.9988
Nylon,132.4,7.85,1.0027,1.0011,1.0018
Nylon,131.4,12.34,1.0004,1.0041,1.0009
Nylon,160.3,15.7,0.9985,0.9962,0.9963
Nylon,59.9,19.8,1.0008,0.9967,0.9999
Nylon,156.0,17.27,0.9974,1.002,0.9976
Nylon,141.8,17.26,1.0031,0.9944,0.9996
Nylon,93.6,11.34,0.9975,0.9996,1.0028
Nylon,144.8,17.64,0.9957,1.0002,0.9949
Nylon,175.9,19.16,1.0013,0.998,0.9948
Nylon,62.1,8.02,1.0041,0.9958,0.9991
Nylon,137.0,1.85,1.0017,0.9949,0.999
Nylon,183.8,18.65,0.9966,0.9941,1.0022
Nylon,164.0,16.23,1.0005,1.0005,0.9951
Nylon,35.3,14.78,1.0021,1.0026,1.0033
Nylon,105.0,5.59,1.0029,1.0019,0.9989
Nylon,59.8,7.99,0.997,1.0024,1.0033
Nylon,163.6,17.41,0.9972,0.9952,1.004
Nylon,52.3,19.7,1.0029,0.9985,1.0026
Nylon,189.0,4.01,1.004,1.0032,1.0006
Nylon,38.0,3.56,1.0007,0.9999,1.002
Nylon,175.6,2.59,0.9964,0.9947,0.9947
Nylon,54.7,9.99,1.0022,0.9949,1.0015
Nylon,130.5,8.07,1.0008,1.0043,0.9996
Nylon,74.4,3.59,0.997,0.9956,1.0004
Nylon,144.5,14.44,0.9958,0.9987,0.9961
Nylon,138.1,12.12,1.003,1.0015,0.9973
Nylon,95.9,5.42,1.0035,0.9975,0.9975
Nylon,109.6,12.24,0.9963,1.001,0.9987
Nylon,163.7,16.45,1.0025,1.0004,1.0027
Nylon,55.6,7.57,1.0031,1.0032,1.0028
Nylon,155.9,9.84,1.0021,1.0024,1.003
Nylon,62.1,15.06,0.9948,0.9969,1.0009
Nylon,124.4,7.87,1.0001,1.0037,1.0028
Nylon,147.4,10.81,0.9971,0.9966,1.0011
Nylon,184.1,4.92,1.0038,1.0005,0.9943
Nylon,133.6,5.32,0.9946,0.9999,1.0024
Nylon,165.4,5.22,0.9951,0.9955,0.9973
Nylon,113.6,8.1,1.0002,0.9999,0.9989
Nylon,42.2,8.91,0.997,0.9999,1.0022
Nylon,190.6,5.45,0.9946,0.9963,1.0034
Nylon,188.3,13.05,0.9987,0.9974,0.9976
Nylon,164.8,3.81,0.9965,0.9958,1.0007
Nylon,124.9,18.56,0.9951,1.0039,1.0009
Nylon,128.8,7.21,0.9995,1.0031,0.9948
Nylon,68.4,16.78,0.9961,0.9995,0.9977
Nylon,68.0,7.52,0.9962,0.9978,1.0029
Nylon,168.9,5.08,1.0033,1.0014,1.002
Nylon,122.3,4.37,0.9966,1.0032,0.9965
Nylon,67.9,3.94,0.9961,0.9954,1.0009
Nylon,70.6,17.75,0.9994,1.0016,0.9949
Nylon,94.6,7.51,0.9978,0.9965,0.9983
Nylon,187.6,4.14,1.0012,0.9967,0.9945
Nylon,46.9,7.73,0.9976,1.0002,0.9951
Nylon,85.4,13.95,0.9955,0.997,0.9998
Nylon,150.8,10.0,0.9991,1.0021,0.997
Nylon,128.3,12.14,0.9969,0.9972,1.0043
Nylon,120.8,18.95,1.0007,1.0034,1.003
Nylon,152.7,16.71,0.9955,1.0018,0.9983
Nylon,180.2,14.72,1.0036,0.9951,0.9962
Nylon,74.3,4.59,1.002,0.9995,0.9965
Nylon,160.5,7.12,1.0017,1.0018,0.9982
Nylon,79.4,11.44,1.0036,0.9958,1.0035
Nylon,90.1,19.58,1.0011,1.0045,0.9951
Nylon,106.5,5.78,0.9959,1.0021,1.0011
Nylon,197.9,4.58,1.0024,0.9983,0.9955
Nylon,137.8,14.35,1.0006,0.9954,0.9943
Nylon,158.8,18.49,1.0017,0.9987,0.9973
Nylon,106.9,8.09,0.998,1.0035,1.0011
Nylon,132.7,19.92,0.9944,0.9986,0.9962
Nylon,68.6,16.8,1.0026,0.9988,1.0031
Nylon,64.2,15.36,0.997,0.9958,0.9957
Nylon,97.0,2.01,0.9953,1.0033,1.0008
Nylon,85.9,4.92,0.9949,0.9964,1.0022
Nylon,121.7,17.9,0.9965,0.9968,0.9949
Nylon,98.6,14.07,1.0039,0.9995,0.9993
Nylon,146.1,12.46,0.9982,0.9992,0.9976
Nylon,54.4,8.6,1.0,0.9978,0.9965
Nylon,171.6,12.25,1.0021,1.002,1.0003
Nylon,160.0,14.04,0.9961,1.0033,1.0003
Nylon,178.9,8.43,0.9988,1.0021,1.0035
Nylon,91.9,12.8,1.0026,0.998,0.9985
Nylon,166.1,15.1,0.9969,1.0012,0.9983
Nylon,171.3,9.64,0.9949,0.9995,1.0002
Nylon,139.2,4.0,0.9985,0.9992,0.9954
Nylon,103.3,12.08,0.9986,0.999,0.9964
Nylon,54.2,14.34,1.0012,1.0013,1.0039
Nylon,198.0,12.2,1.0019,0.997,0.9989
Nylon,155.3,1.46,0.9971,0.9967,0.9967
Nylon,193.0,14.9,0.9977,1.0019,0.9985
Nylon,47.2,9.27,0.9994,0.9964,1.003
Nylon,71.6,8.78,1.0038,1.0023,0.9969
Nylon,36.6,9.85,1.0002,1.0044,0.9969
Nylon,66.7,15.66,1.0019,1.0005,0.9954
Nylon,115.0,15.34,1.001,0.9981,0.9986
Nylon,135.8,2.41,0.9995,0.999,1.0035
Nylon,47.6,8.3,0.9987,1.0045,1.0006
Nylon,111.1,5.18,1.0019,0.9958,0.9951
Nylon,173.6,16.14,1.0003,0.9988,0.9971
Nylon,162.7,8.83,0.9976,1.0042,0.9946
Nylon,80.0,12.72,0.9972,1.0023,1.0023
Nylon,130.7,12.12,1.0028,0.9984,1.0043
Nylon,174.3,2.88,1.0027,1.0029,1.0034
Nylon,149.4,12.58,0.9946,0.9988,1.0032
Nylon,52.6,8.48,1.0047,0.9987,1.0013
Nylon,180.0,14.91,0.9988,1.0024,0.9964
Nylon,93.8,5.38,0.9984,0.9994,0.9987
Nylon,33.1,16.24,0.9984,0.995,0.9949
Nylon,125.0,3.17,0.9964,0.9997,1.0024
Nylon,127.5,2.86,0.9991,1.0037,1.0025
Nylon,139.8,1.08,1.0043,1.0009,1.0005
Nylon,197.5,10.18,1.0003,0.9999,0.9991
Nylon,153.4,13.93,0.9954,0.9994,0.998
Nylon,150.1,8.87,0.9968,1.0032,0.9999
Nylon,30.6,17.92,1.0004,0.9963,1.0038
Nylon,60.5,6.72,1.0032,0.9992,1.0045
Nylon,100.2,2.76,1.0016,0.9983,0.999
Nylon,99.6,4.48,0.9986,1.0044,1.0028
Nylon,80.8,5.15,1.0028,0.9968,1.0023
Nylon,59.8,19.73,1.0014,0.9999,0.9949
Nylon,128.2,3.25,1.0022,1.0034,0.9953
Nylon,98.9,5.84,1.0002,0.9991,1.0044
Nylon,80.4,9.44,1.003,1.0004,1.0042
Nylon,191.7,13.9,1.0006,1.0028,0.9943
Nylon,168.1,7.12,0.9988,0.9948,1.0005
Nylon,103.7,17.11,0.9983,0.9978,0.9959
Nylon,191.6,9.73,0.9998,0.9966,0.9988
Nylon,115.2,16.98,0.9951,0.9988,0.9998
Nylon,113.3,17.71,0.9955,1.0039,0.9947
Nylon,43.5,9.51,0.9995,0.9989,1.0043
Nylon,37.9,4.4,0.9951,1.0014,0.9974
Nylon,149.0,6.85,0.9956,0.9995,0.9957
Nylon,88.4,4.43,0.995,0.9978,0.9964
Nylon,74.2,7.39,1.0018,0.9966,1.001
Nylon,55.1,17.77,0.9949,0.9983,1.0047
Nylon,139.9,1.5,0.9969,0.9953,0.9964
Nylon,163.8,7.33,0.9976,0.9976,0.9974
Nylon,105.6,8.4,0.9987,1.0007,0.9968
Nylon,81.5,12.44,0.9978,1.003,1.0012
Nylon,60.0,3.8,1.0041,1.0029,0.9986
Nylon,195.4,3.9,1.0037,1.0008,0.9961
Nylon,182.9,6.45,0.996,0.9943,0.9952
Nylon,70.2,4.37,0.9998,0.9985,1.0001
Nylon,135.7,9.6,1.0003,1.0003,1.0044
Nylon,100.5,11.93,1.0019,0.9957,1.0002
Nylon,67.9,17.02,0.9953,0.9973,1.0004
Nylon,114.1,13.48,0.9966,0.9987,0.9987
Nylon,192.6,2.03,1.0036,1.0013,1.0032
Nylon,109.4,6.97,1.0038,0.9965,0.9956
Nylon,139.6,9.75,1.0028,1.0006,0.9948
Nylon,62.5,13.75,1.0021,0.9981,1.0019
Nylon,116.2,16.81,0.9978,1.0018,0.9969
Nylon,60.7,16.9,0.9992,1.0042,0.997
Nylon,156.5,9.79,1.0018,0.9992,0.9966
Nylon,117.3,17.48,0.9969,0.9953,1.0011
Nylon,168.2,4.13,1.0032,1.0021,0.9985
Nylon,146.6,18.87,1.003,1.0006,0.9954
Nylon,31.4,6.02,0.9963,0.997,0.9963
Nylon,32.4,17.98,1.0017,1.0017,1.0046
Nylon,91.9,8.13,1.0016,1.0016,1.004
Nylon,74.1,10.23,0.9953,0.997,1.0033
Nylon,182.5,2.21,0.9969,1.0007,0.9982
Nylon,83.5,18.06,0.9967,1.0016,0.9954
Nylon,136.8,3.07,1.0032,0.9952,1.0038
Nylon,177.0,4.37,0.9964,0.9954,1.0001
Nylon,127.3,3.92,1.0043,1.0026,1.0015
Nylon,198.4,9.79,0.9943,0.9973,1.0011
Nylon,150.3,1.74,0.9977,0.9983,1.0043
Nylon,51.0,9.53,0.9997,0.9975,0.9987
Nylon,172.2,10.32,0.9973,0.9954,1.0041
Nylon,60.9,4.68,1.0019,1.004,1.0034
Nylon,188.9,16.28,1.0022,1.0033,1.0031
Nylon,123.8,13.18,1.0001,0.9958,0.9995
Nylon,37.6,3.88,0.9957,0.9972,1.0037
Nylon,35.2,13.68,1.0027,0.9953,1.0013
Nylon,117.4,19.46,0.9993,1.0006,0.9963
Nylon,99.7,10.57,0.9964,0.9973,0.9958
Nylon,127.5,16.7,1.0004,1.0011,1.0043
Nylon,121.3,7.38,0.9999,0.9995,1.0017
Nylon,50.3,18.18,0.9951,1.0042,0.9994
Nylon,102.3,19.42,1.0016,0.9998,0.9989
Nylon,101.3,17.69,1.0016,1.0043,1.0019
Nylon,52.7,16.97,1.0046,1.0041,1.0008
Nylon,181.9,18.67,1.0017,0.9956,0.9952
Nylon,36.1,16.64,1.0024,0.9969,0.9988
Nylon,48.7,8.26,0.9987,1.002,1.0017
Nylon,134.3,15.33,0.9964,0.9951,1.0043
Nylon,171.0,12.54,1.0003,1.001,0.9994
Nylon,31.5,4.2,0.9971,1.0013,0.9982
Nylon,60.8,9.57,0.9988,1.0017,0.9983
Nylon,194.0,1.82,0.999,0.9974,0.9996
Nylon,180.6,12.41,1.0025,1.0036,1.0035
Nylon,161.5,17.33,0.9979,0.9947,0.9965
Nylon,163.3,10.03,0.9994,1.0039,1.0
Nylon,79.1,13.17,1.0001,1.0036,1.0023
Nylon,173.6,8.52,0.9955,0.9981,1.0018
Nylon,35.9,13.08,1.0008,0.9953,1.0016
Nylon,52.6,19.54,0.9999,1.0009,0.9966
Nylon,30.2,15.66,0.9995,0.9968,1.0001
Nylon,182.3,17.7,0.9971,0.9943,1.0037
Nylon,67.5,4.85,0.9987,1.0039,0.9993
Nylon,88.8,11.72,1.0004,0.9982,1.0
Nylon,47.2,15.79,1.0041,1.0018,1.0006
Nylon,47.7,5.26,0.9986,1.0041,0.9963
Nylon,90.8,15.39,0.9996,0.9972,1.001
Nylon,197.5,1.33,1.0016,0.9984,0.999
Nylon,60.1,2.85,1.0016,0.996,1.0023
Nylon,159.7,18.49,0.997,0.9969,1.0006
Nylon,117.4,7.66,0.9959,0.9975,0.9986
Nylon,42.4,13.9,0.9955,1.0031,0.9957
Nylon,30.6,2.94,1.0039,0.9998,1.0008
Nylon,156.4,5.4,1.0036,1.0007,0.9977
Nylon,46.2,6.77,1.0044,0.9988,0.9993
Nylon,177.1,4.27,0.9972,0.9967,0.996
Nylon,144.7,6.67,0.9971,1.0037,0.9954
Nylon,42.8,11.56,1.0044,1.0045,1.0047
Nylon,180.3,4.9,1.0006,0.9973,0.9982
Nylon,76.6,7.93,0.995,0.9963,0.9949
Nylon,70.6,18.33,0.9999,0.999,1.0033
Nylon,102.7,9.33,0.9984,0.9986,1.0007
Nylon,167.5,10.53,1.0008,0.9981,0.9963
Nylon,199.8,1.66,0.9968,1.0016,0.9982
Nylon,172.6,4.62,1.003,1.0033,1.0009
Nylon,30.3,10.98,1.0043,1.003,0.9955
Nylon,81.7,3.15,0.9999,1.0036,0.9953
Nylon,136.8,4.11,1.0014,0.9968,1.0007
Nylon,75.3,8.41,1.0001,0.9971,0.9978
Nylon,147.3,8.37,0.9958,1.0021,0.9994
Nylon,117.9,4.34,0.9959,0.9972,0.9966
Nylon,99.9,11.85,1.003,1.0018,1.0043
Nylon,144.1,13.88,0.9991,1.0038,0.9968
Nylon,56.7,17.43,1.0006,1.0019,1.0007
Nylon,140.4,5.69,0.9957,1.0039,1.0037
Nylon,42.2,8.66,1.001,0.9978,0.9951
Nylon,97.3,16.45,0.996,0.999,1.0037
Nylon,34.6,7.96,1.0019,1.0011,1.0016
Nylon,58.5,2.59,1.0034,0.9992,1.0007
Nylon,63.9,19.37,1.0009,0.9999,1.0022
Nylon,56.5,7.44,1.0041,0.9967,1.0035
Nylon,58.8,12.39,0.9974,0.9991,0.9977
Nylon,80.5,6.65,0.9974,0.9976,1.0017
Nylon,100.8,8.13,0.9988,1.0033,0.9952
Nylon,98.7,5.68,1.0034,0.9949,0.9963
Nylon,108.7,8.47,0.9984,1.0015,1.0042
Nylon,90.7,14.65,0.9952,0.9968,1.0016
Nylon,158.6,4.99,0.9971,0.9981,1.0023
Nylon,132.6,5.26,0.9991,0.9993,1.0024
Nylon,81.9,15.16,1.0035,0.9963,0.9997
Nylon,163.0,2.37,1.0027,1.001,1.0008
Nylon,161.0,19.39,0.9951,1.0017,0.9992
Nylon,102.5,3.01,0.9974,1.0018,1.0008
Nylon,172.7,9.77,1.0001,1.0002,0.9971
Nylon,198.4,16.98,0.9945,0.9971,1.0024
Nylon,99.2,11.48,0.9963,0.9992,0.9986
Nylon,45.3,1.2,1.0041,1.0005,0.9997
Nylon,197.4,3.72,1.0019,1.0035,0.9992
Nylon,75.2,2.36,0.9986,0.9964,0.9994
Nylon,190.2,8.36,1.0031,1.0003,1.0004
Nylon,158.6,15.91,0.9994,0.9984,0.9974
Nylon,188.1,1.49,0.9967,0.9978,0.9955
Nylon,34.5,10.19,0.9991,1.0024,0.9995
Nylon,112.2,3.16,1.004,0.9984,0.996
Nylon,32.8,15.15,1.0014,0.9968,0.9961
Nylon,198.7,8.6,1.0016,1.0008,0.9948
Nylon,168.1,11.26,0.9974,0.9981,0.9956
Nylon,64.3,6.6,0.997,1.0013,0.9955
Nylon,130.0,1.36,0.9981,1.0025,1.0027
Nylon,67.2,11.48,1.0031,1.004,0.9961
Nylon,168.9,1.91,1.0027,0.9949,1.0026
Nylon,164.1,15.19,1.0035,1.0015,1.0006
Nylon,159.9,1.24,0.9998,0.9948,0.9976
Nylon,56.6,5.96,1.0006,1.0044,0.9999
Nylon,87.3,11.0,0.9997,0.9963,1.0041
Nylon,170.5,2.07,0.9953,0.9984,1.0018
Nylon,98.4,13.62,0.9949,1.0028,1.0006
Nylon,189.9,4.46,1.0028,0.9951,1.0003
Nylon,133.0,18.33,1.0031,1.003,1.0002
Nylon,174.9,16.71,0.9987,0.9952,1.0017
Nylon,183.8,7.95,0.9966,1.0017,1.0011
Nylon,194.3,16.26,1.0012,0.9947,0.9964
Nylon,67.5,19.02,0.9985,1.0011,1.0024
Nylon,78.4,4.74,0.9994,0.9976,0.9953
Nylon,80.1,3.69,1.0042,0.9994,1.0022
Nylon,75.6,7.48,0.9987,1.0021,1.0034
Nylon,48.5,7.25,0.9983,1.0005,0.9956
Nylon,99.5,1.06,1.0045,0.9978,0.9953
Nylon,104.6,10.37,0.9988,0.9949,1.0023
Nylon,195.2,9.95,0.9993,1.0008,1.0003
Nylon,175.0,17.45,0.9968,1.0004,0.9963
Nylon,106.9,18.5,1.0016,0.996,1.0004
Nylon,154.2,14.3,1.0036,1.0033,0.9963
Nylon,49.0,12.16,1.0009,1.0011,1.0035
Nylon,81.8,16.96,1.0025,1.0027,0.9956
Nylon,79.7,8.07,0.9986,1.0003,1.0038
Nylon,122.8,6.06,1.0025,0.9988,0.9975
Nylon,81.6,5.3,1.0003,1.0014,1.0036
Nylon,76.5,16.68,0.9983,1.0036,0.9981
Nylon,89.0,14.99,1.0031,1.0026,0.9991
Nylon,124.0,2.25,1.0008,1.0017,1.0004
Nylon,131.3,9.91,0.9957,0.9953,1.0037
Nylon,44.3,13.33,0.996,1.0027,0.9971
Nylon,57.4,10.14,1.0044,0.997,1.0037
Nylon,97.0,13.0,1.0007,1.0024,0.9996
Nylon,195.2,16.62,0.9983,0.9992,1.0007
Nylon,95.2,12.08,0.9986,1.0045,0.9996
Nylon,120.6,16.98,1.0011,0.9993,1.0041
Nylon,75.3,12.04,0.9957,1.001,1.0037
Nylon,135.0,15.67,1.0026,0.9955,1.0024
Nylon,83.7,19.06,1.0027,0.9974,0.9973
Nylon,100.1,3.89,0.995,0.9957,0.9985
Nylon,163.9,4.47,1.0003,1.0005,0.9985
Nylon,111.7,15.67,0.9989,1.0044,1.0014
Nylon,171.6,5.54,0.9959,1.0024,0.9981
Nylon,65.4,10.35,0.9954,0.9989,0.9999
Nylon,81.8,8.99,0.9997,0.9954,0.996
Nylon,37.8,9.18,1.0004,1.001,0.9964
Nylon,108.0,19.83,1.004,1.0003,1.0008
Nylon,153.1,9.91,1.0039,0.9951,1.0005
Nylon,191.0,5.02,1.0007,1.0,1.0018
Nylon,146.6,6.56,1.0031,0.9982,0.9983
Nylon,112.9,3.04,0.995,0.9989,1.0016
Nylon,96.9,18.36,0.9999,1.0036,0.995
Nylon,74.3,8.12,1.0016,0.9998,0.9987
Nylon,176.7,7.38,0.9959,0.9957,0.9955
Nylon,155.6,1.99,1.002,1.0037,0.9979
Nylon,145.4,18.14,1.0006,0.9973,0.9954
Nylon,76.3,13.13,0.9955,1.0013,0.9947
Nylon,186.4,18.96,0.9938,0.9978,1.0013
Nylon,123.4,17.11,0.996,1.0037,0.9946
Nylon,171.9,9.15,0.9993,0.999,1.0021
Nylon,193.1,16.27,1.0027,0.9996,1.002
Nylon,133.8,3.69,0.9952,0.9988,0.9956
Nylon,70.0,6.04,1.0017,0.9999,1.0046
Nylon,97.5,7.93,1.0007,0.9947,1.0021
Nylon,137.5,2.82,1.0011,0.9981,1.0027
Nylon,47.3,5.27,1.0029,1.0019,0.9966
Nylon,193.2,19.23,1.0023,0.9944,0.9977
Nylon,40.7,1.52,0.996,1.0035,1.002
Nylon,91.8,17.6,1.0037,1.0029,1.0006
Nylon,74.2,11.46,1.0036,1.0,0.9954
Nylon,75.2,1.12,1.0015,1.0023,0.9963
Nylon,148.4,6.74,1.0042,0.9991,1.0013
Nylon,81.4,4.95,0.9978,1.0027,1.0014
Nylon,109.4,8.01,0.9988,0.9984,1.0029
Nylon,132.1,4.53,0.9966,1.0044,0.9969
Nylon,189.1,12.79,0.994,1.0032,1.0036
Nylon,129.8,16.39,0.9951,1.002,0.9957
Nylon,47.4,7.45,1.0029,1.0019,1.0046
Nylon,108.1,8.19,0.9993,0.9949,1.0015
Nylon,142.0,14.86,1.0004,1.0028,0.9997
Nylon,188.1,2.17,0.9942,0.9976,0.9993
Nylon,97.1,18.0,1.0028,1.0006,0.9953
Nylon,190.1,1.19,0.9953,1.0041,0.9951
Nylon,125.4,12.13,1.0021,0.9961,0.9967
Nylon,43.3,11.45,1.0036,0.9984,0.9989
Nylon,186.9,4.53,0.9951,0.9993,1.0034
Nylon,153.7,14.29,1.0037,0.9994,0.9955
Nylon,46.3,13.86,0.9983,1.0036,1.0047
Nylon,136.8,4.55,0.9962,1.0003,1.0014
Nylon,76.1,16.04,0.9972,1.0018,0.9986
Nylon,187.5,18.2,1.0023,0.9998,0.9957
Nylon,51.8,2.0,1.0008,1.0032,1.0019
Nylon,77.2,11.27,0.9953,0.9966,1.0041
Nylon,58.6,16.27,0.998,1.0006,0.9976
Nylon,60.0,2.41,0.996,0.9997,0.9977
Nylon,94.2,2.15,0.9981,0.9998,0.9953
Nylon,138.5,11.5,0.9954,1.0039,1.0038
Nylon,30.4,10.39,0.996,0.9983,1.0045
Nylon,152.1,9.4,0.9962,1.0042,0.9959
Nylon,40.1,17.93,1.0047,0.9994,1.0022
Nylon,103.2,11.81,0.9982,0.9964,0.9993
Nylon,113.7,4.55,1.0034,1.003,1.002
Nylon,56.7,1.03,0.9975,0.9992,1.0007
Nylon,156.7,11.22,1.003,1.0034,1.0032
Nylon,181.1,2.32,0.9985,1.0034,1.0007
Nylon,68.7,1.97,1.0018,1.0021,0.9987
Nylon,45.7,18.31,0.9995,1.0029,0.9953
Nylon,54.6,6.56,0.9952,0.9965,0.9965
Nylon,32.8,4.92,1.0004,1.0033,0.9951
Nylon,163.4,18.48,0.9949,1.0013,1.0005
Nylon,172.3,5.52,1.0022,1.0032,1.0027
Nylon,162.9,16.22,0.9965,0.9951,0.9948
Nylon,179.8,12.29,0.9963,0.999,0.9964
Nylon,69.2,9.79,1.0004,0.9999,1.0029
Nylon,120.0,18.67,0.995,1.0036,1.0041
Nylon,36.9,3.67,0.9973,0.9996,0.9989
Nylon,182.4,15.09,0.994,1.0015,0.9989
Nylon,144.6,9.72,0.9985,0.9959,0.999
Nylon,107.6,1.65,1.0034,1.0,0.9983
Nylon,93.4,17.0,1.0022,1.0007,0.9952
Nylon,185.6,7.13,0.9971,0.9948,0.9954
Nylon,151.6,12.91,0.9968,0.9997,1.0007
Nylon,167.5,3.31,1.0,0.9968,1.0038
Nylon,144.1,4.9,0.9969,0.9962,1.0016
Nylon,140.9,19.12,1.0021,1.0034,0.9943
Nylon,119.2,3.89,1.0027,0.999,1.0045
Nylon,181.6,13.62,0.9967,0.9974,0.9949
Nylon,132.3,12.99,1.0022,1.0019,0.9987
Nylon,144.6,8.54,0.9944,1.0018,1.0012
Nylon,170.1,7.44,0.9991,0.9992,0.9992
Nylon,70.2,10.72,1.0046,0.9959,0.9992
Nylon,103.9,5.27,0.9965,0.9974,0.9999
Nylon,167.3,14.61,0.9941,1.0034,1.0035
Nylon,164.8,3.87,1.0039,0.9995,1.003
Nylon,111.7,15.84,0.9972,1.0003,1.0043
Nylon,45.3,11.64,0.9957,1.0045,1.0036
Nylon,148.3,13.88,0.9949,0.9972,0.9954
Nylon,134.5,10.38,1.0006,1.0035,0.9978
Nylon,131.9,8.16,1.0027,1.0032,0.9968
Nylon,34.2,14.2,0.9991,1.0034,1.0043
Nylon,32.3,10.1,0.9976,1.0001,1.0046
Nylon,199.8,4.12,0.9971,0.9968,0.9982
Nylon,185.8,9.82,0.9999,0.9948,1.0013
Nylon,195.0,16.22,1.002,0.9989,0.9959
Nylon,128.6,15.64,0.9991,0.9963,0.9997
Nylon,125.9,4.87,1.0017,1.0042,0.9978
Nylon,132.4,18.07,1.0025,0.998,1.0037
Nylon,195.3,5.48,0.9962,1.0032,1.0034
Nylon,156.3,8.08,0.9969,0.9957,0.9961
Nylon,100.6,5.17,0.9982,0.9988,0.9996
Nylon,117.8,4.71,1.0038,1.0027,0.9993
Nylon,165.4,15.44,0.9971,1.0034,1.0041
Nylon,175.5,10.54,0.9995,0.9969,0.9988
Nylon,48.9,8.14,1.0011,0.998,0.9977
Nylon,90.4,14.94,1.0024,1.0032,0.9962
Nylon,74.3,17.6,1.004,0.9995,1.004
Nylon,98.2,15.08,1.0014,1.0039,0.9976
Nylon,101.0,10.84,1.0005,1.0019,0.9961
Nylon,66.9,10.79,0.9987,0.9971,1.0034
Nylon,191.3,1.57,0.995,1.0009,0.9996
Nylon,59.7,13.37,1.0004,1.002,1.002
Nylon,186.4,1.68,0.9944,0.9978,0.9985
Nylon,139.9,9.5,1.0026,1.0011,0.9998
Nylon,143.4,8.75,0.9948,0.9998,0.9987
Nylon,128.9,17.8,0.9967,1.0027,1.0016
Nylon,173.9,19.13,1.0024,1.0009,1.0038
Nylon,147.3,12.26,1.0037,0.9947,1.004
Nylon,156.7,2.43,1.0025,0.9949,1.0008
Nylon,184.4,5.58,0.9944,1.0023,0.9993
Nylon,119.9,12.16,1.0027,0.9951,0.9967
Nylon,58.1,11.0,0.9983,1.0034,1.0039
Nylon,169.7,5.37,0.9982,1.0028,1.0009
Nylon,192.2,17.66,0.996,0.9955,1.0029
Nylon,163.9,10.46,0.9998,0.9956,1.0031
Nylon,50.0,11.6,1.0044,1.0006,0.9973
Nylon,168.2,7.13,0.9943,0.9988,1.0004
Nylon,89.8,13.18,0.9954,0.9992,1.0033
Nylon,127.7,13.69,1.0014,0.9982,0.9968
Nylon,183.4,1.67,0.9967,1.0,1.0034
Nylon,194.3,8.68,0.9991,0.9975,0.9967
Nylon,74.4,13.22,1.0026,1.003,0.9979
Nylon,56.4,7.16,0.9988,0.9969,1.0035
Nylon,111.1,5.72,1.0039,0.995,1.0019
Nylon,76.3,2.88,1.0014,1.0029,0.9963
Nylon,78.4,13.39,0.9983,1.0021,1.003
Nylon,196.9,18.27,1.0001,1.002,1.0019
Nylon,130.8,1.23,0.9945,0.9954,1.0004
Nylon,52.8,10.27,1.002,0.9958,0.9997
Nylon,141.6,2.86,0.9982,0.9986,0.9986
Nylon,70.2,1.84,0.9952,0.9974,1.0017
Nylon,138.8,10.02,1.0019,0.999,0.9981
Nylon,73.4,8.1,0.9971,0.998,1.0022
Nylon,102.8,4.14,0.9961,1.0,1.0017
Nylon,107.9,18.56,0.9982,0.995,0.9993
Nylon,163.0,18.14,0.9998,0.9999,1.0033
Nylon,45.5,3.93,0.996,0.9972,1.0005
Nylon,92.7,6.65,1.0001,1.0034,1.0009
Nylon,186.2,2.08,0.9972,0.9993,1.0003
Nylon,98.3,9.26,1.0001,0.9985,0.9983
Nylon,144.0,12.35,0.9974,0.9981,1.0013
Nylon,126.2,9.87,0.999,0.9982,1.0036
Nylon,159.7,4.05,0.9971,0.9948,0.9952
Nylon,148.6,3.54,1.0004,1.0032,0.9947
Nylon,45.2,1.49,0.9992,1.0009,1.003
Nylon,59.0,2.87,1.0023,0.9995,1.0026
Nylon,37.2,6.71,0.9975,0.9968,1.0001
Nylon,53.4,19.33,1.0046,1.0015,1.0002
Nylon,91.1,9.66,0.9997,0.9968,0.9957
Nylon,151.6,19.24,0.9956,0.9946,1.0012
Nylon,68.4,10.37,1.0011,0.9987,0.9954
Nylon,105.6,5.83,0.9995,1.0037,1.0005
Nylon,65.5,17.47,1.0015,1.0038,0.9963
Nylon,120.7,17.5,1.0024,0.9977,1.0018
Nylon,127.0,3.28,0.9972,1.0042,0.997
Nylon,188.0,6.49,0.9995,0.9954,0.997
Nylon,30.4,11.27,0.9978,1.0025,1.0022
Nylon,102.5,6.0,0.9958,1.0041,0.9976
Nylon,56.2,15.18,1.0036,0.9953,1.0034
Nylon,94.9,4.65,1.0024,0.998,0.9995
Nylon,146.1,2.92,1.0039,1.004,0.9997
Nylon,30.2,9.13,1.0006,1.0001,0.9982
Nylon,89.0,12.92,1.0035,1.0012,0.9964
Nylon,185.4,8.39,0.9964,0.9946,1.0028
Nylon,73.2,8.81,0.9997,0.9954,1.0003
Nylon,191.0,8.53,0.9963,0.9972,0.9976
Nylon,170.1,5.51,0.9972,0.9946,0.9988
Nylon,91.7,13.05,1.0013,0.9959,0.9973
Nylon,180.5,12.2,0.9942,1.0004,0.9984
Nylon,71.6,11.33,0.9977,0.9963,0.9957
Nylon,34.9,7.57,1.0024,1.0001,1.0012
Nylon,171.8,15.8,0.9968,0.9944,0.9977
Nylon,184.2,13.06,0.996,1.0003,0.9982
Nylon,104.3,18.57,0.9975,0.9957,0.9982
Nylon,39.2,15.11,0.9997,1.0045,1.0033
Nylon,127.7,5.96,0.9978,0.9975,0.9987
Nylon,61.6,5.22,0.9956,1.0047,1.0047
Nylon,66.0,14.26,1.0015,1.0019,1.0002
Nylon,50.0,19.32,0.9951,1.0002,0.9994
Nylon,187.9,19.37,1.0029,0.9943,0.9943
Nylon,105.8,10.49,1.0041,1.0006,1.0028
Nylon,46.0,11.86,0.9988,1.0026,0.9993
Nylon,31.8,18.58,1.0034,1.0042,0.9999
Nylon,116.2,18.69,1.0025,1.0038,0.9987
Nylon,35.5,11.32,0.9971,1.0002,1.0015
Nylon,113.4,15.98,1.0004,0.9949,1.0029
Nylon,75.8,7.84,0.9967,1.0007,0.9975
Nylon,193.7,10.82,0.9991,0.9989,0.9965
Nylon,178.9,5.71,0.9972,0.9964,0.9991
Nylon,196.5,14.71,0.9939,1.0022,0.9973
Nylon,69.5,18.79,0.9998,1.0004,0.9961
Nylon,33.0,4.88,1.0033,0.9953,0.995
Nylon,185.2,12.56,0.9977,0.9995,1.0031
Nylon,97.8,17.06,0.9994,0.9996,0.9977
Nylon,91.9,7.72,0.9981,1.0009,0.9956
Nylon,149.7,18.08,1.0026,1.0035,1.0036
Nylon,45.6,4.03,1.0028,0.9963,0.998
Nylon,100.0,10.07,1.0016,1.0029,1.0009
Nylon,148.8,2.65,0.9993,0.995,1.0033
Nylon,139.5,8.47,0.9971,0.9954,1.0037
Nylon,141.6,10.05,1.0027,1.0044,1.0003
Nylon,190.5,6.05,0.9977,0.9991,1.0016
Nylon,45.3,10.28,1.0007,0.9956,0.9985
Nylon,69.3,4.32,0.9984,0.9982,0.997
Nylon,65.4,4.76,0.9974,1.0033,1.0003
Nylon,133.3,12.74,0.9945,1.0027,1.0019
Nylon,187.1,4.2,0.9958,1.0033,0.9949
Nylon,52.5,9.78,1.0027,0.9987,0.9988
Nylon,179.7,8.09,0.9998,1.004,0.9989
Nylon,110.3,6.67,0.9955,1.0019,0.9977
Nylon,78.8,2.78,1.0045,0.9965,1.0027
Nylon,73.1,18.11,1.0009,0.9954,1.0017
Nylon,73.6,13.53,1.0035,1.0045,0.9994
Nylon,153.0,17.14,1.0008,0.9963,0.999
Nylon,104.2,12.98,0.9997,0.9975,1.0004
Nylon,174.4,12.94,1.003,1.0002,0.9949
Nylon,56.0,17.59,1.0016,1.0016,0.996
Nylon,179.6,6.86,0.9971,1.0007,1.0021
Nylon,30.5,9.85,1.0036,0.997,1.0038
Nylon,132.6,10.91,0.9948,1.003,0.9995
Nylon,149.7,16.98,1.0032,0.9997,1.0017
Nylon,114.4,6.55,0.999,1.0012,0.9973
Nylon,184.6,18.94,0.9977,0.9961,1.0006
Nylon,95.1,10.14,1.0003,1.0031,1.0003
Nylon,72.4,2.58,0.9955,1.0026,0.9961
Nylon,58.1,2.41,1.0035,1.0002,0.9984
Nylon,158.4,7.75,0.9996,0.995,0.9963
Nylon,165.6,14.84,0.9993,0.998,0.9992
Nylon,124.0,4.29,0.9959,1.0039,0.9956
Nylon,71.9,12.13,1.0018,0.9964,1.0019
Nylon,127.8,16.12,0.9979,0.9946,0.9952
Nylon,98.4,13.52,0.9951,1.0029,0.9954
Nylon,158.5,5.08,0.9958,0.999,1.0028
Nylon,62.0,10.71,0.9977,0.9976,1.0042
Nylon,104.6,9.33,0.9973,0.998,0.9973
Nylon,171.3,8.11,1.0006,1.0042,0.9986
Nylon,191.0,15.4,0.9958,0.9947,0.9974
Nylon,197.3,16.98,0.9983,0.9977,0.9992
Nylon,192.9,8.06,0.9996,0.9983,1.0034
Nylon,194.6,15.84,0.9971,1.0007,0.9949
Nylon,104.6,15.88,0.9983,0.9961,1.0022
Nylon,103.8,17.92,0.9992,0.9954,1.0038
Nylon,184.9,4.04,1.0037,1.0024,0.9955
Nylon,193.7,16.11,1.0018,0.9973,1.0034
Nylon,125.9,14.42,0.9975,0.9983,1.0023
Nylon,179.4,2.87,1.0007,1.0021,0.9969
Nylon,31.8,10.86,1.0021,1.0001,1.0029
Nylon,32.3,13.6,0.9976,0.9965,1.0026
Nylon,178.9,15.46,0.9979,0.9952,1.0002
Nylon,36.3,12.96,0.9995,1.0003,1.0007
Nylon,86.0,11.95,0.9954,0.9957,1.0002
Nylon,114.9,19.55,1.0009,0.9997,0.9996
Nylon,43.0,9.51,0.9974,1.0007,1.0017
Nylon,101.8,10.23,0.9988,0.9978,0.9993
Nylon,144.8,10.99,0.9985,0.9993,1.0026
Nylon,120.9,3.25,0.9988,0.9964,0.9966
Nylon,124.6,18.7,0.9979,1.0009,0.998
Nylon,134.0,16.36,0.9949,1.003,1.0038
Nylon,79.0,14.29,1.0013,1.0041,0.9986
Nylon,163.5,11.59,0.995,0.9997,1.0006
Nylon,43.7,13.89,1.0025,0.9997,1.0032
Nylon,113.3,6.16,1.0044,1.0002,0.9978
Nylon,148.6,12.68,0.9982,0.9984,0.998
Nylon,142.0,14.22,0.998,0.9975,0.9946
Nylon,62.6,19.77,1.0043,1.0023,0.9975
Nylon,61.3,8.31,0.9967,1.0013,1.0015
Nylon,129.9,7.54,0.9953,0.9967,1.0034
Nylon,137.8,16.56,0.9988,0.9948,0.9985
Nylon,196.4,7.61,1.0002,0.9958,0.9968
Nylon,137.1,2.18,0.9966,1.0021,1.0026
Nylon,121.1,13.86,0.9962,0.9965,0.9956
Nylon,80.2,9.84,1.0041,0.9952,0.9947
Nylon,97.3,14.28,0.9963,1.0037,0.996
Nylon,125.8,4.05,0.998,1.004,1.0024
Nylon,150.9,4.86,0.9985,0.9956,0.9944
Nylon,126.1,17.27,0.9963,1.0016,0.9956
Nylon,166.3,16.15,0.9944,0.9981,0.9978
Nylon,76.6,12.06,0.9948,1.0041,0.9996
Nylon,193.8,5.57,0.9972,0.9966,1.0019
Nylon,93.7,15.98,1.0014,0.9952,0.9996
Nylon,149.6,4.87,1.0015,1.0,0.9958
Nylon,74.3,3.34,0.9992,1.0037,0.9976
Nylon,128.4,8.98,0.9959,0.9975,0.9989
Nylon,135.4,2.6,1.0003,0.9952,1.0036
Nylon,178.0,5.03,1.001,0.9995,1.0036
Nylon,36.1,15.35,0.9993,0.9949,1.0017
Nylon,120.2,11.22,1.0015,1.0044,1.0003
Nylon,125.6,17.44,0.9992,1.0021,1.0038
Nylon,104.9,1.74,0.9953,1.0013,1.0036
Nylon,81.0,4.28,0.9974,0.9972,0.9952
Nylon,192.3,12.79,0.996,0.9955,0.9942
Nylon,66.5,8.68,1.0013,0.9974,0.9951
Nylon,130.1,19.98,0.9976,1.0021,1.0016
Nylon,55.0,1.46,1.0008,0.997,1.0018
Nylon,117.4,3.32,1.0,0.997,0.9974
Nylon,35.0,9.68,0.9979,1.0003,1.0004
Nylon,66.9,1.8,0.9981,1.0047,0.9983
Nylon,164.3,16.02,0.9953,0.9991,0.9977
Nylon,181.0,11.35,1.0011,0.9993,1.0041
Nylon,46.5,19.24,0.9975,1.0003,1.0017
Nylon,80.8,13.45,0.9972,1.0035,0.9963
Nylon,59.1,11.21,1.0044,0.9973,1.0029
Nylon,31.4,8.74,1.0045,0.9959,1.0019
Nylon,173.4,14.31,0.9988,0.9955,0.9977
Nylon,169.1,11.35,1.0021,1.0034,1.0039
Nylon,99.2,16.08,1.0036,0.9972,0.9948
Nylon,41.9,13.7,1.0029,0.9964,1.0012
Nylon,149.7,19.84,1.0024,0.9953,1.0011
Nylon,39.0,8.55,1.0023,0.9951,1.0042
Nylon,98.0,13.34,1.0017,0.9987,0.9964
Nylon,94.0,6.15,0.9964,0.9949,0.9951
Nylon,63.1,15.89,0.9953,0.9951,1.0006
Nylon,77.8,5.07,1.0006,1.0022,1.0047
Nylon,30.7,7.54,0.9993,1.0002,0.9988
Nylon,55.2,11.89,0.9987,0.996,1.004
Nylon,59.4,6.26,1.0048,0.9994,1.0026
Nylon,166.6,13.82,0.9947,1.0028,0.9999
Nylon,36.3,18.37,0.9978,0.9987,0.9949
Nylon,105.3,18.69,1.0017,0.9992,1.0002
Nylon,42.9,9.29,0.9996,0.9977,0.9963
Nylon,136.6,5.83,1.0039,0.9955,0.9947
Nylon,141.5,15.69,1.0028,1.004,1.0009
Nylon,169.6,12.35,1.0023,0.9943,0.9947
Nylon,118.0,5.21,1.0001,0.9963,0.9957
Nylon,156.9,14.82,0.9955,0.9991,0.9984
Nylon,182.9,13.64,0.9996,0.9954,0.9953
Nylon,148.2,16.17,1.0017,0.9985,1.0031
Nylon,38.4,1.54,1.0035,1.004,1.002
Nylon,91.2,4.1,0.9958,0.9969,0.9975
Nylon,171.5,14.36,1.0009,0.9985,0.9982
Nylon,97.1,12.47,0.9953,0.9996,1.003
Nylon,53.7,18.49,0.9985,0.9971,1.004
Nylon,114.0,13.1,1.0005,0.9993,0.9972
Nylon,109.5,18.0,0.999,0.9987,0.9982
Nylon,101.8,8.17,1.0039,1.0027,1.0042
Nylon,151.5,5.18,1.0013,0.9954,1.0036
Nylon,159.9,15.91,1.0036,1.0033,0.9963
Nylon,81.3,3.69,0.9958,1.0047,0.9973
Nylon,90.0,14.33,1.0033,0.9975,1.0046
Nylon,147.5,3.53,0.9974,0.9954,0.9946
Nylon,127.3,4.64,1.0039,0.995,0.9951
Nylon,173.3,2.9,1.0003,0.9999,0.9985
Nylon,42.8,6.56,1.0007,0.9981,1.0015
Nylon,121.3,5.31,0.9986,0.9966,0.9991
Nylon,157.8,1.69,0.9989,0.9998,1.0021
Nylon,45.5,11.32,0.9998,0.9952,1.0038
Nylon,86.4,13.5,1.0041,1.0046,0.9973
Nylon,193.6,3.13,1.0031,1.0039,0.9945
Nylon,153.3,12.54,0.9971,1.004,0.9958
Nylon,169.1,13.64,0.9996,1.0,0.9942
Nylon,62.5,16.03,0.9961,1.0023,1.003
Nylon,91.2,18.3,0.998,1.0007,1.0037
Nylon,92.6,15.73,1.0036,0.9953,1.0015
Nylon,48.9,8.44,0.998,1.0029,0.9986
Nylon,37.8,11.37,0.9959,0.9996,0.9948
Nylon,52.1,1.84,0.9974,1.0018,0.9969
Nylon,64.0,2.35,0.9977,1.0046,1.0018
Nylon,135.8,9.93,0.9959,0.9951,0.9986
Nylon,42.5,16.85,1.0046,0.996,0.9954
Nylon,176.9,17.33,1.0029,0.9982,0.999
Nylon,60.2,3.19,0.9998,0.9996,0.9966
Nylon,93.7,11.36,1.0022,0.9972,0.995
Nylon,64.7,7.19,1.0006,0.9988,0.9994
Nylon,45.0,13.62,0.9963,0.9969,1.0034
Nylon,162.3,19.43,1.003,0.996,0.9961
Nylon,150.4,8.24,1.0012,0.9956,1.0004
Nylon,193.2,18.52,1.0018,1.0037,0.9947
Nylon,68.6,6.24,1.0034,0.9949,0.9986
Nylon,43.1,18.99,0.9989,0.9959,0.996
Nylon,88.3,19.72,0.9972,1.0001,0.9971
Nylon,106.8,5.18,0.9966,1.0037,0.9949
Nylon,80.4,3.07,0.9968,1.0016,0.9985
Nylon,65.9,14.19,1.0042,1.0038,0.9974
Nylon,178.1,7.65,0.9991,1.0009,0.9987
Nylon,89.5,7.98,0.996,1.0043,0.9973
Nylon,155.5,10.62,0.9998,1.004,1.0034
Nylon,167.6,2.68,0.9962,1.0043,0.9977
Nylon,118.6,12.59,1.0036,0.9945,1.0026
Nylon,37.1,15.02,0.9954,1.0035,1.0005
Nylon,192.5,13.78,0.997,1.0038,0.9965
Nylon,102.4,9.4,0.9955,1.0038,1.0022
Nylon,155.9,15.22,1.001,0.9982,0.9963
Nylon,128.2,7.35,0.9993,0.9957,0.9953
Nylon,44.2,4.74,1.002,1.001,1.0029
Nylon,62.4,12.74,1.0004,0.9964,0.9992
Nylon,58.9,16.71,1.0024,1.0038,1.0
Nylon,116.9,15.6,1.0032,0.9981,1.0007
Nylon,167.3,1.26,0.9948,0.9999,0.999
Nylon,81.9,9.83,0.9948,0.9975,0.9955
Nylon,70.8,10.49,1.0044,0.9963,1.0032
Nylon,165.0,6.09,1.0016,1.0036,0.9966
Nylon,85.3,1.84,1.0002,0.9979,1.0023
Nylon,72.1,16.19,1.0013,1.0028,1.0026
Nylon,96.2,8.45,0.996,0.9989,1.0001
Nylon,55.1,12.78,1.0007,1.0006,0.9995
Nylon,148.7,10.54,1.0008,0.9971,1.0022
Nylon,166.8,8.97,1.0009,1.0023,1.0028
Nylon,142.8,13.33,1.0026,0.9998,0.9994
Nylon,170.3,7.85,0.9959,1.0002,1.0002
Nylon,82.8,10.81,1.0028,0.9964,1.0011
Nylon,80.1,19.45,0.9974,1.003,1.0035
Nylon,108.3,3.37,1.0019,0.9981,0.9954
Nylon,137.8,12.85,1.0001,0.9955,1.0016
Nylon,97.9,6.89,0.999,0.9963,0.9956
Nylon,122.2,19.95,1.0029,0.9948,1.0021
Nylon,165.5,9.5,1.0011,0.9998,1.0039
Nylon,45.0,12.24,0.9986,0.9996,0.9962
Nylon,117.0,11.37,1.0012,0.9997,1.0014
Nylon,185.6,4.24,0.9985,0.9954,1.0023
Nylon,173.8,6.03,0.9974,1.0036,1.004
Nylon,187.5,17.47,0.9999,0.9978,0.9956
Nylon,138.1,13.81,0.999,0.9974,1.0035
Nylon,185.0,16.41,1.0031,1.0036,1.0015
Nylon,156.4,8.44,0.9954,0.9994,1.0021
Nylon,109.8,6.76,0.9949,0.9962,1.0032
Nylon,159.8,13.46,0.9957,0.9945,1.0021
Nylon,61.5,14.92,0.9961,1.004,0.9969
Nylon,175.7,7.99,0.9953,0.9966,1.0019
Nylon,134.9,13.51,1.0041,1.0006,0.9977
Nylon,135.8,17.29,1.0032,1.0039,1.0006
Nylon,149.4,8.11,0.9969,0.998,0.9994
Nylon,109.2,5.43,1.0022,1.0006,1.0025
Nylon,126.6,13.67,0.9994,0.9996,0.9975
Nylon,188.3,3.97,0.9957,0.9957,0.9986
Nylon,163.7,4.46,1.0005,1.0023,0.9972
Nylon,125.3,7.07,0.9976,0.9974,0.9961
Nylon,36.5,6.59,1.0047,1.0022,0.9994
Nylon,60.2,15.91,1.0026,0.9958,1.0007
Nylon,141.7,17.73,0.9998,0.9988,0.9967
Nylon,92.2,17.44,0.9968,0.9949,1.0008
Nylon,156.9,3.78,0.9948,1.0006,0.9988
Nylon,133.4,17.33,0.9978,1.0043,1.0031
Nylon,111.1,9.17,0.9958,1.0034,1.001
Nylon,50.3,17.22,0.996,1.0035,1.0016
Nylon,138.0,16.92,0.9969,0.9999,0.9981
Nylon,114.5,16.51,0.9949,1.0009,0.9966
Nylon,96.8,19.16,0.9996,1.0012,0.995
Nylon,95.6,10.72,1.0028,1.0014,0.9979
Nylon,115.4,18.25,0.9945,0.9967,1.002
Nylon,120.3,11.48,0.9977,0.9977,0.9963
Nylon,117.4,9.91,1.0018,0.999,0.9991
Nylon,180.7,2.1,0.9966,0.9972,0.9943
Nylon,93.5,11.66,1.0025,0.9963,0.9999
Nylon,34.8,5.48,0.9958,0.9958,1.0008
Nylon,144.2,14.16,0.9986,0.9977,1.0027
Nylon,198.0,12.47,0.9943,0.9967,1.0006
Nylon,73.8,16.24,1.0015,1.0013,0.9953
Nylon,59.5,7.09,1.0028,1.0045,0.9959
Nylon,85.2,17.08,1.0008,0.9964,1.0034
Nylon,137.0,16.03,1.0037,1.0,1.0011
Nylon,61.4,3.16,1.0004,0.996,1.0041
Nylon,181.9,19.51,1.0028,1.0,0.9959
Nylon,42.7,9.24,1.001,1.0012,1.0032
Nylon,51.0,16.27,0.9962,1.0023,1.0034
Nylon,74.7,16.05,0.9951,1.0028,1.0003
Nylon,35.0,16.15,0.9996,0.9956,1.0022
Nylon,66.9,17.3,1.0023,0.9985,0.9993
Nylon,141.7,11.65,0.9949,1.002,0.9986
Nylon,188.0,14.62,0.9945,0.9983,0.9943
Nylon,46.2,11.27,0.9966,1.0021,0.995
Nylon,148.6,2.85,0.9973,0.9972,0.999
Nylon,33.4,4.84,1.0001,1.0006,1.0025
Nylon,62.6,5.28,0.9993,1.0022,1.0035
Nylon,103.7,7.67,1.0012,0.9962,0.9975
Nylon,150.6,2.27,1.0036,0.9952,1.0032
Nylon,170.0,2.98,0.9983,0.9998,0.9956
Nylon,169.7,8.03,1.0011,0.9975,1.0006
Nylon,110.2,11.2,1.003,1.0018,1.004
Nylon,99.7,10.51,0.9978,0.9949,1.0038
Nylon,194.8,19.87,0.9964,1.0015,0.999
Nylon,174.1,9.34,1.0037,1.0027,1.003
Nylon,135.3,10.34,1.001,0.9987,1.0001
Nylon,60.7,13.01,1.0007,0.9973,0.9973
Nylon,166.7,13.32,1.0038,0.9968,0.9964
Nylon,108.7,14.2,0.9975,0.9991,1.0028
Nylon,74.6,12.33,1.0018,1.0021,0.9964
Nylon,157.6,2.11,1.0024,0.9991,1.0032
Nylon,163.3,13.46,1.0023,1.0034,0.9945
Nylon,199.8,18.68,0.9993,0.9941,0.9946
Nylon,43.0,5.75,0.999,1.0011,0.9956
Nylon,116.8,15.92,1.0033,1.0016,0.9998
Nylon,148.2,15.36,0.9989,0.9948,0.9954
Nylon,78.4,1.06,1.0013,0.9975,1.0018
Nylon,73.0,7.0,1.0035,1.0025,1.0032
Nylon,52.8,8.71,0.9961,1.0046,1.0039
Nylon,40.9,13.93,0.9981,1.0044,0.9957
Nylon,126.6,7.88,1.0013,1.0024,0.9985
Nylon,182.7,10.98,1.0033,0.9948,0.9975
Nylon,45.0,16.31,0.9965,1.0036,0.9949
Nylon,30.0,11.13,1.0,1.0024,1.0014
Nylon,186.2,13.2,0.9969,1.002,0.9971
Nylon,107.8,9.46,0.9961,0.9996,0.9978
Nylon,191.7,15.99,1.0034,1.0009,0.9948
Nylon,158.4,11.71,0.9977,0.9996,0.995
Nylon,37.6,18.7,0.9968,0.9994,1.0034
Nylon,190.1,17.17,0.9997,1.0038,1.0012
Nylon,70.3,19.19,0.9991,0.9955,0.9947
Nylon,58.9,16.83,1.0016,0.9967,0.9992
Nylon,142.1,17.3,1.0,0.9964,1.0037
Nylon,83.3,14.2,0.998,0.9953,0.9976
Nylon,76.6,13.62,0.9996,1.0039,0.999
Nylon,174.6,3.55,1.0,1.002,1.0024
Nylon,189.2,10.91,1.0036,0.9951,1.0038
Nylon,54.6,15.37,1.0022,0.9952,0.9985
Nylon,161.3,13.95,0.9973,1.004,1.0
Nylon,91.8,7.04,1.0012,1.0015,0.9993
Nylon,161.0,5.78,0.9979,1.0013,1.0034
Nylon,99.1,14.61,0.9985,1.0017,0.9958
Nylon,93.5,6.15,0.9985,0.995,1.0029
Nylon,112.6,1.14,1.0001,0.9993,1.0042
Nylon,165.3,16.94,0.9961,0.9945,0.9987
Nylon,195.9,3.2,1.0025,1.0016,1.0023
Nylon,168.7,4.42,0.998,1.0033,0.9995
Nylon,160.6,4.44,0.9965,0.996,1.0
Nylon,40.0,16.35,0.9965,1.0002,1.0022
Nylon,79.5,8.49,0.9947,1.0013,1.0019
Nylon,142.3,19.95,0.9994,0.9976,0.9993
Nylon,132.9,15.88,0.9966,0.9958,1.0006
Nylon,144.1,16.44,0.9965,1.0016,1.0035
Nylon,80.5,2.8,1.0008,1.0047,0.9978
Nylon,147.5,15.8,0.9983,1.003,1.0017
Nylon,78.1,8.88,0.9973,1.0033,0.9978
Nylon,160.2,18.93,0.9969,1.0032,0.9982
Nylon,66.7,9.07,1.0013,1.002,0.9986
Nylon,158.1,17.02,0.9989,0.9947,0.9964
Nylon,104.9,1.3,1.0044,1.0035,0.9973
Nylon,51.3,3.52,1.004,0.9991,1.0036
Nylon,97.1,8.12,1.0013,0.9996,1.0016
Nylon,121.0,7.19,1.0004,0.9946,0.9958
Nylon,125.1,12.05,1.0006,0.995,1.0032
Nylon,115.4,9.34,0.9959,0.996,0.9951
Nylon,86.0,1.34,1.0023,1.0042,0.9992
Nylon,108.5,3.88,1.0029,0.9989,1.0046
Nylon,96.6,9.45,0.9973,0.9978,1.0032
Nylon,148.4,15.95,1.0039,0.9952,0.9975
Nylon,36.1,11.06,1.0027,0.9981,0.9976
Nylon,41.5,6.53,0.9988,0.9956,1.0039
Nylon,163.9,12.11,1.0037,0.9957,0.9949
Nylon,132.5,17.2,0.9956,0.9953,0.9955
Nylon,101.2,2.14,1.0005,0.9997,1.0033
Nylon,151.3,16.2,0.9955,0.9945,0.9949
Nylon,104.3,11.28,1.0033,1.004,0.9992
Nylon,71.9,3.55,0.998,0.9957,1.0007
Nylon,99.4,5.82,1.0034,0.9969,1.0031
Nylon,81.6,19.4,0.9969,0.9984,0.996
Nylon,93.2,18.48,1.0001,1.0012,0.997
Nylon,157.1,14.82,1.0027,0.9966,0.9976
Nylon,164.0,2.53,0.9996,1.0013,0.996
Nylon,78.0,6.33,0.999,0.9957,1.0031
Nylon,35.9,19.41,1.0039,1.0018,1.0005
Nylon,156.4,17.29,1.002,0.9951,1.0003
Nylon,151.7,11.9,0.9996,0.9976,1.0043
Nylon,198.5,15.7,0.9967,0.9941,0.9947
Nylon,42.2,10.11,0.9985,0.9954,0.9971
Nylon,108.9,15.29,0.9964,1.001,0.9962
Nylon,41.2,4.16,1.0015,1.0032,0.9988
Nylon,46.6,18.92,1.0,1.0008,0.9955
Nylon,83.0,7.23,1.0018,0.9954,0.9955
Nylon,140.9,12.88,0.9966,1.0024,0.9998
Nylon,65.2,1.86,0.9987,1.0028,1.0014
Nylon,168.8,16.18,0.9999,1.0002,1.0038
Nylon,91.0,9.76,0.9993,1.0043,0.9983
Nylon,191.5,15.13,1.0031,1.0032,1.0004
Nylon,33.7,12.22,0.9979,0.9963,0.9996
Nylon,194.6,7.41,1.0038,1.0015,0.996
Nylon,95.5,12.1,1.0015,0.9965,0.997
Nylon,34.0,12.27,1.0035,1.0046,1.0022
Nylon,91.4,14.57,0.9959,0.9983,0.9975
Nylon,177.2,14.42,1.002,0.9958,0.9975
Nylon,177.3,2.35,0.995,0.9966,0.9982
Nylon,64.5,7.67,0.9979,1.0025,1.0033
Nylon,70.0,14.96,1.0039,0.9968,0.9981
Nylon,46.9,18.02,1.0037,0.9958,0.996
Nylon,141.6,5.64,0.9957,0.9965,1.0043
Nylon,171.2,9.92,1.0009,0.9948,0.996
Nylon,191.7,18.96,1.0012,0.9977,1.0002
Nylon,155.8,3.88,1.0024,0.9951,0.9995
Nylon,35.1,11.88,0.997,1.0022,0.9999
Nylon,129.4,5.05,0.9966,0.995,1.001
Nylon,40.7,10.81,1.0013,0.9957,1.0013
Nylon,125.6,19.85,0.9985,1.0037,0.9959
Nylon,175.9,16.63,0.999,0.9997,0.9981
Nylon,186.4,14.91,1.0002,0.9995,0.9967
Nylon,64.7,7.04,1.0047,1.0029,1.0039
Nylon,101.7,19.7,0.9969,1.0039,0.9995
Nylon,125.4,7.88,0.9998,1.0044,0.999
Nylon,142.0,16.58,0.9985,0.9947,0.9984
Nylon,114.1,1.98,0.9974,0.9988,0.9974
Nylon,187.8,13.47,1.0032,0.9994,1.0039
Nylon,152.7,6.16,0.997,1.0013,1.0038
Nylon,129.2,14.04,0.999,1.0032,1.0002
Nylon,167.3,18.24,0.9965,0.9956,1.0024
Nylon,56.0,18.04,0.9973,1.0006,0.9951
Nylon,81.2,8.35,1.0004,1.0025,1.0028
Nylon,170.2,4.61,1.0009,1.0018,0.9976
Nylon,135.9,7.78,0.9994,0.9986,0.9997
Nylon,191.1,6.19,1.0018,1.0025,0.9995
Nylon,72.9,7.47,0.9975,0.9972,0.9993
Nylon,168.9,17.01,1.0005,0.9959,0.9983
Nylon,67.0,7.55,0.9992,0.9999,0.9955
Nylon,186.6,7.83,1.0023,1.0001,0.9982
Nylon,44.8,14.37,0.9978,0.9991,0.9985
Nylon,143.5,18.75,0.9947,1.0012,1.0022
Nylon,151.1,9.94,0.9947,0.9948,0.9955
Nylon,73.7,1.27,0.9966,1.0014,1.0031
Nylon,87.7,16.94,1.0004,0.9947,1.0038
Nylon,118.6,17.23,0.9961,1.0033,1.0003
Nylon,166.5,7.88,1.0001,0.9973,0.9964
Nylon,33.2,14.96,1.0002,1.003,0.9977
Nylon,141.8,14.55,0.9982,1.002,0.9996
Nylon,114.3,7.14,1.002,0.999,0.9998
Nylon,52.1,13.38,1.0027,1.0008,1.0016
Nylon,138.0,18.32,1.0,0.9991,1.0037
Nylon,69.8,15.94,0.9968,0.9982,1.0008
Nylon,176.3,1.67,0.9988,0.9985,1.0024
Nylon,72.6,4.71,1.0041,1.0005,1.0016
Nylon,39.1,7.42,1.0028,0.996,1.0046
Nylon,169.7,4.93,1.0023,1.0037,0.9972
Nylon,180.9,5.32,0.995,1.0019,1.0015
Nylon,195.8,10.25,0.9968,1.0035,1.001
Nylon,46.4,19.61,0.9983,1.0022,0.9949
Nylon,54.7,17.99,1.0029,0.9952,0.998
Nylon,118.5,7.08,1.0032,0.9984,1.0036
Nylon,65.4,2.59,0.9993,1.0044,1.0
Nylon,150.1,18.42,0.9988,0.9994,0.9997
Nylon,101.2,19.36,0.9981,0.9974,0.9946
Nylon,148.5,2.72,0.9985,1.0032,0.9962
Nylon,58.0,5.31,0.9979,0.9956,0.9999
Nylon,45.6,11.74,1.0029,0.9992,0.9974
Nylon,123.5,2.42,0.9995,1.0032,0.9992
Nylon,139.9,19.13,1.0021,1.0031,1.002
Nylon,157.5,12.21,0.9994,1.0017,0.9999
Nylon,53.8,8.88,0.997,0.9969,1.0008
Nylon,103.5,8.05,1.0019,0.9999,1.0015
Nylon,119.9,13.1,1.002,0.9976,0.9972
Nylon,194.1,16.92,0.9966,0.9986,0.9971
Nylon,147.7,16.05,0.996,0.9969,1.001
Nylon,107.4,18.54,0.9956,1.0014,1.0026
Nylon,121.8,9.4,0.9957,0.9964,0.9989
Nylon,47.5,3.76,0.996,0.9985,1.0043
Nylon,159.7,16.78,0.9984,1.0001,1.0001
Nylon,106.9,14.33,0.9946,1.0013,0.997
Nylon,149.1,18.43,0.9995,1.0033,0.995
Nylon,97.1,4.7,0.9971,1.0003,1.0035
Nylon,194.6,8.57,0.9952,0.9991,0.9986
Nylon,158.8,18.91,1.0012,0.9992,0.9945
Nylon,32.6,3.85,1.003,1.0047,1.0028
Nylon,131.5,10.24,1.0013,0.9996,0.999
Nylon,150.7,2.31,1.0,1.0016,1.0036
Nylon,195.2,14.06,0.9995,1.0022,0.9996
Nylon,61.8,18.55,1.0014,0.9966,1.001
Nylon,35.4,15.78,1.0033,0.9998,1.0
Nylon,37.1,17.15,0.9996,1.0016,1.0001
Nylon,131.9,4.48,0.9946,1.0011,1.0018
Nylon,117.0,5.46,1.0042,0.997,0.9953
Nylon,32.2,18.2,0.9967,1.0036,0.9976
Nylon,116.2,4.63,1.0006,1.0025,0.9961
Nylon,194.4,8.19,1.0017,0.9989,1.0028
Nylon,187.5,8.81,1.0028,1.0014,1.0025
Nylon,54.6,13.24,1.0021,0.995,0.9978
Nylon,94.9,15.0,1.0031,1.0029,0.9974
Nylon,178.4,17.01,1.0021,1.0016,1.003
Nylon,128.3,5.98,0.9973,0.9946,0.9958
Nylon,199.1,14.98,0.996,1.002,0.9961
Nylon,107.0,19.53,1.004,1.0031,1.0029
Nylon,78.3,13.85,1.0012,0.9953,0.9959
Nylon,184.8,9.76,1.0031,1.0007,1.0002
Nylon,121.0,17.46,1.0026,1.0022,1.0023
Nylon,98.5,15.63,0.9976,0.9968,1.0014
Nylon,87.2,12.92,0.9977,1.004,0.9964
Nylon,55.7,10.21,0.9956,1.0034,1.0028
Nylon,145.5,13.04,0.9947,0.9982,0.9961
Nylon,61.3,6.11,1.0013,0.9971,1.0012
Nylon,199.5,2.6,1.0018,1.0014,0.996
Nylon,120.9,17.87,0.9949,0.9998,0.9945
Nylon,146.9,6.28,1.0043,1.0001,0.9967
Nylon,192.3,7.88,0.9976,0.9985,1.0
Nylon,59.8,19.97,1.0022,0.9951,1.0017
Nylon,120.1,13.5,1.0024,0.9975,1.0013
Nylon,152.1,3.3,0.9947,0.9982,0.9954
Nylon,117.0,7.04,1.0026,0.9951,0.9958
Nylon,62.0,5.84,1.0029,1.0036,0.9976
Nylon,46.8,16.96,1.0044,0.996,0.9961
Nylon,58.9,3.14,1.0015,1.0036,1.0023
Nylon,128.1,2.17,0.9947,0.997,0.9965
Nylon,155.7,14.7,1.0016,0.9955,0.9999
Nylon,138.4,3.58,1.0016,0.9976,1.0034
Nylon,116.2,3.29,1.0043,0.9995,0.9978
Nylon,59.3,2.9,0.9975,1.0042,1.001
Nylon,96.7,2.77,1.0016,0.9955,1.0029
Nylon,128.7,5.25,0.9958,0.9954,0.9978
Nylon,111.5,13.19,1.0044,1.0024,1.0026
Nylon,175.5,13.58,0.9949,0.9971,1.0006
Nylon,72.0,7.15,0.9959,1.0013,1.0012
Nylon,146.9,3.32,1.0029,0.9991,1.0005
Nylon,121.3,2.65,0.9986,0.9948,0.9956
Nylon,168.6,15.2,1.0024,0.9952,0.9976
Nylon,166.3,4.97,0.9953,0.9987,0.9988
Nylon,38.8,13.69,0.9959,1.0041,1.0042
Nylon,193.5,13.81,1.0028,0.9996,0.9954
Nylon,34.7,5.98,0.9984,1.0045,1.0014
Nylon,35.0,1.49,1.0004,1.0013,1.002
Nylon,62.4,15.57,0.9961,1.0016,1.0003
Nylon,64.8,9.66,0.9985,1.0012,1.0018
Nylon,38.7,19.98,0.9979,0.9983,1.0016
Nylon,108.9,14.62,1.0032,0.9988,1.0039
Nylon,42.2,19.63,0.9993,1.0029,1.0036
Nylon,82.8,6.15,0.9949,0.997,0.9982
Nylon,128.0,3.48,1.0024,0.997,1.002
Nylon,82.6,12.97,0.9991,0.9951,1.0013
Nylon,32.8,11.57,1.0035,1.0,1.0045
Nylon,172.8,16.72,0.9997,1.0035,1.0023
Nylon,151.0,19.11,0.9954,1.0012,0.9996
Nylon,88.6,1.86,0.9948,0.9988,0.9957
Nylon,176.9,15.93,0.9991,0.9967,1.0009
Nylon,47.0,16.14,1.0022,0.9961,0.9982
Nylon,121.9,10.85,1.0006,0.9947,0.9946
Nylon,86.5,13.25,1.0007,0.9965,0.999
Nylon,41.0,18.11,1.0045,0.9982,1.0022
Nylon,81.2,15.74,1.0013,1.0031,0.9961
Nylon,51.1,8.6,0.9999,0.998,0.9973
Nylon,76.0,19.97,0.9968,1.0001,1.0028
Nylon,33.6,13.1,0.999,0.9994,0.9999
Nylon,63.5,3.24,1.0046,0.9966,1.0025
Nylon,38.5,7.48,0.9964,1.0013,0.9989
Nylon,87.5,10.95,1.0044,0.9972,0.9952
Nylon,121.3,7.8,0.998,1.0007,0.9982
Nylon,129.3,9.95,0.9969,0.9969,1.0005
Nylon,88.8,1.66,1.0046,0.9977,1.0018
Nylon,143.6,13.62,1.0029,1.0014,1.0013
Nylon,154.4,16.1,1.0016,0.9944,0.9979
Nylon,84.4,6.14,1.0007,0.9965,1.0
Nylon,42.3,2.86,0.9995,1.0019,1.0035
Nylon,187.9,12.09,1.0029,1.0032,0.9959
Nylon,117.3,3.67,1.0009,0.9979,0.9996
Nylon,108.0,17.59,0.9959,1.004,1.0035
Nylon,181.3,16.69,0.998,0.9963,1.0026
Nylon,134.6,7.09,1.0008,0.9947,1.0041
Nylon,177.9,19.48,0.9992,1.0008,1.0011
Nylon,41.4,9.25,1.0003,1.0032,0.9999
Nylon,186.1,1.25,1.0013,0.9976,1.0026
Nylon,159.0,7.61,0.9958,0.9955,1.0034
Nylon,130.5,17.63,0.998,0.9968,0.9954
Nylon,44.2,19.59,0.9985,1.0031,1.0031
Nylon,96.3,17.93,0.9987,0.9968,0.995
Nylon,145.6,16.59,1.0023,0.9963,1.0001
Nylon,178.3,2.5,0.9981,0.9972,0.9989
